--------------------------------------------------------
--  파일이 생성됨 - 화요일-9월-19-2023   
--------------------------------------------------------
--------------------------------------------------------
--  DDL for Sequence BASKET_SEQ
--------------------------------------------------------

   CREATE SEQUENCE  "CGV_DB"."BASKET_SEQ"  MINVALUE 1 MAXVALUE 9999 INCREMENT BY 1 START WITH 1 NOCACHE  NOORDER  NOCYCLE ;
--------------------------------------------------------
--  DDL for Sequence MOVIERS_SEQ
--------------------------------------------------------

   CREATE SEQUENCE  "CGV_DB"."MOVIERS_SEQ"  MINVALUE 100000 MAXVALUE 9999999999999999999999999999 INCREMENT BY 1 START WITH 100075 NOCACHE  NOORDER  NOCYCLE ;
--------------------------------------------------------
--  DDL for Sequence MVPAY_SEQ
--------------------------------------------------------

   CREATE SEQUENCE  "CGV_DB"."MVPAY_SEQ"  MINVALUE 1 MAXVALUE 9999999999999999999999999999 INCREMENT BY 1 START WITH 55 NOCACHE  NOORDER  NOCYCLE ;
--------------------------------------------------------
--  DDL for Sequence SEAT_SEQ
--------------------------------------------------------

   CREATE SEQUENCE  "CGV_DB"."SEAT_SEQ"  MINVALUE 1 MAXVALUE 9999999999999999999999999999 INCREMENT BY 1 START WITH 80 NOCACHE  NOORDER  NOCYCLE ;
--------------------------------------------------------
--  DDL for Sequence SEQ_EVENT_ID
--------------------------------------------------------

   CREATE SEQUENCE  "CGV_DB"."SEQ_EVENT_ID"  MINVALUE 1 MAXVALUE 9999999999999999999999999999 INCREMENT BY 1 START WITH 41 CACHE 20 NOORDER  NOCYCLE ;
--------------------------------------------------------
--  DDL for Sequence SEQ_SHOW
--------------------------------------------------------

   CREATE SEQUENCE  "CGV_DB"."SEQ_SHOW"  MINVALUE 1 MAXVALUE 1000000 INCREMENT BY 1 START WITH 10072 NOCACHE  NOORDER  NOCYCLE ;
--------------------------------------------------------
--  DDL for Sequence SEQ_WIN_ID
--------------------------------------------------------

   CREATE SEQUENCE  "CGV_DB"."SEQ_WIN_ID"  MINVALUE 1 MAXVALUE 9999999999999999999999999999 INCREMENT BY 1 START WITH 81 CACHE 20 NOORDER  NOCYCLE ;
--------------------------------------------------------
--  DDL for Sequence STOREPAYMENT_SEQ
--------------------------------------------------------

   CREATE SEQUENCE  "CGV_DB"."STOREPAYMENT_SEQ"  MINVALUE 1 MAXVALUE 9999 INCREMENT BY 1 START WITH 1 NOCACHE  NOORDER  NOCYCLE ;
--------------------------------------------------------
--  DDL for Sequence ST_ORDER_SEQ
--------------------------------------------------------

   CREATE SEQUENCE  "CGV_DB"."ST_ORDER_SEQ"  MINVALUE 1 MAXVALUE 1000000 INCREMENT BY 1 START WITH 17 NOCACHE  NOORDER  NOCYCLE ;
--------------------------------------------------------
--  DDL for Sequence ST_PAY_SEQ
--------------------------------------------------------

   CREATE SEQUENCE  "CGV_DB"."ST_PAY_SEQ"  MINVALUE 1 MAXVALUE 1000000 INCREMENT BY 1 START WITH 4 NOCACHE  NOORDER  NOCYCLE ;
--------------------------------------------------------
--  DDL for Table ACTOR
--------------------------------------------------------

  CREATE TABLE "CGV_DB"."ACTOR" 
   (	"ACT_ID" NUMBER, 
	"ACT_NAME" NVARCHAR2(30), 
	"ACT_BIRTH" DATE, 
	"ACT_JOB" NVARCHAR2(10), 
	"ACT_NATIONAL" NVARCHAR2(15), 
	"ACT_PHYSICAL" NVARCHAR2(7), 
	"ACT_SUMMARY" NVARCHAR2(500)
   ) SEGMENT CREATION IMMEDIATE 
  PCTFREE 10 PCTUSED 40 INITRANS 1 MAXTRANS 255 NOCOMPRESS LOGGING
  STORAGE(INITIAL 65536 NEXT 1048576 MINEXTENTS 1 MAXEXTENTS 2147483645
  PCTINCREASE 0 FREELISTS 1 FREELIST GROUPS 1 BUFFER_POOL DEFAULT FLASH_CACHE DEFAULT CELL_FLASH_CACHE DEFAULT)
  TABLESPACE "SYSTEM" ;
--------------------------------------------------------
--  DDL for Table ATTR_POINT
--------------------------------------------------------

  CREATE TABLE "CGV_DB"."ATTR_POINT" 
   (	"MV_ID" NUMBER(10,0), 
	"CHARM_1" NUMBER(3,1) DEFAULT 0, 
	"CHARM_2" NUMBER(3,1) DEFAULT 0, 
	"CHARM_3" NUMBER(3,1) DEFAULT 0, 
	"CHARM_4" NUMBER(3,1) DEFAULT 0, 
	"CHARM_5" NUMBER(3,1) DEFAULT 0, 
	"EMOTION_1" NUMBER(3,1) DEFAULT 0, 
	"EMOTION_2" NUMBER(3,1) DEFAULT 0, 
	"EMOTION_3" NUMBER(3,1) DEFAULT 0, 
	"EMOTION_4" NUMBER(3,1) DEFAULT 0, 
	"EMOTION_5" NUMBER(3,1) DEFAULT 0
   ) SEGMENT CREATION IMMEDIATE 
  PCTFREE 10 PCTUSED 40 INITRANS 1 MAXTRANS 255 NOCOMPRESS LOGGING
  STORAGE(INITIAL 65536 NEXT 1048576 MINEXTENTS 1 MAXEXTENTS 2147483645
  PCTINCREASE 0 FREELISTS 1 FREELIST GROUPS 1 BUFFER_POOL DEFAULT FLASH_CACHE DEFAULT CELL_FLASH_CACHE DEFAULT)
  TABLESPACE "SYSTEM" ;
--------------------------------------------------------
--  DDL for Table BASKET
--------------------------------------------------------

  CREATE TABLE "CGV_DB"."BASKET" 
   (	"BASKET_ID" NUMBER, 
	"STORE_ID" NUMBER, 
	"B_COUNT" NUMBER(2,0)
   ) SEGMENT CREATION IMMEDIATE 
  PCTFREE 10 PCTUSED 40 INITRANS 1 MAXTRANS 255 NOCOMPRESS LOGGING
  STORAGE(INITIAL 65536 NEXT 1048576 MINEXTENTS 1 MAXEXTENTS 2147483645
  PCTINCREASE 0 FREELISTS 1 FREELIST GROUPS 1 BUFFER_POOL DEFAULT FLASH_CACHE DEFAULT CELL_FLASH_CACHE DEFAULT)
  TABLESPACE "SYSTEM" ;
--------------------------------------------------------
--  DDL for Table BASKET_ID
--------------------------------------------------------

  CREATE TABLE "CGV_DB"."BASKET_ID" 
   (	"BASKET_ID" NUMBER, 
	"USER_ID" VARCHAR2(12 BYTE)
   ) SEGMENT CREATION IMMEDIATE 
  PCTFREE 10 PCTUSED 40 INITRANS 1 MAXTRANS 255 NOCOMPRESS LOGGING
  STORAGE(INITIAL 65536 NEXT 1048576 MINEXTENTS 1 MAXEXTENTS 2147483645
  PCTINCREASE 0 FREELISTS 1 FREELIST GROUPS 1 BUFFER_POOL DEFAULT FLASH_CACHE DEFAULT CELL_FLASH_CACHE DEFAULT)
  TABLESPACE "SYSTEM" ;
--------------------------------------------------------
--  DDL for Table BOOKMARK_CGV
--------------------------------------------------------

  CREATE TABLE "CGV_DB"."BOOKMARK_CGV" 
   (	"USER_ID" VARCHAR2(12 BYTE), 
	"CINEMA_ID1" CHAR(4 BYTE), 
	"CINEMA_ID2" CHAR(4 BYTE), 
	"CINEMA_ID3" CHAR(4 BYTE), 
	"CINEMA_ID4" CHAR(4 BYTE), 
	"CINEMA_ID5" CHAR(4 BYTE)
   ) SEGMENT CREATION IMMEDIATE 
  PCTFREE 10 PCTUSED 40 INITRANS 1 MAXTRANS 255 NOCOMPRESS LOGGING
  STORAGE(INITIAL 65536 NEXT 1048576 MINEXTENTS 1 MAXEXTENTS 2147483645
  PCTINCREASE 0 FREELISTS 1 FREELIST GROUPS 1 BUFFER_POOL DEFAULT FLASH_CACHE DEFAULT CELL_FLASH_CACHE DEFAULT)
  TABLESPACE "SYSTEM" ;
--------------------------------------------------------
--  DDL for Table CARD_CATEGORY
--------------------------------------------------------

  CREATE TABLE "CGV_DB"."CARD_CATEGORY" 
   (	"CARD_ID" VARCHAR2(10 BYTE), 
	"CARD_CATEGORY" VARCHAR2(20 BYTE), 
	"TOTAL" NUMBER(7,0)
   ) SEGMENT CREATION IMMEDIATE 
  PCTFREE 10 PCTUSED 40 INITRANS 1 MAXTRANS 255 NOCOMPRESS LOGGING
  STORAGE(INITIAL 65536 NEXT 1048576 MINEXTENTS 1 MAXEXTENTS 2147483645
  PCTINCREASE 0 FREELISTS 1 FREELIST GROUPS 1 BUFFER_POOL DEFAULT FLASH_CACHE DEFAULT CELL_FLASH_CACHE DEFAULT)
  TABLESPACE "SYSTEM" ;
--------------------------------------------------------
--  DDL for Table CGV_CLUB
--------------------------------------------------------

  CREATE TABLE "CGV_DB"."CGV_CLUB" 
   (	"USER_ID" VARCHAR2(12 BYTE), 
	"CLUB_ID" VARCHAR2(25 BYTE), 
	"CLUB_CONT" VARCHAR2(200 BYTE), 
	"REGDATE" VARCHAR2(50 BYTE) DEFAULT SYSDATE /* 가입기간 */, 
	"CLUB_TITLE" VARCHAR2(100 BYTE)
   ) SEGMENT CREATION IMMEDIATE 
  PCTFREE 10 PCTUSED 40 INITRANS 1 MAXTRANS 255 NOCOMPRESS LOGGING
  STORAGE(INITIAL 65536 NEXT 1048576 MINEXTENTS 1 MAXEXTENTS 2147483645
  PCTINCREASE 0 FREELISTS 1 FREELIST GROUPS 1 BUFFER_POOL DEFAULT FLASH_CACHE DEFAULT CELL_FLASH_CACHE DEFAULT)
  TABLESPACE "SYSTEM" ;
--------------------------------------------------------
--  DDL for Table CGV_COUP
--------------------------------------------------------

  CREATE TABLE "CGV_DB"."CGV_COUP" 
   (	"USER_ID" VARCHAR2(12 BYTE), 
	"COUP_ID" NUMBER(15,0)
   ) SEGMENT CREATION IMMEDIATE 
  PCTFREE 10 PCTUSED 40 INITRANS 1 MAXTRANS 255 NOCOMPRESS LOGGING
  STORAGE(INITIAL 65536 NEXT 1048576 MINEXTENTS 1 MAXEXTENTS 2147483645
  PCTINCREASE 0 FREELISTS 1 FREELIST GROUPS 1 BUFFER_POOL DEFAULT FLASH_CACHE DEFAULT CELL_FLASH_CACHE DEFAULT)
  TABLESPACE "SYSTEM" ;
--------------------------------------------------------
--  DDL for Table CGV_GIFTCARD
--------------------------------------------------------

  CREATE TABLE "CGV_DB"."CGV_GIFTCARD" 
   (	"USER_ID" VARCHAR2(12 BYTE), 
	"CARD_ID" VARCHAR2(10 BYTE), 
	"USE_DATE" DATE, 
	"GIFTCARD_STATE" CHAR(1 BYTE), 
	"GIFTCARD_HISTORY" VARCHAR2(40 BYTE), 
	"GIFTCARD_PRICE" NUMBER(6,0)
   ) SEGMENT CREATION IMMEDIATE 
  PCTFREE 10 PCTUSED 40 INITRANS 1 MAXTRANS 255 NOCOMPRESS LOGGING
  STORAGE(INITIAL 65536 NEXT 1048576 MINEXTENTS 1 MAXEXTENTS 2147483645
  PCTINCREASE 0 FREELISTS 1 FREELIST GROUPS 1 BUFFER_POOL DEFAULT FLASH_CACHE DEFAULT CELL_FLASH_CACHE DEFAULT)
  TABLESPACE "SYSTEM" ;
--------------------------------------------------------
--  DDL for Table CGV_REDCARD
--------------------------------------------------------

  CREATE TABLE "CGV_DB"."CGV_REDCARD" 
   (	"USER_ID" VARCHAR2(12 BYTE), 
	"REDCARD_ID" VARCHAR2(10 BYTE), 
	"MV_ID" NUMBER(10,0), 
	"VIEW_DATETIME" DATE, 
	"CINEMA_ID" CHAR(4 BYTE), 
	"REDCARD_HISTORY" VARCHAR2(40 BYTE)
   ) SEGMENT CREATION IMMEDIATE 
  PCTFREE 10 PCTUSED 40 INITRANS 1 MAXTRANS 255 NOCOMPRESS LOGGING
  STORAGE(INITIAL 65536 NEXT 1048576 MINEXTENTS 1 MAXEXTENTS 2147483645
  PCTINCREASE 0 FREELISTS 1 FREELIST GROUPS 1 BUFFER_POOL DEFAULT FLASH_CACHE DEFAULT CELL_FLASH_CACHE DEFAULT)
  TABLESPACE "SYSTEM" ;
--------------------------------------------------------
--  DDL for Table CJONE_COUP
--------------------------------------------------------

  CREATE TABLE "CGV_DB"."CJONE_COUP" 
   (	"COUP_ID" NUMBER(15,0), 
	"USER_ID" VARCHAR2(12 BYTE)
   ) SEGMENT CREATION IMMEDIATE 
  PCTFREE 10 PCTUSED 40 INITRANS 1 MAXTRANS 255 NOCOMPRESS LOGGING
  STORAGE(INITIAL 65536 NEXT 1048576 MINEXTENTS 1 MAXEXTENTS 2147483645
  PCTINCREASE 0 FREELISTS 1 FREELIST GROUPS 1 BUFFER_POOL DEFAULT FLASH_CACHE DEFAULT CELL_FLASH_CACHE DEFAULT)
  TABLESPACE "SYSTEM" ;
--------------------------------------------------------
--  DDL for Table CJ_POINT
--------------------------------------------------------

  CREATE TABLE "CGV_DB"."CJ_POINT" 
   (	"USER_ID" VARCHAR2(12 BYTE), 
	"CJPOINT_TYPE" CHAR(1 BYTE), 
	"CINEMA_ID" CHAR(4 BYTE), 
	"CJPOINT" NUMBER(7,0), 
	"CJPOINT_DATE" DATE DEFAULT SYSDATE, 
	"MV_PAY_ID" NUMBER
   ) SEGMENT CREATION IMMEDIATE 
  PCTFREE 10 PCTUSED 40 INITRANS 1 MAXTRANS 255 NOCOMPRESS LOGGING
  STORAGE(INITIAL 65536 NEXT 1048576 MINEXTENTS 1 MAXEXTENTS 2147483645
  PCTINCREASE 0 FREELISTS 1 FREELIST GROUPS 1 BUFFER_POOL DEFAULT FLASH_CACHE DEFAULT CELL_FLASH_CACHE DEFAULT)
  TABLESPACE "SYSTEM" ;
--------------------------------------------------------
--  DDL for Table COUP_CATEGORY
--------------------------------------------------------

  CREATE TABLE "CGV_DB"."COUP_CATEGORY" 
   (	"COUP_ID" NUMBER(15,0), 
	"COUP_CATEGORY" VARCHAR2(30 BYTE), 
	"NAME" VARCHAR2(50 BYTE), 
	"EXP_START" DATE, 
	"EXP_END" DATE, 
	"CONTENT" VARCHAR2(50 BYTE), 
	"AVA_USE" VARCHAR2(10 BYTE), 
	"DISCOUNT" NUMBER(5,0)
   ) SEGMENT CREATION IMMEDIATE 
  PCTFREE 10 PCTUSED 40 INITRANS 1 MAXTRANS 255 NOCOMPRESS LOGGING
  STORAGE(INITIAL 65536 NEXT 1048576 MINEXTENTS 1 MAXEXTENTS 2147483645
  PCTINCREASE 0 FREELISTS 1 FREELIST GROUPS 1 BUFFER_POOL DEFAULT FLASH_CACHE DEFAULT CELL_FLASH_CACHE DEFAULT)
  TABLESPACE "SYSTEM" ;
--------------------------------------------------------
--  DDL for Table C_ACTOR
--------------------------------------------------------

  CREATE TABLE "CGV_DB"."C_ACTOR" 
   (	"CAST_ID" NUMBER, 
	"ACT_ID" NUMBER, 
	"MV_ID" NUMBER(10,0)
   ) SEGMENT CREATION IMMEDIATE 
  PCTFREE 10 PCTUSED 40 INITRANS 1 MAXTRANS 255 NOCOMPRESS LOGGING
  STORAGE(INITIAL 65536 NEXT 1048576 MINEXTENTS 1 MAXEXTENTS 2147483645
  PCTINCREASE 0 FREELISTS 1 FREELIST GROUPS 1 BUFFER_POOL DEFAULT FLASH_CACHE DEFAULT CELL_FLASH_CACHE DEFAULT)
  TABLESPACE "SYSTEM" ;
--------------------------------------------------------
--  DDL for Table DIRECTOR
--------------------------------------------------------

  CREATE TABLE "CGV_DB"."DIRECTOR" 
   (	"DT_ID" NUMBER(5,0), 
	"DT_NAME" NVARCHAR2(30), 
	"DT_SUMMARY" NVARCHAR2(500)
   ) SEGMENT CREATION IMMEDIATE 
  PCTFREE 10 PCTUSED 40 INITRANS 1 MAXTRANS 255 NOCOMPRESS LOGGING
  STORAGE(INITIAL 65536 NEXT 1048576 MINEXTENTS 1 MAXEXTENTS 2147483645
  PCTINCREASE 0 FREELISTS 1 FREELIST GROUPS 1 BUFFER_POOL DEFAULT FLASH_CACHE DEFAULT CELL_FLASH_CACHE DEFAULT)
  TABLESPACE "SYSTEM" ;
--------------------------------------------------------
--  DDL for Table DIS_CARD
--------------------------------------------------------

  CREATE TABLE "CGV_DB"."DIS_CARD" 
   (	"CARD_ID" NUMBER(3,0), 
	"CARD_NAME" VARCHAR2(50 BYTE), 
	"DISCOUNT_TYPE" VARCHAR2(50 BYTE), 
	"DISCOUNT_PRICE" VARCHAR2(20 BYTE), 
	"DISCOUNT_CONTENT" VARCHAR2(600 BYTE)
   ) SEGMENT CREATION IMMEDIATE 
  PCTFREE 10 PCTUSED 40 INITRANS 1 MAXTRANS 255 NOCOMPRESS LOGGING
  STORAGE(INITIAL 65536 NEXT 1048576 MINEXTENTS 1 MAXEXTENTS 2147483645
  PCTINCREASE 0 FREELISTS 1 FREELIST GROUPS 1 BUFFER_POOL DEFAULT FLASH_CACHE DEFAULT CELL_FLASH_CACHE DEFAULT)
  TABLESPACE "SYSTEM" ;
--------------------------------------------------------
--  DDL for Table DIS_TEL
--------------------------------------------------------

  CREATE TABLE "CGV_DB"."DIS_TEL" 
   (	"TEL_ID" NUMBER, 
	"T_TITLE" VARCHAR2(20 BYTE), 
	"T_CONT" VARCHAR2(600 BYTE), 
	"T_DATE_PERIOD" DATE, 
	"T_DATE_END" DATE, 
	"CARD_ID" NUMBER(3,0)
   ) SEGMENT CREATION IMMEDIATE 
  PCTFREE 10 PCTUSED 40 INITRANS 1 MAXTRANS 255 NOCOMPRESS LOGGING
  STORAGE(INITIAL 65536 NEXT 1048576 MINEXTENTS 1 MAXEXTENTS 2147483645
  PCTINCREASE 0 FREELISTS 1 FREELIST GROUPS 1 BUFFER_POOL DEFAULT FLASH_CACHE DEFAULT CELL_FLASH_CACHE DEFAULT)
  TABLESPACE "SYSTEM" ;
--------------------------------------------------------
--  DDL for Table EVENT
--------------------------------------------------------

  CREATE TABLE "CGV_DB"."EVENT" 
   (	"EVENT_ID" NUMBER(7,0), 
	"EVENT_TITLE" VARCHAR2(100 BYTE), 
	"EVENT_PERIOD" DATE, 
	"EVENT_END" DATE, 
	"EVENT_IMAGE" VARCHAR2(500 BYTE), 
	"THEATER_ID" CHAR(4 BYTE), 
	"EVENT_CATE" VARCHAR2(20 BYTE)
   ) SEGMENT CREATION IMMEDIATE 
  PCTFREE 10 PCTUSED 40 INITRANS 1 MAXTRANS 255 NOCOMPRESS LOGGING
  STORAGE(INITIAL 65536 NEXT 1048576 MINEXTENTS 1 MAXEXTENTS 2147483645
  PCTINCREASE 0 FREELISTS 1 FREELIST GROUPS 1 BUFFER_POOL DEFAULT FLASH_CACHE DEFAULT CELL_FLASH_CACHE DEFAULT)
  TABLESPACE "SYSTEM" ;
--------------------------------------------------------
--  DDL for Table EVENT_PART
--------------------------------------------------------

  CREATE TABLE "CGV_DB"."EVENT_PART" 
   (	"USER_ID" VARCHAR2(12 BYTE), 
	"EVENT_ID" NUMBER(7,0)
   ) SEGMENT CREATION IMMEDIATE 
  PCTFREE 10 PCTUSED 40 INITRANS 1 MAXTRANS 255 NOCOMPRESS LOGGING
  STORAGE(INITIAL 65536 NEXT 1048576 MINEXTENTS 1 MAXEXTENTS 2147483645
  PCTINCREASE 0 FREELISTS 1 FREELIST GROUPS 1 BUFFER_POOL DEFAULT FLASH_CACHE DEFAULT CELL_FLASH_CACHE DEFAULT)
  TABLESPACE "SYSTEM" ;
--------------------------------------------------------
--  DDL for Table GIFTCARD
--------------------------------------------------------

  CREATE TABLE "CGV_DB"."GIFTCARD" 
   (	"GIFTCARD_ID" NUMBER(3,0), 
	"GIFTCARD_NAME" VARCHAR2(50 BYTE), 
	"GIFTCARD_TYPE" VARCHAR2(20 BYTE), 
	"GIFTCARD_MONEYTYPE" NUMBER(7,0)
   ) SEGMENT CREATION IMMEDIATE 
  PCTFREE 10 PCTUSED 40 INITRANS 1 MAXTRANS 255 NOCOMPRESS LOGGING
  STORAGE(INITIAL 65536 NEXT 1048576 MINEXTENTS 1 MAXEXTENTS 2147483645
  PCTINCREASE 0 FREELISTS 1 FREELIST GROUPS 1 BUFFER_POOL DEFAULT FLASH_CACHE DEFAULT CELL_FLASH_CACHE DEFAULT)
  TABLESPACE "SYSTEM" ;
--------------------------------------------------------
--  DDL for Table MOVIE
--------------------------------------------------------

  CREATE TABLE "CGV_DB"."MOVIE" 
   (	"MV_ID" NUMBER(10,0), 
	"MV_TITLE" NVARCHAR2(100), 
	"MV_OPEN" DATE, 
	"MV_RT" VARCHAR2(10 BYTE), 
	"MV_NATION" VARCHAR2(30 BYTE), 
	"MV_GENRE" VARCHAR2(100 BYTE), 
	"MV_SUMMARY" NVARCHAR2(500), 
	"MV_GRADE" VARCHAR2(30 BYTE), 
	"MV_GOLEGG" VARCHAR2(15 BYTE)
   ) SEGMENT CREATION IMMEDIATE 
  PCTFREE 10 PCTUSED 40 INITRANS 1 MAXTRANS 255 NOCOMPRESS LOGGING
  STORAGE(INITIAL 65536 NEXT 1048576 MINEXTENTS 1 MAXEXTENTS 2147483645
  PCTINCREASE 0 FREELISTS 1 FREELIST GROUPS 1 BUFFER_POOL DEFAULT FLASH_CACHE DEFAULT CELL_FLASH_CACHE DEFAULT)
  TABLESPACE "SYSTEM" ;
--------------------------------------------------------
--  DDL for Table MOVIE_PAY
--------------------------------------------------------

  CREATE TABLE "CGV_DB"."MOVIE_PAY" 
   (	"MV_PAY_ID" NUMBER, 
	"USER_ID" VARCHAR2(12 BYTE), 
	"SHOW_ID" NUMBER, 
	"GIFTCARD_ID" NUMBER(3,0), 
	"PAY_WAY" NUMBER(3,0), 
	"POINT" NUMBER, 
	"COUP_ID" NUMBER, 
	"PAY_DATE" DATE DEFAULT SYSDATE, 
	"PAY_CAN_DATE" DATE, 
	"PAY_MONEY" NUMBER(7,0), 
	"MVRS_ID" VARCHAR2(20 BYTE), 
	"POINT_PAY" NUMBER
   ) SEGMENT CREATION IMMEDIATE 
  PCTFREE 10 PCTUSED 40 INITRANS 1 MAXTRANS 255 NOCOMPRESS LOGGING
  STORAGE(INITIAL 65536 NEXT 1048576 MINEXTENTS 1 MAXEXTENTS 2147483645
  PCTINCREASE 0 FREELISTS 1 FREELIST GROUPS 1 BUFFER_POOL DEFAULT FLASH_CACHE DEFAULT CELL_FLASH_CACHE DEFAULT)
  TABLESPACE "SYSTEM" ;
--------------------------------------------------------
--  DDL for Table MOVIE_RS
--------------------------------------------------------

  CREATE TABLE "CGV_DB"."MOVIE_RS" 
   (	"MVRS_ID" VARCHAR2(20 BYTE), 
	"SHOW_ID" NUMBER, 
	"USER_ID" VARCHAR2(12 BYTE), 
	"MVRS_DATE" DATE DEFAULT SYSDATE, 
	"MVRS_PRICE" NUMBER(7,0), 
	"SCREEN_ID" NUMBER, 
	"TOTCNT" NUMBER(1,0)
   ) SEGMENT CREATION IMMEDIATE 
  PCTFREE 10 PCTUSED 40 INITRANS 1 MAXTRANS 255 NOCOMPRESS LOGGING
  STORAGE(INITIAL 65536 NEXT 1048576 MINEXTENTS 1 MAXEXTENTS 2147483645
  PCTINCREASE 0 FREELISTS 1 FREELIST GROUPS 1 BUFFER_POOL DEFAULT FLASH_CACHE DEFAULT CELL_FLASH_CACHE DEFAULT)
  TABLESPACE "SYSTEM" ;
--------------------------------------------------------
--  DDL for Table MY_LOST
--------------------------------------------------------

  CREATE TABLE "CGV_DB"."MY_LOST" 
   (	"USER_ID" VARCHAR2(12 BYTE), 
	"LOST_ID" CHAR(4 BYTE), 
	"CINEMA_ID" CHAR(4 BYTE), 
	"LOST_CONTENT" CLOB, 
	"LOST_DATE" DATE DEFAULT SYSDATE, 
	"LOST_STATE" VARCHAR2(20 BYTE)
   ) SEGMENT CREATION IMMEDIATE 
  PCTFREE 10 PCTUSED 40 INITRANS 1 MAXTRANS 255 NOCOMPRESS LOGGING
  STORAGE(INITIAL 65536 NEXT 1048576 MINEXTENTS 1 MAXEXTENTS 2147483645
  PCTINCREASE 0 FREELISTS 1 FREELIST GROUPS 1 BUFFER_POOL DEFAULT FLASH_CACHE DEFAULT CELL_FLASH_CACHE DEFAULT)
  TABLESPACE "SYSTEM" 
 LOB ("LOST_CONTENT") STORE AS BASICFILE (
  TABLESPACE "SYSTEM" ENABLE STORAGE IN ROW CHUNK 8192 RETENTION 
  NOCACHE LOGGING 
  STORAGE(INITIAL 65536 NEXT 1048576 MINEXTENTS 1 MAXEXTENTS 2147483645
  PCTINCREASE 0 FREELISTS 1 FREELIST GROUPS 1 BUFFER_POOL DEFAULT FLASH_CACHE DEFAULT CELL_FLASH_CACHE DEFAULT)) ;
--------------------------------------------------------
--  DDL for Table MY_QNA
--------------------------------------------------------

  CREATE TABLE "CGV_DB"."MY_QNA" 
   (	"USER_ID" VARCHAR2(12 BYTE), 
	"QNA_ID" NUMBER(7,0), 
	"CINEMA_ID" CHAR(4 BYTE), 
	"QNA_TYPE" VARCHAR2(25 BYTE), 
	"QNA_TITLE" VARCHAR2(300 BYTE), 
	"QNA_CONTENT" CLOB, 
	"QNA_DATE" DATE DEFAULT SYSDATE, 
	"QNA_STATE" VARCHAR2(20 BYTE), 
	"QNA_SATISF" VARCHAR2(25 BYTE)
   ) SEGMENT CREATION IMMEDIATE 
  PCTFREE 10 PCTUSED 40 INITRANS 1 MAXTRANS 255 NOCOMPRESS LOGGING
  STORAGE(INITIAL 65536 NEXT 1048576 MINEXTENTS 1 MAXEXTENTS 2147483645
  PCTINCREASE 0 FREELISTS 1 FREELIST GROUPS 1 BUFFER_POOL DEFAULT FLASH_CACHE DEFAULT CELL_FLASH_CACHE DEFAULT)
  TABLESPACE "SYSTEM" 
 LOB ("QNA_CONTENT") STORE AS BASICFILE (
  TABLESPACE "SYSTEM" ENABLE STORAGE IN ROW CHUNK 8192 RETENTION 
  NOCACHE LOGGING 
  STORAGE(INITIAL 65536 NEXT 1048576 MINEXTENTS 1 MAXEXTENTS 2147483645
  PCTINCREASE 0 FREELISTS 1 FREELIST GROUPS 1 BUFFER_POOL DEFAULT FLASH_CACHE DEFAULT CELL_FLASH_CACHE DEFAULT)) ;
--------------------------------------------------------
--  DDL for Table MY_REVIEW
--------------------------------------------------------

  CREATE TABLE "CGV_DB"."MY_REVIEW" 
   (	"USER_ID" VARCHAR2(12 BYTE), 
	"MV_ID" NUMBER(10,0), 
	"RV_DATE" DATE DEFAULT SYSDATE, 
	"RV_CONTENT" CLOB, 
	"EMOTION_2" NUMBER(1,0) DEFAULT 0, 
	"EMOTION_3" NUMBER(1,0) DEFAULT 0, 
	"EMOTION_4" NUMBER(1,0) DEFAULT 0, 
	"EMOTION_5" NUMBER(1,0) DEFAULT 0, 
	"EMOTION_1" NUMBER(1,0) DEFAULT 0, 
	"CHARM_1" NUMBER(1,0) DEFAULT 0, 
	"CHARM_2" NUMBER(1,0) DEFAULT 0, 
	"CHARM_3" NUMBER(1,0) DEFAULT 0, 
	"CHARM_4" NUMBER(1,0) DEFAULT 0, 
	"CHARM_5" NUMBER(1,0) DEFAULT 0, 
	"RV_RECOM" NUMBER(3,0)
   ) SEGMENT CREATION IMMEDIATE 
  PCTFREE 10 PCTUSED 40 INITRANS 1 MAXTRANS 255 NOCOMPRESS LOGGING
  STORAGE(INITIAL 65536 NEXT 1048576 MINEXTENTS 1 MAXEXTENTS 2147483645
  PCTINCREASE 0 FREELISTS 1 FREELIST GROUPS 1 BUFFER_POOL DEFAULT FLASH_CACHE DEFAULT CELL_FLASH_CACHE DEFAULT)
  TABLESPACE "SYSTEM" 
 LOB ("RV_CONTENT") STORE AS BASICFILE (
  TABLESPACE "SYSTEM" ENABLE STORAGE IN ROW CHUNK 8192 RETENTION 
  NOCACHE LOGGING 
  STORAGE(INITIAL 65536 NEXT 1048576 MINEXTENTS 1 MAXEXTENTS 2147483645
  PCTINCREASE 0 FREELISTS 1 FREELIST GROUPS 1 BUFFER_POOL DEFAULT FLASH_CACHE DEFAULT CELL_FLASH_CACHE DEFAULT)) ;
--------------------------------------------------------
--  DDL for Table M_DIRECTOR
--------------------------------------------------------

  CREATE TABLE "CGV_DB"."M_DIRECTOR" 
   (	"M_ID" NUMBER, 
	"DT_ID" NUMBER(5,0), 
	"MV_ID" NUMBER(10,0)
   ) SEGMENT CREATION IMMEDIATE 
  PCTFREE 10 PCTUSED 40 INITRANS 1 MAXTRANS 255 NOCOMPRESS LOGGING
  STORAGE(INITIAL 65536 NEXT 1048576 MINEXTENTS 1 MAXEXTENTS 2147483645
  PCTINCREASE 0 FREELISTS 1 FREELIST GROUPS 1 BUFFER_POOL DEFAULT FLASH_CACHE DEFAULT CELL_FLASH_CACHE DEFAULT)
  TABLESPACE "SYSTEM" ;
--------------------------------------------------------
--  DDL for Table PAYCARD_COUP
--------------------------------------------------------

  CREATE TABLE "CGV_DB"."PAYCARD_COUP" 
   (	"USER_ID" VARCHAR2(12 BYTE), 
	"COUP_ID" NUMBER(15,0), 
	"USED_DATE" DATE, 
	"CINEMA_ID" CHAR(4 BYTE)
   ) SEGMENT CREATION IMMEDIATE 
  PCTFREE 10 PCTUSED 40 INITRANS 1 MAXTRANS 255 NOCOMPRESS LOGGING
  STORAGE(INITIAL 65536 NEXT 1048576 MINEXTENTS 1 MAXEXTENTS 2147483645
  PCTINCREASE 0 FREELISTS 1 FREELIST GROUPS 1 BUFFER_POOL DEFAULT FLASH_CACHE DEFAULT CELL_FLASH_CACHE DEFAULT)
  TABLESPACE "SYSTEM" ;
--------------------------------------------------------
--  DDL for Table POINT_HISTORY
--------------------------------------------------------

  CREATE TABLE "CGV_DB"."POINT_HISTORY" 
   (	"HISTORY_ID" NUMBER, 
	"USER_ID" VARCHAR2(12 BYTE), 
	"POINT_UPDATED" NUMBER(7,0), 
	"UPDATE_DATE" DATE
   ) SEGMENT CREATION IMMEDIATE 
  PCTFREE 10 PCTUSED 40 INITRANS 1 MAXTRANS 255 NOCOMPRESS LOGGING
  STORAGE(INITIAL 65536 NEXT 1048576 MINEXTENTS 1 MAXEXTENTS 2147483645
  PCTINCREASE 0 FREELISTS 1 FREELIST GROUPS 1 BUFFER_POOL DEFAULT FLASH_CACHE DEFAULT CELL_FLASH_CACHE DEFAULT)
  TABLESPACE "SYSTEM" ;
--------------------------------------------------------
--  DDL for Table REGION
--------------------------------------------------------

  CREATE TABLE "CGV_DB"."REGION" 
   (	"REGION_ID" NUMBER(3,0), 
	"REGION_NAME" NVARCHAR2(8)
   ) SEGMENT CREATION IMMEDIATE 
  PCTFREE 10 PCTUSED 40 INITRANS 1 MAXTRANS 255 NOCOMPRESS LOGGING
  STORAGE(INITIAL 65536 NEXT 1048576 MINEXTENTS 1 MAXEXTENTS 2147483645
  PCTINCREASE 0 FREELISTS 1 FREELIST GROUPS 1 BUFFER_POOL DEFAULT FLASH_CACHE DEFAULT CELL_FLASH_CACHE DEFAULT)
  TABLESPACE "SYSTEM" ;
--------------------------------------------------------
--  DDL for Table SCREEN
--------------------------------------------------------

  CREATE TABLE "CGV_DB"."SCREEN" 
   (	"SCREEN_ID" NUMBER, 
	"SCREEN_CATEGORY_ID" NUMBER, 
	"THEATER_ID" CHAR(4 BYTE), 
	"SCREEN_ALLCNT" NUMBER(3,0)
   ) SEGMENT CREATION IMMEDIATE 
  PCTFREE 10 PCTUSED 40 INITRANS 1 MAXTRANS 255 NOCOMPRESS LOGGING
  STORAGE(INITIAL 65536 NEXT 1048576 MINEXTENTS 1 MAXEXTENTS 2147483645
  PCTINCREASE 0 FREELISTS 1 FREELIST GROUPS 1 BUFFER_POOL DEFAULT FLASH_CACHE DEFAULT CELL_FLASH_CACHE DEFAULT)
  TABLESPACE "SYSTEM" ;
--------------------------------------------------------
--  DDL for Table SCREEN_CAT
--------------------------------------------------------

  CREATE TABLE "CGV_DB"."SCREEN_CAT" 
   (	"SCREEN_CATEGORY_ID" NUMBER, 
	"SCREEN_CATEGORY" NVARCHAR2(25), 
	"NORMAL" NUMBER(5,0), 
	"PREFER" NUMBER(5,0), 
	"OLD" NUMBER(5,0), 
	"CHILD" NUMBER(5,0)
   ) SEGMENT CREATION IMMEDIATE 
  PCTFREE 10 PCTUSED 40 INITRANS 1 MAXTRANS 255 NOCOMPRESS LOGGING
  STORAGE(INITIAL 65536 NEXT 1048576 MINEXTENTS 1 MAXEXTENTS 2147483645
  PCTINCREASE 0 FREELISTS 1 FREELIST GROUPS 1 BUFFER_POOL DEFAULT FLASH_CACHE DEFAULT CELL_FLASH_CACHE DEFAULT)
  TABLESPACE "SYSTEM" ;
--------------------------------------------------------
--  DDL for Table SEAT
--------------------------------------------------------

  CREATE TABLE "CGV_DB"."SEAT" 
   (	"SCREEN_ID" NUMBER, 
	"SEAT_CODE" VARCHAR2(4 BYTE), 
	"SEAT_GRADE" VARCHAR2(15 BYTE), 
	"SEAT_CATEGORY" VARCHAR2(25 BYTE)
   ) SEGMENT CREATION IMMEDIATE 
  PCTFREE 10 PCTUSED 40 INITRANS 1 MAXTRANS 255 NOCOMPRESS LOGGING
  STORAGE(INITIAL 65536 NEXT 1048576 MINEXTENTS 1 MAXEXTENTS 2147483645
  PCTINCREASE 0 FREELISTS 1 FREELIST GROUPS 1 BUFFER_POOL DEFAULT FLASH_CACHE DEFAULT CELL_FLASH_CACHE DEFAULT)
  TABLESPACE "SYSTEM" ;
--------------------------------------------------------
--  DDL for Table SEAT_RS
--------------------------------------------------------

  CREATE TABLE "CGV_DB"."SEAT_RS" 
   (	"SHOW_ID" NUMBER, 
	"SEAT_CODE" VARCHAR2(4 BYTE), 
	"SEAT_RS_ID" NUMBER, 
	"MVRS_ID" VARCHAR2(20 BYTE), 
	"SCREEN_ID" NUMBER
   ) SEGMENT CREATION IMMEDIATE 
  PCTFREE 10 PCTUSED 40 INITRANS 1 MAXTRANS 255 NOCOMPRESS LOGGING
  STORAGE(INITIAL 65536 NEXT 1048576 MINEXTENTS 1 MAXEXTENTS 2147483645
  PCTINCREASE 0 FREELISTS 1 FREELIST GROUPS 1 BUFFER_POOL DEFAULT FLASH_CACHE DEFAULT CELL_FLASH_CACHE DEFAULT)
  TABLESPACE "SYSTEM" ;
--------------------------------------------------------
--  DDL for Table SHOW
--------------------------------------------------------

  CREATE TABLE "CGV_DB"."SHOW" 
   (	"SHOW_ID" NUMBER, 
	"SCREEN_ID" NUMBER, 
	"MOVIE_ID" NUMBER(10,0), 
	"END_TIME" DATE, 
	"START_TIME" DATE
   ) SEGMENT CREATION IMMEDIATE 
  PCTFREE 10 PCTUSED 40 INITRANS 1 MAXTRANS 255 NOCOMPRESS LOGGING
  STORAGE(INITIAL 65536 NEXT 1048576 MINEXTENTS 1 MAXEXTENTS 2147483645
  PCTINCREASE 0 FREELISTS 1 FREELIST GROUPS 1 BUFFER_POOL DEFAULT FLASH_CACHE DEFAULT CELL_FLASH_CACHE DEFAULT)
  TABLESPACE "SYSTEM" ;
--------------------------------------------------------
--  DDL for Table STORE
--------------------------------------------------------

  CREATE TABLE "CGV_DB"."STORE" 
   (	"STORE_ID" NUMBER, 
	"S_PRICE" NUMBER(6,0), 
	"ST_DISC_RATE" NUMBER, 
	"S_DATE" DATE DEFAULT SYSDATE, 
	"S_TITLE" VARCHAR2(50 BYTE), 
	"S_CATEGORY" NVARCHAR2(10)
   ) SEGMENT CREATION IMMEDIATE 
  PCTFREE 10 PCTUSED 40 INITRANS 1 MAXTRANS 255 NOCOMPRESS LOGGING
  STORAGE(INITIAL 65536 NEXT 1048576 MINEXTENTS 1 MAXEXTENTS 2147483645
  PCTINCREASE 0 FREELISTS 1 FREELIST GROUPS 1 BUFFER_POOL DEFAULT FLASH_CACHE DEFAULT CELL_FLASH_CACHE DEFAULT)
  TABLESPACE "SYSTEM" ;
--------------------------------------------------------
--  DDL for Table STORE_ORDER
--------------------------------------------------------

  CREATE TABLE "CGV_DB"."STORE_ORDER" 
   (	"ST_ORDER_ID" NUMBER, 
	"STORE_ID" NUMBER, 
	"USER_ID" VARCHAR2(12 BYTE), 
	"ST_CNT" NUMBER(2,0), 
	"ST_CURR_PRICE" NUMBER, 
	"BASKET_ID" NUMBER, 
	"ST_STATE" VARCHAR2(30 BYTE) DEFAULT '결제전'
   ) SEGMENT CREATION IMMEDIATE 
  PCTFREE 10 PCTUSED 40 INITRANS 1 MAXTRANS 255 NOCOMPRESS LOGGING
  STORAGE(INITIAL 65536 NEXT 1048576 MINEXTENTS 1 MAXEXTENTS 2147483645
  PCTINCREASE 0 FREELISTS 1 FREELIST GROUPS 1 BUFFER_POOL DEFAULT FLASH_CACHE DEFAULT CELL_FLASH_CACHE DEFAULT)
  TABLESPACE "SYSTEM" ;
--------------------------------------------------------
--  DDL for Table STORE_PAYMENT
--------------------------------------------------------

  CREATE TABLE "CGV_DB"."STORE_PAYMENT" 
   (	"PAY_ID" NUMBER, 
	"FINAL_MONEY" NUMBER, 
	"ST_POINT" NUMBER, 
	"ST_PAY_OPTION" VARCHAR2(30 BYTE), 
	"ST_PAY_DATE" DATE, 
	"ST_PAT_CAL_DATE" DATE, 
	"RC_NAME" VARCHAR2(10 BYTE), 
	"RC_NUMBER" VARCHAR2(13 BYTE), 
	"ST_DELIVERY_REQUEST" NVARCHAR2(100), 
	"ST_ORDER_ID" NUMBER
   ) SEGMENT CREATION IMMEDIATE 
  PCTFREE 10 PCTUSED 40 INITRANS 1 MAXTRANS 255 NOCOMPRESS LOGGING
  STORAGE(INITIAL 65536 NEXT 1048576 MINEXTENTS 1 MAXEXTENTS 2147483645
  PCTINCREASE 0 FREELISTS 1 FREELIST GROUPS 1 BUFFER_POOL DEFAULT FLASH_CACHE DEFAULT CELL_FLASH_CACHE DEFAULT)
  TABLESPACE "SYSTEM" ;
--------------------------------------------------------
--  DDL for Table TEMPORARY
--------------------------------------------------------

  CREATE TABLE "CGV_DB"."TEMPORARY" 
   (	"TEMP_ID" NUMBER, 
	"TEMP_CAT" NVARCHAR2(10), 
	"TITLE" NVARCHAR2(50), 
	"CONTENT" CLOB, 
	"REGDATE" DATE, 
	"VIEW_CNT" NUMBER
   ) SEGMENT CREATION IMMEDIATE 
  PCTFREE 10 PCTUSED 40 INITRANS 1 MAXTRANS 255 NOCOMPRESS LOGGING
  STORAGE(INITIAL 65536 NEXT 1048576 MINEXTENTS 1 MAXEXTENTS 2147483645
  PCTINCREASE 0 FREELISTS 1 FREELIST GROUPS 1 BUFFER_POOL DEFAULT FLASH_CACHE DEFAULT CELL_FLASH_CACHE DEFAULT)
  TABLESPACE "SYSTEM" 
 LOB ("CONTENT") STORE AS BASICFILE (
  TABLESPACE "SYSTEM" ENABLE STORAGE IN ROW CHUNK 8192 RETENTION 
  NOCACHE LOGGING 
  STORAGE(INITIAL 65536 NEXT 1048576 MINEXTENTS 1 MAXEXTENTS 2147483645
  PCTINCREASE 0 FREELISTS 1 FREELIST GROUPS 1 BUFFER_POOL DEFAULT FLASH_CACHE DEFAULT CELL_FLASH_CACHE DEFAULT)) ;
--------------------------------------------------------
--  DDL for Table THEATER
--------------------------------------------------------

  CREATE TABLE "CGV_DB"."THEATER" 
   (	"THEATER_ID" CHAR(4 BYTE), 
	"REGION_ID" NUMBER(3,0), 
	"TT_NAME" NVARCHAR2(20), 
	"TT_ADR" NVARCHAR2(100), 
	"TT_SC_ALLCNT" NUMBER(2,0), 
	"TT_SE_ALLCNT" NUMBER(4,0), 
	"THEATER_SUM" NVARCHAR2(100)
   ) SEGMENT CREATION IMMEDIATE 
  PCTFREE 10 PCTUSED 40 INITRANS 1 MAXTRANS 255 NOCOMPRESS LOGGING
  STORAGE(INITIAL 65536 NEXT 1048576 MINEXTENTS 1 MAXEXTENTS 2147483645
  PCTINCREASE 0 FREELISTS 1 FREELIST GROUPS 1 BUFFER_POOL DEFAULT FLASH_CACHE DEFAULT CELL_FLASH_CACHE DEFAULT)
  TABLESPACE "SYSTEM" ;
--------------------------------------------------------
--  DDL for Table TRAILER
--------------------------------------------------------

  CREATE TABLE "CGV_DB"."TRAILER" 
   (	"MV_ID" NUMBER(10,0), 
	"DB_TITLE" NVARCHAR2(20), 
	"DB_PATH" VARCHAR2(500 BYTE)
   ) SEGMENT CREATION IMMEDIATE 
  PCTFREE 10 PCTUSED 40 INITRANS 1 MAXTRANS 255 NOCOMPRESS LOGGING
  STORAGE(INITIAL 65536 NEXT 1048576 MINEXTENTS 1 MAXEXTENTS 2147483645
  PCTINCREASE 0 FREELISTS 1 FREELIST GROUPS 1 BUFFER_POOL DEFAULT FLASH_CACHE DEFAULT CELL_FLASH_CACHE DEFAULT)
  TABLESPACE "SYSTEM" ;
--------------------------------------------------------
--  DDL for Table USER_INFO
--------------------------------------------------------

  CREATE TABLE "CGV_DB"."USER_INFO" 
   (	"USER_ID" VARCHAR2(12 BYTE), 
	"USER_NAME" VARCHAR2(20 BYTE), 
	"USER_PWD" VARCHAR2(12 BYTE), 
	"NICKNAME" VARCHAR2(30 BYTE), 
	"BIRTH" DATE, 
	"ADDRESS" VARCHAR2(100 BYTE), 
	"EMAIL" VARCHAR2(30 BYTE), 
	"GENDER" CHAR(1 BYTE), 
	"VIPGRADE" VARCHAR2(10 BYTE) DEFAULT '일반', 
	"TEL" VARCHAR2(15 BYTE), 
	"USER_CJPOINT" NUMBER(7,0) DEFAULT 0
   ) SEGMENT CREATION IMMEDIATE 
  PCTFREE 10 PCTUSED 40 INITRANS 1 MAXTRANS 255 NOCOMPRESS LOGGING
  STORAGE(INITIAL 65536 NEXT 1048576 MINEXTENTS 1 MAXEXTENTS 2147483645
  PCTINCREASE 0 FREELISTS 1 FREELIST GROUPS 1 BUFFER_POOL DEFAULT FLASH_CACHE DEFAULT CELL_FLASH_CACHE DEFAULT)
  TABLESPACE "SYSTEM" ;
--------------------------------------------------------
--  DDL for Table VIEW_HISTORY
--------------------------------------------------------

  CREATE TABLE "CGV_DB"."VIEW_HISTORY" 
   (	"USER_ID" VARCHAR2(12 BYTE), 
	"MV_ID" NUMBER(10,0), 
	"MV_TITLE" NVARCHAR2(100), 
	"VIEW_DATETIME" DATE, 
	"CINEMA_ID" CHAR(4 BYTE), 
	"THEATER_ID" CHAR(4 BYTE), 
	"NUM_PEOPLE" NUMBER(1,0), 
	"MY_MVREVIEW" CHAR(1 BYTE)
   ) SEGMENT CREATION IMMEDIATE 
  PCTFREE 10 PCTUSED 40 INITRANS 1 MAXTRANS 255 NOCOMPRESS LOGGING
  STORAGE(INITIAL 65536 NEXT 1048576 MINEXTENTS 1 MAXEXTENTS 2147483645
  PCTINCREASE 0 FREELISTS 1 FREELIST GROUPS 1 BUFFER_POOL DEFAULT FLASH_CACHE DEFAULT CELL_FLASH_CACHE DEFAULT)
  TABLESPACE "SYSTEM" ;
--------------------------------------------------------
--  DDL for Table VIP_GRADE
--------------------------------------------------------

  CREATE TABLE "CGV_DB"."VIP_GRADE" 
   (	"USER_ID" VARCHAR2(12 BYTE), 
	"VIP_DATE" DATE, 
	"RVIP_DATE" DATE, 
	"VVIP_DATE" DATE, 
	"SVIP_DATE" DATE
   ) SEGMENT CREATION IMMEDIATE 
  PCTFREE 10 PCTUSED 40 INITRANS 1 MAXTRANS 255 NOCOMPRESS LOGGING
  STORAGE(INITIAL 65536 NEXT 1048576 MINEXTENTS 1 MAXEXTENTS 2147483645
  PCTINCREASE 0 FREELISTS 1 FREELIST GROUPS 1 BUFFER_POOL DEFAULT FLASH_CACHE DEFAULT CELL_FLASH_CACHE DEFAULT)
  TABLESPACE "SYSTEM" ;
--------------------------------------------------------
--  DDL for Table WINNER
--------------------------------------------------------

  CREATE TABLE "CGV_DB"."WINNER" 
   (	"WIN_ID" NUMBER, 
	"USER_ID" VARCHAR2(12 BYTE), 
	"EVENT_ID2" NUMBER(7,0)
   ) SEGMENT CREATION IMMEDIATE 
  PCTFREE 10 PCTUSED 40 INITRANS 1 MAXTRANS 255 NOCOMPRESS LOGGING
  STORAGE(INITIAL 65536 NEXT 1048576 MINEXTENTS 1 MAXEXTENTS 2147483645
  PCTINCREASE 0 FREELISTS 1 FREELIST GROUPS 1 BUFFER_POOL DEFAULT FLASH_CACHE DEFAULT CELL_FLASH_CACHE DEFAULT)
  TABLESPACE "SYSTEM" ;
--------------------------------------------------------
--  DDL for Table WISH_MOVIE
--------------------------------------------------------

  CREATE TABLE "CGV_DB"."WISH_MOVIE" 
   (	"USER_ID" VARCHAR2(12 BYTE), 
	"MV_ID" NUMBER(10,0)
   ) SEGMENT CREATION IMMEDIATE 
  PCTFREE 10 PCTUSED 40 INITRANS 1 MAXTRANS 255 NOCOMPRESS LOGGING
  STORAGE(INITIAL 65536 NEXT 1048576 MINEXTENTS 1 MAXEXTENTS 2147483645
  PCTINCREASE 0 FREELISTS 1 FREELIST GROUPS 1 BUFFER_POOL DEFAULT FLASH_CACHE DEFAULT CELL_FLASH_CACHE DEFAULT)
  TABLESPACE "SYSTEM" ;
--------------------------------------------------------
--  DDL for View CGV_COUP_VIEW
--------------------------------------------------------

  CREATE OR REPLACE FORCE VIEW "CGV_DB"."CGV_COUP_VIEW" ("USER_ID", "COUP_ID", "NAME", "EXP", "AVA_USE", "CONTENT") AS 
  SELECT user_id,c.coup_id, name, TO_CHAR(exp_start, 'YYYY-MM-DD') || '~' || TO_CHAR(exp_end, 'YYYY-MM-DD') exp
         , CASE WHEN ava_use LIKE '%ON%' THEN '홈페이지 APP' ELSE '오프라인' END ava_use, content
    FROM coup_category c JOIN cgv_coup g ON c.coup_id = g.coup_id
;
--------------------------------------------------------
--  DDL for View CJ_COUP_VIEW
--------------------------------------------------------

  CREATE OR REPLACE FORCE VIEW "CGV_DB"."CJ_COUP_VIEW" ("USER_ID", "COUP_ID", "NAME", "EXP", "AVA_USE", "CONTENT") AS 
  SELECT user_id, c.coup_id, name, TO_CHAR(exp_start, 'YYYY-MM-DD') || '~' || TO_CHAR(exp_end, 'YYYY-MM-DD') exp
         , CASE WHEN ava_use LIKE '%ON%' THEN '홈페이지 APP' ELSE '오프라인' END ava_use, content
    FROM coup_category c JOIN cjone_coup j ON c.coup_id = j.coup_id
;
--------------------------------------------------------
--  DDL for View GIFTCARD_VIEW
--------------------------------------------------------

  CREATE OR REPLACE FORCE VIEW "CGV_DB"."GIFTCARD_VIEW" ("CARD_ID", "CARD_CATEGORY", "USER_ID", "USE_DATE", "GIFTCARD_STATE", "GIFTCARD_HISTORY", "GIFTCARD_PRICE") AS 
  SELECT t.card_id, card_category, user_id, NVL(use_date, SYSDATE) use_date, DECODE(NVL(giftcard_state, 0), 0, '사용 전', '사용 중/사용 완료') giftcard_state, NVL(giftcard_history, '사용 내역 없음')giftcard_history, NVL(giftcard_price, total)giftcard_price
    FROM card_category t JOIN cgv_giftcard g ON t.card_id = g.card_id
;
--------------------------------------------------------
--  DDL for View MY_EVENT_VIEW
--------------------------------------------------------

  CREATE OR REPLACE FORCE VIEW "CGV_DB"."MY_EVENT_VIEW" ("USER_ID", "EVENT_CATE", "EVENT_TITLE", "EVENT_PERIOD", "EVENT_END") AS 
  SELECT p.user_id, e.event_cate, e.event_title,e.event_period, e.event_end
    FROM event e join event_part p ON e.event_id = p.event_id
;
--------------------------------------------------------
--  DDL for View MY_INFO_VIEW
--------------------------------------------------------

  CREATE OR REPLACE FORCE VIEW "CGV_DB"."MY_INFO_VIEW" ("USER_NAME", "NICKNAME", "VIPGRADE", "COUNT_COUP", "USER_CJPOINT", "USER_ID", "MVRS_DATE", "SCREEN_ID", "SEAT_CODE", "MV_TITLE", "START_TIME", "SHOW_ID", "MVRS_ID") AS 
  SELECT i.user_name, i.nickname, i.vipgrade
       , count(v.coup_id) count_coup
       , i.user_cjpoint,  i.user_id, r.mvrs_date, r.screen_id, s.seat_code
       , h.mv_title, w.start_time, r.show_id, s.mvrs_id
  FROM user_info i FULL OUTER JOIN cgv_redcard c ON i.user_id = c.user_id
                     FULL OUTER JOIN cgv_coup v ON i.user_id = v.user_id
                     FULL OUTER JOIN movie_rs r ON i.user_id = r.user_id
                     FULL OUTER JOIN my_qna q ON i.user_id = q.user_id
                     FULL OUTER JOIN vip_grade g ON i.user_id = g.user_id
                     FULL OUTER JOIN seat_rs s ON s.mvrs_id = r.mvrs_id
                     FULL OUTER JOIN view_history h ON i.user_id = h.user_id
                     FULL OUTER JOIN show w ON w.screen_id = s.screen_id
  group by v.coup_id, i.user_name, i.nickname, i.vipgrade, i.user_cjpoint, 
           i.user_id, r.mvrs_date, r.screen_id, s.seat_code, h.mv_title,h.view_datetime, w.start_time, r.show_id, s.mvrs_id
;
--------------------------------------------------------
--  DDL for View PAYCARD_COUP_VIEW
--------------------------------------------------------

  CREATE OR REPLACE FORCE VIEW "CGV_DB"."PAYCARD_COUP_VIEW" ("USER_ID", "COUP_ID", "NAME", "EXP", "AVA_USE", "CONTENT") AS 
  SELECT user_id, c.coup_id, name, TO_CHAR(exp_start, 'YYYY-MM-DD') || '~' || TO_CHAR(exp_end, 'YYYY-MM-DD') exp
         , CASE WHEN ava_use LIKE '%ON%' THEN '홈페이지 APP' ELSE '오프라인' END ava_use, content
    FROM coup_category c JOIN paycard_coup p ON c.coup_id = p.coup_id
;
--------------------------------------------------------
--  DDL for View REDCARD_VIEW
--------------------------------------------------------

  CREATE OR REPLACE FORCE VIEW "CGV_DB"."REDCARD_VIEW" ("USER_ID", "MV_ID", "MV_TITLE", "VIEW_DATETIME", "CINEMA_ID", "REDCARD_HISTORY") AS 
  SELECT c.user_id, m.mv_id, m.mv_title, c.view_datetime, c.cinema_id, c.redcard_history
    FROM cgv_redcard c join movie m ON c.mv_id = m.mv_id
;
--------------------------------------------------------
--  DDL for View TESTVIEW
--------------------------------------------------------

  CREATE OR REPLACE FORCE VIEW "CGV_DB"."TESTVIEW" ("USER_NAME", "NICKNAME", "VIPGRADE", "COUP_ID", "USER_CJPOINT", "VIP_SCORE", "USER_ID", "MVRS_DATE", "SCREEN_ID", "SEAT_CODE") AS 
  SELECT i.user_name, i.nickname, i.vipgrade, v.coup_id, i.user_cjpoint, 
           g.vip_score, i.user_id, r.mvrs_date, r.screen_id, s.seat_code
	FROM user_info i JOIN cgv_redcard c ON i.user_id = c.user_id
                     JOIN cgv_coup v ON i.user_id = v.user_id
                     JOIN movie_rs r ON i.user_id = r.user_id
                     JOIN my_qna q ON i.user_id = q.user_id
                     JOIN vip_grade g ON i.user_id = g.user_id
                     JOIN seat_rs s ON s.mvrs_id = r.mvrs_id
    WHERE i.user_id = 'moonlight12'
;
--------------------------------------------------------
--  DDL for View UV_LIST
--------------------------------------------------------

  CREATE OR REPLACE FORCE VIEW "CGV_DB"."UV_LIST" ("THEATER_ID", "MV_TITLE", "MV_GENRE", "MV_RT", "MV_OPEN", "START_TIME", "SCREEN_ALLCNT", "SEAT") AS 
  SELECT t.theater_id,M.MV_TITLE, M.MV_GENRE, M.MV_RT,M.MV_OPEN,H.START_TIME, s.SCREEN_ALLCNT,s.SCREEN_ALLCNT-NVL(mr.rc,0)seat
FROM THEATER t JOIN SCREEN s ON t.THEATER_ID = s.THEATER_ID JOIN SHOW h ON s.SCREEN_ID = h.SCREEN_ID
LEFT JOIN (SELECT SHOW_ID, SUM(totcnt)rc
FROM movie_rs
GROUP BY show_id)mr ON h.show_id = mr.show_id
JOIN MOVIE m ON h.MOVIE_ID = m.MV_ID
 
;
--------------------------------------------------------
--  DDL for View UV_RSRATE
--------------------------------------------------------

  CREATE OR REPLACE FORCE VIEW "CGV_DB"."UV_RSRATE" ("MV_TITLE", "예매율") AS 
  (
    SELECT mv_title
            , ROUND(COUNT(r.mvrs_id) / (SELECT COUNT(*) FROM movie_rs WHERE TO_CHAR(MVRS_DATE, 'YYMM') BETWEEN TO_CHAR(ADD_MONTHS(SYSDATE, -1), 'YYMM') AND TO_CHAR(SYSDATE, 'YYMM')), 1) * 100 || '%' "예매율"
        FROM show s JOIN movie m ON s.movie_id = m.mv_id
                    LEFT JOIN movie_rs r ON s.show_id = r.show_id
        WHERE TO_CHAR(MVRS_DATE, 'YYMM') BETWEEN TO_CHAR(ADD_MONTHS(SYSDATE, -1), 'YYMM') AND TO_CHAR(SYSDATE, 'YYMM')
        GROUP BY mv_title
);

   COMMENT ON TABLE "CGV_DB"."UV_RSRATE"  IS '이 뷰는 뭐냐 하면 예매율이다.'
;
--------------------------------------------------------
--  DDL for View WATCHVIEW
--------------------------------------------------------

  CREATE OR REPLACE FORCE VIEW "CGV_DB"."WATCHVIEW" ("USER_ID", "MOVIE_ID", "MV_TITLE", "START_TIME", "THEATER_ID", "SCREEN_ID", "TOTCNT", "SHOW_ID") AS 
  SELECT user_id, movie_id, mv_title, start_time, t.theater_id, c.screen_id, totcnt,s.show_id
    FROM show s FULL JOIN movie m ON s.movie_id = m.mv_id
                FULL JOIN movie_rs r ON s.show_id = r.show_id
                FULL JOIN screen c ON s.screen_id = c.screen_id
                FULL JOIN theater t ON t.theater_id = c.theater_id
                FULL JOIN screen_cat a ON a.screen_category_id = c.screen_category_id
;
--------------------------------------------------------
--  DDL for View 하이기범
--------------------------------------------------------

  CREATE OR REPLACE FORCE VIEW "CGV_DB"."하이기범" ("기범하이") AS 
  (SELECT '기범하이' 기범하이 FROM dual)
;
REM INSERTING into CGV_DB.ACTOR
SET DEFINE OFF;
Insert into CGV_DB.ACTOR (ACT_ID,ACT_NAME,ACT_BIRTH,ACT_JOB,ACT_NATIONAL,ACT_PHYSICAL,ACT_SUMMARY) values (1,'아이유',to_date('93/05/16','RR/MM/DD'),'가수','한국',null,null);
Insert into CGV_DB.ACTOR (ACT_ID,ACT_NAME,ACT_BIRTH,ACT_JOB,ACT_NATIONAL,ACT_PHYSICAL,ACT_SUMMARY) values (2,'케네스 브래너',to_date('60/12/10','RR/MM/DD'),'배우','영국',null,null);
Insert into CGV_DB.ACTOR (ACT_ID,ACT_NAME,ACT_BIRTH,ACT_JOB,ACT_NATIONAL,ACT_PHYSICAL,ACT_SUMMARY) values (3,'양자경',to_date('62/08/06','RR/MM/DD'),'배우','말레이시아',null,null);
Insert into CGV_DB.ACTOR (ACT_ID,ACT_NAME,ACT_BIRTH,ACT_JOB,ACT_NATIONAL,ACT_PHYSICAL,ACT_SUMMARY) values (4,'카일 앨런',to_date('94/10/10','RR/MM/DD'),'배우','미국',null,null);
Insert into CGV_DB.ACTOR (ACT_ID,ACT_NAME,ACT_BIRTH,ACT_JOB,ACT_NATIONAL,ACT_PHYSICAL,ACT_SUMMARY) values (5,'카밀 코탄',to_date('78/12/01','RR/MM/DD'),'배우','프랑스',null,null);
Insert into CGV_DB.ACTOR (ACT_ID,ACT_NAME,ACT_BIRTH,ACT_JOB,ACT_NATIONAL,ACT_PHYSICAL,ACT_SUMMARY) values (6,'제이미 도넌',to_date('82/05/01','RR/MM/DD'),'배우','영국',null,null);
Insert into CGV_DB.ACTOR (ACT_ID,ACT_NAME,ACT_BIRTH,ACT_JOB,ACT_NATIONAL,ACT_PHYSICAL,ACT_SUMMARY) values (7,'티나 페이',to_date('70/05/18','RR/MM/DD'),'배우','미국',null,null);
Insert into CGV_DB.ACTOR (ACT_ID,ACT_NAME,ACT_BIRTH,ACT_JOB,ACT_NATIONAL,ACT_PHYSICAL,ACT_SUMMARY) values (8,'주드 힐',to_date('10/08/01','RR/MM/DD'),'배우',null,null,null);
Insert into CGV_DB.ACTOR (ACT_ID,ACT_NAME,ACT_BIRTH,ACT_JOB,ACT_NATIONAL,ACT_PHYSICAL,ACT_SUMMARY) values (9,'켈리 라일리',to_date('77/07/18','RR/MM/DD'),'배우','영국',null,null);
Insert into CGV_DB.ACTOR (ACT_ID,ACT_NAME,ACT_BIRTH,ACT_JOB,ACT_NATIONAL,ACT_PHYSICAL,ACT_SUMMARY) values (10,'정유미',to_date('83/01/18','RR/MM/DD'),'배우','한국','163cm','2004년 <폴라로이드 작동법>이라는 디지털단편에 출연하였다.');
Insert into CGV_DB.ACTOR (ACT_ID,ACT_NAME,ACT_BIRTH,ACT_JOB,ACT_NATIONAL,ACT_PHYSICAL,ACT_SUMMARY) values (11,'이선균',to_date('75/03/02','RR/MM/DD'),'배우','한국','180cm','한예종 연극원 연기과를 졸업. 2001년 <록키 호러 픽쳐쇼>로 데뷔하였다. TV시트콤 <세친구>에 출연했었지만 자신의 부족함을 느껴 여러영화와 드라마의 단만극에서 연기 경력을 쌓기 시작했다.');
Insert into CGV_DB.ACTOR (ACT_ID,ACT_NAME,ACT_BIRTH,ACT_JOB,ACT_NATIONAL,ACT_PHYSICAL,ACT_SUMMARY) values (12,'스즈카 오지',to_date('00/01/11','RR/MM/DD'),'배우','일본','178cm',null);
Insert into CGV_DB.ACTOR (ACT_ID,ACT_NAME,ACT_BIRTH,ACT_JOB,ACT_NATIONAL,ACT_PHYSICAL,ACT_SUMMARY) values (13,'이토요 마리에',to_date('98/01/05','RR/MM/DD'),'배우','일본',null,null);
Insert into CGV_DB.ACTOR (ACT_ID,ACT_NAME,ACT_BIRTH,ACT_JOB,ACT_NATIONAL,ACT_PHYSICAL,ACT_SUMMARY) values (14,'다니엘 래드클리프',to_date('89/07/31','RR/MM/DD'),'배우','영국','165cm','그는 ''해리포터''시리즈의 주인공으로 할리우드 스타로 떠올랐다');
Insert into CGV_DB.ACTOR (ACT_ID,ACT_NAME,ACT_BIRTH,ACT_JOB,ACT_NATIONAL,ACT_PHYSICAL,ACT_SUMMARY) values (15,'엠마 왓슨',to_date('90/04/15','RR/MM/DD'),'배우','영국','165cm','그녀는 <해리포터 시리즈>에서 ''헤르미온느 그레인저''로 영화에 데뷔하게 되었다.');
Insert into CGV_DB.ACTOR (ACT_ID,ACT_NAME,ACT_BIRTH,ACT_JOB,ACT_NATIONAL,ACT_PHYSICAL,ACT_SUMMARY) values (16,'루퍼트 그린트',to_date('88/08/24','RR/MM/DD'),'배우','영국
','173cm','해리포터 시리즈에서 ''론 위즐리''역을 담당하고 있는 루퍼트 그린트. 그린트는 11살때 해리포터에 캐스팅 되었으며,');
Insert into CGV_DB.ACTOR (ACT_ID,ACT_NAME,ACT_BIRTH,ACT_JOB,ACT_NATIONAL,ACT_PHYSICAL,ACT_SUMMARY) values (17,'송강호',to_date('67/01/17','RR/MM/DD'),'배우','한국',null,'1967 경남 김해 生.김해고 졸업.경상전문대 방송연예과 중퇴.1996.11. 결혼1991 연우무대 입단.1996 단역 출연.1997 로 배우 데뷔');
Insert into CGV_DB.ACTOR (ACT_ID,ACT_NAME,ACT_BIRTH,ACT_JOB,ACT_NATIONAL,ACT_PHYSICAL,ACT_SUMMARY) values (18,'임수정',to_date('80/07/11','RR/MM/DD'),'배우','한국','167cm','18세 때 잡지모델로 데뷔. 2001년 드라마<학교4>로 본격적인 연기 활동을 시작하였다.');
Insert into CGV_DB.ACTOR (ACT_ID,ACT_NAME,ACT_BIRTH,ACT_JOB,ACT_NATIONAL,ACT_PHYSICAL,ACT_SUMMARY) values (19,'오정세',to_date('77/02/26','RR/MM/DD'),'배우','한국','174cm','2002~2004 연극 [이발사 박봉구], 2005~2006 연극[라이어1탄]과 [축제],[탈출기]등 다양한 단편영화를 오가며 다져진 연기력으로 한국영화의 감초역할을 담당');
Insert into CGV_DB.ACTOR (ACT_ID,ACT_NAME,ACT_BIRTH,ACT_JOB,ACT_NATIONAL,ACT_PHYSICAL,ACT_SUMMARY) values (21,'정수정',to_date('94/10/24','RR/MM/DD'),'가수, 배우','미국',null,'그룹 f(x)(에프엑스) 멤버');
Insert into CGV_DB.ACTOR (ACT_ID,ACT_NAME,ACT_BIRTH,ACT_JOB,ACT_NATIONAL,ACT_PHYSICAL,ACT_SUMMARY) values (22,'장영남',to_date('73/11/25','RR/MM/DD'),'배우','한국',null,'그녀는 1995년 극단<목화>에 입단. 2001년 연극 <로미오와 줄리엣>으로 데뷔');
Insert into CGV_DB.ACTOR (ACT_ID,ACT_NAME,ACT_BIRTH,ACT_JOB,ACT_NATIONAL,ACT_PHYSICAL,ACT_SUMMARY) values (23,'박정수',to_date('53/06/01','RR/MM/DD'),'배우','한국',null,null);
Insert into CGV_DB.ACTOR (ACT_ID,ACT_NAME,ACT_BIRTH,ACT_JOB,ACT_NATIONAL,ACT_PHYSICAL,ACT_SUMMARY) values (25,'강동원',to_date('81/01/18','RR/MM/DD'),'배우, 모델','한국','186cm',null);
Insert into CGV_DB.ACTOR (ACT_ID,ACT_NAME,ACT_BIRTH,ACT_JOB,ACT_NATIONAL,ACT_PHYSICAL,ACT_SUMMARY) values (26,'허준호',to_date('64/03/03','RR/MM/DD'),'배우','한국',null,null);
Insert into CGV_DB.ACTOR (ACT_ID,ACT_NAME,ACT_BIRTH,ACT_JOB,ACT_NATIONAL,ACT_PHYSICAL,ACT_SUMMARY) values (27,'이솜',to_date('90/01/30','RR/MM/DD'),'배우, 모델','한국',null,'2011 푸른 소금 / 세상에서 가장 아름다운 이별');
Insert into CGV_DB.ACTOR (ACT_ID,ACT_NAME,ACT_BIRTH,ACT_JOB,ACT_NATIONAL,ACT_PHYSICAL,ACT_SUMMARY) values (28,'이동휘',to_date('85/07/22','RR/MM/DD'),'배우','한국','179cm',null);
Insert into CGV_DB.ACTOR (ACT_ID,ACT_NAME,ACT_BIRTH,ACT_JOB,ACT_NATIONAL,ACT_PHYSICAL,ACT_SUMMARY) values (29,'김종수',to_date('64/11/30','RR/MM/DD'),'배우','한국',null,'2009 용서는 없다 / 바람');
Insert into CGV_DB.ACTOR (ACT_ID,ACT_NAME,ACT_BIRTH,ACT_JOB,ACT_NATIONAL,ACT_PHYSICAL,ACT_SUMMARY) values (30,'박소이',to_date('12/03/12','RR/MM/DD'),'배우','한국',null,null);
Insert into CGV_DB.ACTOR (ACT_ID,ACT_NAME,ACT_BIRTH,ACT_JOB,ACT_NATIONAL,ACT_PHYSICAL,ACT_SUMMARY) values (31,'킬리언 머피',to_date('74/05/25','RR/MM/DD'),'배우','아일랜드',null,null);
Insert into CGV_DB.ACTOR (ACT_ID,ACT_NAME,ACT_BIRTH,ACT_JOB,ACT_NATIONAL,ACT_PHYSICAL,ACT_SUMMARY) values (32,'에밀리 블런트',to_date('83/02/23','RR/MM/DD'),'배우','영국',null,'영국 런던 출신으로 데뷔작 [사랑이 찾아온 여름]으로 가장 촉망받는 신인에게 주어지는 Evening Standard British Film Award 최우수신인상을 거머쥐었다. [');
Insert into CGV_DB.ACTOR (ACT_ID,ACT_NAME,ACT_BIRTH,ACT_JOB,ACT_NATIONAL,ACT_PHYSICAL,ACT_SUMMARY) values (33,'맷 데이먼',to_date('70/10/08','RR/MM/DD'),'배우','미국','178cm',null);
Insert into CGV_DB.ACTOR (ACT_ID,ACT_NAME,ACT_BIRTH,ACT_JOB,ACT_NATIONAL,ACT_PHYSICAL,ACT_SUMMARY) values (34,'로버트 다우니 주니어',to_date('65/04/04','RR/MM/DD'),'배우','미국','174cm',null);
Insert into CGV_DB.ACTOR (ACT_ID,ACT_NAME,ACT_BIRTH,ACT_JOB,ACT_NATIONAL,ACT_PHYSICAL,ACT_SUMMARY) values (35,'플로렌스 퓨',to_date('96/01/03','RR/MM/DD'),'배우','영국','162cm',null);
Insert into CGV_DB.ACTOR (ACT_ID,ACT_NAME,ACT_BIRTH,ACT_JOB,ACT_NATIONAL,ACT_PHYSICAL,ACT_SUMMARY) values (36,'조쉬 하트넷',to_date('78/07/21','RR/MM/DD'),'배우','미국',null,null);
Insert into CGV_DB.ACTOR (ACT_ID,ACT_NAME,ACT_BIRTH,ACT_JOB,ACT_NATIONAL,ACT_PHYSICAL,ACT_SUMMARY) values (37,'케이시 애플렉',to_date('75/08/12','RR/MM/DD'),'배우','미국',null,null);
Insert into CGV_DB.ACTOR (ACT_ID,ACT_NAME,ACT_BIRTH,ACT_JOB,ACT_NATIONAL,ACT_PHYSICAL,ACT_SUMMARY) values (38,'라미 말렉',to_date('81/05/12','RR/MM/DD'),'배우','미국',null,null);
Insert into CGV_DB.ACTOR (ACT_ID,ACT_NAME,ACT_BIRTH,ACT_JOB,ACT_NATIONAL,ACT_PHYSICAL,ACT_SUMMARY) values (39,'토마스 슈베르트',to_date('93/08/15','RR/MM/DD'),'배우','오스트리아','180cm',null);
Insert into CGV_DB.ACTOR (ACT_ID,ACT_NAME,ACT_BIRTH,ACT_JOB,ACT_NATIONAL,ACT_PHYSICAL,ACT_SUMMARY) values (40,'폴라 비어',to_date('95/02/23','RR/MM/DD'),'배우','독일',null,null);
Insert into CGV_DB.ACTOR (ACT_ID,ACT_NAME,ACT_BIRTH,ACT_JOB,ACT_NATIONAL,ACT_PHYSICAL,ACT_SUMMARY) values (41,'유선민',null,'성우',null,null,null);
Insert into CGV_DB.ACTOR (ACT_ID,ACT_NAME,ACT_BIRTH,ACT_JOB,ACT_NATIONAL,ACT_PHYSICAL,ACT_SUMMARY) values (42,'석승훈',to_date('89/03/22','RR/MM/DD'),'성우','한국',null,null);
Insert into CGV_DB.ACTOR (ACT_ID,ACT_NAME,ACT_BIRTH,ACT_JOB,ACT_NATIONAL,ACT_PHYSICAL,ACT_SUMMARY) values (43,'데이빗 하버',to_date('75/04/10','RR/MM/DD'),'배우','미국',null,null);
Insert into CGV_DB.ACTOR (ACT_ID,ACT_NAME,ACT_BIRTH,ACT_JOB,ACT_NATIONAL,ACT_PHYSICAL,ACT_SUMMARY) values (44,'올랜도 블룸',to_date('77/01/13','RR/MM/DD'),'배우','영국',null,null);
Insert into CGV_DB.ACTOR (ACT_ID,ACT_NAME,ACT_BIRTH,ACT_JOB,ACT_NATIONAL,ACT_PHYSICAL,ACT_SUMMARY) values (45,'아치 매덱',to_date('95/02/10','RR/MM/DD'),'배우','영국',null,null);
Insert into CGV_DB.ACTOR (ACT_ID,ACT_NAME,ACT_BIRTH,ACT_JOB,ACT_NATIONAL,ACT_PHYSICAL,ACT_SUMMARY) values (46,'대런 바넷',to_date('91/04/27','RR/MM/DD'),'배우','미국','178cm',null);
Insert into CGV_DB.ACTOR (ACT_ID,ACT_NAME,ACT_BIRTH,ACT_JOB,ACT_NATIONAL,ACT_PHYSICAL,ACT_SUMMARY) values (47,'제리 하리웰',to_date('72/08/06','RR/MM/DD'),'배우','영국',null,null);
Insert into CGV_DB.ACTOR (ACT_ID,ACT_NAME,ACT_BIRTH,ACT_JOB,ACT_NATIONAL,ACT_PHYSICAL,ACT_SUMMARY) values (48,'이상헌',null,'배우',null,null,null);
Insert into CGV_DB.ACTOR (ACT_ID,ACT_NAME,ACT_BIRTH,ACT_JOB,ACT_NATIONAL,ACT_PHYSICAL,ACT_SUMMARY) values (49,'디몬 하운수',to_date('64/04/24','RR/MM/DD'),'배우','베냉','188cm',null);
Insert into CGV_DB.ACTOR (ACT_ID,ACT_NAME,ACT_BIRTH,ACT_JOB,ACT_NATIONAL,ACT_PHYSICAL,ACT_SUMMARY) values (50,'김민석',to_date('90/01/24','RR/MM/DD'),'배우','한국',null,null);
Insert into CGV_DB.ACTOR (ACT_ID,ACT_NAME,ACT_BIRTH,ACT_JOB,ACT_NATIONAL,ACT_PHYSICAL,ACT_SUMMARY) values (51,'김채은',to_date('95/10/17','RR/MM/DD'),'배우','한국','167cm',null);
Insert into CGV_DB.ACTOR (ACT_ID,ACT_NAME,ACT_BIRTH,ACT_JOB,ACT_NATIONAL,ACT_PHYSICAL,ACT_SUMMARY) values (52,'권아름',null,'배우','한국',null,null);
Insert into CGV_DB.ACTOR (ACT_ID,ACT_NAME,ACT_BIRTH,ACT_JOB,ACT_NATIONAL,ACT_PHYSICAL,ACT_SUMMARY) values (53,'한상혁',to_date('95/07/05','RR/MM/DD'),'가수, 배우','한국','184cm',null);
Insert into CGV_DB.ACTOR (ACT_ID,ACT_NAME,ACT_BIRTH,ACT_JOB,ACT_NATIONAL,ACT_PHYSICAL,ACT_SUMMARY) values (54,'강준규',to_date('93/08/09','RR/MM/DD'),'배우','한국',null,null);
Insert into CGV_DB.ACTOR (ACT_ID,ACT_NAME,ACT_BIRTH,ACT_JOB,ACT_NATIONAL,ACT_PHYSICAL,ACT_SUMMARY) values (55,'김아현',to_date('94/05/30','RR/MM/DD'),'배우, 모델','한국',null,null);
Insert into CGV_DB.ACTOR (ACT_ID,ACT_NAME,ACT_BIRTH,ACT_JOB,ACT_NATIONAL,ACT_PHYSICAL,ACT_SUMMARY) values (56,'조우리',to_date('92/03/29','RR/MM/DD'),'배우','한국',null,null);
Insert into CGV_DB.ACTOR (ACT_ID,ACT_NAME,ACT_BIRTH,ACT_JOB,ACT_NATIONAL,ACT_PHYSICAL,ACT_SUMMARY) values (57,'이병헌',to_date('70/07/12','RR/MM/DD'),'배우','한국',null,null);
Insert into CGV_DB.ACTOR (ACT_ID,ACT_NAME,ACT_BIRTH,ACT_JOB,ACT_NATIONAL,ACT_PHYSICAL,ACT_SUMMARY) values (58,'박서준',to_date('88/12/16','RR/MM/DD'),'배우','한국','185cm',null);
Insert into CGV_DB.ACTOR (ACT_ID,ACT_NAME,ACT_BIRTH,ACT_JOB,ACT_NATIONAL,ACT_PHYSICAL,ACT_SUMMARY) values (59,'박보영',to_date('90/02/12','RR/MM/DD'),'배우','한국',null,null);
Insert into CGV_DB.ACTOR (ACT_ID,ACT_NAME,ACT_BIRTH,ACT_JOB,ACT_NATIONAL,ACT_PHYSICAL,ACT_SUMMARY) values (60,'김선영',to_date('76/04/10','RR/MM/DD'),'배우','한국',null,null);
Insert into CGV_DB.ACTOR (ACT_ID,ACT_NAME,ACT_BIRTH,ACT_JOB,ACT_NATIONAL,ACT_PHYSICAL,ACT_SUMMARY) values (61,'박지후',to_date('03/11/07','RR/MM/DD'),'배우','한국',null,null);
Insert into CGV_DB.ACTOR (ACT_ID,ACT_NAME,ACT_BIRTH,ACT_JOB,ACT_NATIONAL,ACT_PHYSICAL,ACT_SUMMARY) values (62,'김도윤',to_date('81/08/07','RR/MM/DD'),'배우','한국',null,null);
Insert into CGV_DB.ACTOR (ACT_ID,ACT_NAME,ACT_BIRTH,ACT_JOB,ACT_NATIONAL,ACT_PHYSICAL,ACT_SUMMARY) values (63,'유해진',to_date('70/01/04','RR/MM/DD'),'배우','한국',null,null);
Insert into CGV_DB.ACTOR (ACT_ID,ACT_NAME,ACT_BIRTH,ACT_JOB,ACT_NATIONAL,ACT_PHYSICAL,ACT_SUMMARY) values (64,'김희선',to_date('77/06/11','RR/MM/DD'),'배우','한국',null,null);
Insert into CGV_DB.ACTOR (ACT_ID,ACT_NAME,ACT_BIRTH,ACT_JOB,ACT_NATIONAL,ACT_PHYSICAL,ACT_SUMMARY) values (65,'차인표',to_date('67/10/14','RR/MM/DD'),'배우','한국',null,null);
Insert into CGV_DB.ACTOR (ACT_ID,ACT_NAME,ACT_BIRTH,ACT_JOB,ACT_NATIONAL,ACT_PHYSICAL,ACT_SUMMARY) values (66,'진선규',to_date('77/09/13','RR/MM/DD'),'배우','한국','177cm',null);
Insert into CGV_DB.ACTOR (ACT_ID,ACT_NAME,ACT_BIRTH,ACT_JOB,ACT_NATIONAL,ACT_PHYSICAL,ACT_SUMMARY) values (67,'한선화',to_date('90/10/06','RR/MM/DD'),'배우, 가수','한국','165cm',null);
Insert into CGV_DB.ACTOR (ACT_ID,ACT_NAME,ACT_BIRTH,ACT_JOB,ACT_NATIONAL,ACT_PHYSICAL,ACT_SUMMARY) values (68,'니콜라스 칸투',to_date('03/09/08','RR/MM/DD'),'성우','미국',null,null);
Insert into CGV_DB.ACTOR (ACT_ID,ACT_NAME,ACT_BIRTH,ACT_JOB,ACT_NATIONAL,ACT_PHYSICAL,ACT_SUMMARY) values (69,'샤몬 브라운 주니어',null,'배우',null,null,null);
Insert into CGV_DB.ACTOR (ACT_ID,ACT_NAME,ACT_BIRTH,ACT_JOB,ACT_NATIONAL,ACT_PHYSICAL,ACT_SUMMARY) values (70,'미카 애비',null,'배우',null,null,null);
Insert into CGV_DB.ACTOR (ACT_ID,ACT_NAME,ACT_BIRTH,ACT_JOB,ACT_NATIONAL,ACT_PHYSICAL,ACT_SUMMARY) values (71,'브래디 눈',null,'배우','미국',null,null);
Insert into CGV_DB.ACTOR (ACT_ID,ACT_NAME,ACT_BIRTH,ACT_JOB,ACT_NATIONAL,ACT_PHYSICAL,ACT_SUMMARY) values (72,'하라 나노카',to_date('03/08/26','RR/MM/DD'),'배우','일본','161cm',null);
Insert into CGV_DB.ACTOR (ACT_ID,ACT_NAME,ACT_BIRTH,ACT_JOB,ACT_NATIONAL,ACT_PHYSICAL,ACT_SUMMARY) values (73,'마츠무라 호쿠토',to_date('95/06/18','RR/MM/DD'),'가수','일본',null,null);
Insert into CGV_DB.ACTOR (ACT_ID,ACT_NAME,ACT_BIRTH,ACT_JOB,ACT_NATIONAL,ACT_PHYSICAL,ACT_SUMMARY) values (74,'후카츠 에리',to_date('73/01/11','RR/MM/DD'),'배우','일본','156cm',null);
Insert into CGV_DB.ACTOR (ACT_ID,ACT_NAME,ACT_BIRTH,ACT_JOB,ACT_NATIONAL,ACT_PHYSICAL,ACT_SUMMARY) values (75,'마츠모토 코시로',to_date('42/08/19','RR/MM/DD'),'배우','일본',null,null);
Insert into CGV_DB.ACTOR (ACT_ID,ACT_NAME,ACT_BIRTH,ACT_JOB,ACT_NATIONAL,ACT_PHYSICAL,ACT_SUMMARY) values (76,'소메타니 쇼타',to_date('92/09/03','RR/MM/DD'),'배우','일본','172cm',null);
Insert into CGV_DB.ACTOR (ACT_ID,ACT_NAME,ACT_BIRTH,ACT_JOB,ACT_NATIONAL,ACT_PHYSICAL,ACT_SUMMARY) values (77,'이토 사이리',to_date('94/05/04','RR/MM/DD'),'배우','일본','151cm',null);
Insert into CGV_DB.ACTOR (ACT_ID,ACT_NAME,ACT_BIRTH,ACT_JOB,ACT_NATIONAL,ACT_PHYSICAL,ACT_SUMMARY) values (78,'하나세 코토네',to_date('22/04/22','RR/MM/DD'),'배우','일본',null,null);
Insert into CGV_DB.ACTOR (ACT_ID,ACT_NAME,ACT_BIRTH,ACT_JOB,ACT_NATIONAL,ACT_PHYSICAL,ACT_SUMMARY) values (79,'하나자와 카나',to_date('89/02/25','RR/MM/DD'),'성우','일본',null,null);
Insert into CGV_DB.ACTOR (ACT_ID,ACT_NAME,ACT_BIRTH,ACT_JOB,ACT_NATIONAL,ACT_PHYSICAL,ACT_SUMMARY) values (80,'카미키 류노스케',to_date('93/05/19','RR/MM/DD'),'배우','일본',null,null);
Insert into CGV_DB.ACTOR (ACT_ID,ACT_NAME,ACT_BIRTH,ACT_JOB,ACT_NATIONAL,ACT_PHYSICAL,ACT_SUMMARY) values (20,'전여빈',to_date('89/01/01','RR/MM/DD'),'배우','한국',null,null);
Insert into CGV_DB.ACTOR (ACT_ID,ACT_NAME,ACT_BIRTH,ACT_JOB,ACT_NATIONAL,ACT_PHYSICAL,ACT_SUMMARY) values (24,'차서현',to_date('96/01/01','RR/MM/DD'),'배우',null,'171cm',null);
REM INSERTING into CGV_DB.ATTR_POINT
SET DEFINE OFF;
REM INSERTING into CGV_DB.BASKET
SET DEFINE OFF;
Insert into CGV_DB.BASKET (BASKET_ID,STORE_ID,B_COUNT) values (36,50,3);
Insert into CGV_DB.BASKET (BASKET_ID,STORE_ID,B_COUNT) values (23,21,3);
Insert into CGV_DB.BASKET (BASKET_ID,STORE_ID,B_COUNT) values (34,55,1);
Insert into CGV_DB.BASKET (BASKET_ID,STORE_ID,B_COUNT) values (21,8,1);
Insert into CGV_DB.BASKET (BASKET_ID,STORE_ID,B_COUNT) values (5,49,1);
Insert into CGV_DB.BASKET (BASKET_ID,STORE_ID,B_COUNT) values (14,78,2);
Insert into CGV_DB.BASKET (BASKET_ID,STORE_ID,B_COUNT) values (21,55,3);
Insert into CGV_DB.BASKET (BASKET_ID,STORE_ID,B_COUNT) values (15,53,4);
Insert into CGV_DB.BASKET (BASKET_ID,STORE_ID,B_COUNT) values (33,66,1);
Insert into CGV_DB.BASKET (BASKET_ID,STORE_ID,B_COUNT) values (17,22,3);
Insert into CGV_DB.BASKET (BASKET_ID,STORE_ID,B_COUNT) values (42,27,2);
Insert into CGV_DB.BASKET (BASKET_ID,STORE_ID,B_COUNT) values (13,61,2);
Insert into CGV_DB.BASKET (BASKET_ID,STORE_ID,B_COUNT) values (48,61,4);
Insert into CGV_DB.BASKET (BASKET_ID,STORE_ID,B_COUNT) values (7,37,2);
Insert into CGV_DB.BASKET (BASKET_ID,STORE_ID,B_COUNT) values (23,74,4);
Insert into CGV_DB.BASKET (BASKET_ID,STORE_ID,B_COUNT) values (11,37,2);
Insert into CGV_DB.BASKET (BASKET_ID,STORE_ID,B_COUNT) values (9,11,2);
Insert into CGV_DB.BASKET (BASKET_ID,STORE_ID,B_COUNT) values (33,35,4);
Insert into CGV_DB.BASKET (BASKET_ID,STORE_ID,B_COUNT) values (48,45,4);
Insert into CGV_DB.BASKET (BASKET_ID,STORE_ID,B_COUNT) values (38,47,3);
Insert into CGV_DB.BASKET (BASKET_ID,STORE_ID,B_COUNT) values (23,4,4);
Insert into CGV_DB.BASKET (BASKET_ID,STORE_ID,B_COUNT) values (34,22,3);
Insert into CGV_DB.BASKET (BASKET_ID,STORE_ID,B_COUNT) values (2,64,3);
Insert into CGV_DB.BASKET (BASKET_ID,STORE_ID,B_COUNT) values (13,63,2);
Insert into CGV_DB.BASKET (BASKET_ID,STORE_ID,B_COUNT) values (42,56,1);
Insert into CGV_DB.BASKET (BASKET_ID,STORE_ID,B_COUNT) values (29,44,2);
Insert into CGV_DB.BASKET (BASKET_ID,STORE_ID,B_COUNT) values (9,66,1);
Insert into CGV_DB.BASKET (BASKET_ID,STORE_ID,B_COUNT) values (27,82,3);
Insert into CGV_DB.BASKET (BASKET_ID,STORE_ID,B_COUNT) values (43,74,4);
Insert into CGV_DB.BASKET (BASKET_ID,STORE_ID,B_COUNT) values (14,24,3);
Insert into CGV_DB.BASKET (BASKET_ID,STORE_ID,B_COUNT) values (42,9,2);
Insert into CGV_DB.BASKET (BASKET_ID,STORE_ID,B_COUNT) values (13,24,3);
Insert into CGV_DB.BASKET (BASKET_ID,STORE_ID,B_COUNT) values (24,24,4);
Insert into CGV_DB.BASKET (BASKET_ID,STORE_ID,B_COUNT) values (31,76,1);
Insert into CGV_DB.BASKET (BASKET_ID,STORE_ID,B_COUNT) values (50,25,1);
Insert into CGV_DB.BASKET (BASKET_ID,STORE_ID,B_COUNT) values (32,55,4);
REM INSERTING into CGV_DB.BASKET_ID
SET DEFINE OFF;
Insert into CGV_DB.BASKET_ID (BASKET_ID,USER_ID) values (1,'beomzz6');
Insert into CGV_DB.BASKET_ID (BASKET_ID,USER_ID) values (2,'shysong');
Insert into CGV_DB.BASKET_ID (BASKET_ID,USER_ID) values (3,'letsgo82');
Insert into CGV_DB.BASKET_ID (BASKET_ID,USER_ID) values (4,'jaegy112');
Insert into CGV_DB.BASKET_ID (BASKET_ID,USER_ID) values (5,'gseoo1209');
Insert into CGV_DB.BASKET_ID (BASKET_ID,USER_ID) values (6,'zzuro77');
Insert into CGV_DB.BASKET_ID (BASKET_ID,USER_ID) values (7,'moonlight12');
Insert into CGV_DB.BASKET_ID (BASKET_ID,USER_ID) values (8,'zerocoke2');
Insert into CGV_DB.BASKET_ID (BASKET_ID,USER_ID) values (9,'jjiniyou');
Insert into CGV_DB.BASKET_ID (BASKET_ID,USER_ID) values (10,'honggd1');
Insert into CGV_DB.BASKET_ID (BASKET_ID,USER_ID) values (11,'jjangguya');
Insert into CGV_DB.BASKET_ID (BASKET_ID,USER_ID) values (12,'parkyh45');
Insert into CGV_DB.BASKET_ID (BASKET_ID,USER_ID) values (13,'dlwlrma1');
Insert into CGV_DB.BASKET_ID (BASKET_ID,USER_ID) values (14,'reallllmino');
Insert into CGV_DB.BASKET_ID (BASKET_ID,USER_ID) values (15,'kyounghui');
Insert into CGV_DB.BASKET_ID (BASKET_ID,USER_ID) values (16,'lseongmin');
Insert into CGV_DB.BASKET_ID (BASKET_ID,USER_ID) values (17,'cyounghsu');
Insert into CGV_DB.BASKET_ID (BASKET_ID,USER_ID) values (18,'pjiyoung');
Insert into CGV_DB.BASKET_ID (BASKET_ID,USER_ID) values (19,'kminji66');
Insert into CGV_DB.BASKET_ID (BASKET_ID,USER_ID) values (20,'jjangyoung');
Insert into CGV_DB.BASKET_ID (BASKET_ID,USER_ID) values (21,'oyoungho');
Insert into CGV_DB.BASKET_ID (BASKET_ID,USER_ID) values (22,'ksumin7');
Insert into CGV_DB.BASKET_ID (BASKET_ID,USER_ID) values (23,'sjew8545');
Insert into CGV_DB.BASKET_ID (BASKET_ID,USER_ID) values (24,'jggap000');
Insert into CGV_DB.BASKET_ID (BASKET_ID,USER_ID) values (25,'nhyuna');
Insert into CGV_DB.BASKET_ID (BASKET_ID,USER_ID) values (26,'pjihun23');
Insert into CGV_DB.BASKET_ID (BASKET_ID,USER_ID) values (27,'lmikyung');
Insert into CGV_DB.BASKET_ID (BASKET_ID,USER_ID) values (28,'hdongjun');
Insert into CGV_DB.BASKET_ID (BASKET_ID,USER_ID) values (29,'sseungho');
Insert into CGV_DB.BASKET_ID (BASKET_ID,USER_ID) values (30,'hjiyoung9090');
Insert into CGV_DB.BASKET_ID (BASKET_ID,USER_ID) values (31,'psangmin');
Insert into CGV_DB.BASKET_ID (BASKET_ID,USER_ID) values (32,'lyujin57');
Insert into CGV_DB.BASKET_ID (BASKET_ID,USER_ID) values (33,'lyoungho');
Insert into CGV_DB.BASKET_ID (BASKET_ID,USER_ID) values (34,'jhyunjoo');
Insert into CGV_DB.BASKET_ID (BASKET_ID,USER_ID) values (35,'mjew123');
Insert into CGV_DB.BASKET_ID (BASKET_ID,USER_ID) values (36,'kjinyoung');
Insert into CGV_DB.BASKET_ID (BASKET_ID,USER_ID) values (37,'ssoobin');
Insert into CGV_DB.BASKET_ID (BASKET_ID,USER_ID) values (38,'kjiya899');
Insert into CGV_DB.BASKET_ID (BASKET_ID,USER_ID) values (39,'sjaeho005');
Insert into CGV_DB.BASKET_ID (BASKET_ID,USER_ID) values (40,'ljewon8989');
Insert into CGV_DB.BASKET_ID (BASKET_ID,USER_ID) values (41,'yjaemin');
Insert into CGV_DB.BASKET_ID (BASKET_ID,USER_ID) values (42,'ocaywon00');
Insert into CGV_DB.BASKET_ID (BASKET_ID,USER_ID) values (43,'junwww');
Insert into CGV_DB.BASKET_ID (BASKET_ID,USER_ID) values (44,'seeunk3');
Insert into CGV_DB.BASKET_ID (BASKET_ID,USER_ID) values (45,'songjjmm');
Insert into CGV_DB.BASKET_ID (BASKET_ID,USER_ID) values (46,'youngh');
Insert into CGV_DB.BASKET_ID (BASKET_ID,USER_ID) values (47,'missun');
Insert into CGV_DB.BASKET_ID (BASKET_ID,USER_ID) values (48,'hoho123');
Insert into CGV_DB.BASKET_ID (BASKET_ID,USER_ID) values (49,'kdh987');
Insert into CGV_DB.BASKET_ID (BASKET_ID,USER_ID) values (50,'sungjun5');
REM INSERTING into CGV_DB.BOOKMARK_CGV
SET DEFINE OFF;
Insert into CGV_DB.BOOKMARK_CGV (USER_ID,CINEMA_ID1,CINEMA_ID2,CINEMA_ID3,CINEMA_ID4,CINEMA_ID5) values ('beomzz6','63  ','47  ','3   ','30  ','25  ');
Insert into CGV_DB.BOOKMARK_CGV (USER_ID,CINEMA_ID1,CINEMA_ID2,CINEMA_ID3,CINEMA_ID4,CINEMA_ID5) values ('shysong','50  ','11  ','17  ','53  ','100 ');
Insert into CGV_DB.BOOKMARK_CGV (USER_ID,CINEMA_ID1,CINEMA_ID2,CINEMA_ID3,CINEMA_ID4,CINEMA_ID5) values ('letsgo82','71  ','85  ','13  ','102 ','28  ');
Insert into CGV_DB.BOOKMARK_CGV (USER_ID,CINEMA_ID1,CINEMA_ID2,CINEMA_ID3,CINEMA_ID4,CINEMA_ID5) values ('jaegy112','90  ','57  ','33  ','12  ','72  ');
Insert into CGV_DB.BOOKMARK_CGV (USER_ID,CINEMA_ID1,CINEMA_ID2,CINEMA_ID3,CINEMA_ID4,CINEMA_ID5) values ('gseoo1209','64  ','6   ','20  ','39  ','79  ');
Insert into CGV_DB.BOOKMARK_CGV (USER_ID,CINEMA_ID1,CINEMA_ID2,CINEMA_ID3,CINEMA_ID4,CINEMA_ID5) values ('zzuro77','38  ','46  ','81  ','84  ','55  ');
Insert into CGV_DB.BOOKMARK_CGV (USER_ID,CINEMA_ID1,CINEMA_ID2,CINEMA_ID3,CINEMA_ID4,CINEMA_ID5) values ('moonlight12','89  ','5   ','52  ','101 ','93  ');
Insert into CGV_DB.BOOKMARK_CGV (USER_ID,CINEMA_ID1,CINEMA_ID2,CINEMA_ID3,CINEMA_ID4,CINEMA_ID5) values ('zerocoke2','15  ','7   ','40  ','78  ','32  ');
Insert into CGV_DB.BOOKMARK_CGV (USER_ID,CINEMA_ID1,CINEMA_ID2,CINEMA_ID3,CINEMA_ID4,CINEMA_ID5) values ('jjiniyou','2   ','27  ','10  ','76  ','73  ');
Insert into CGV_DB.BOOKMARK_CGV (USER_ID,CINEMA_ID1,CINEMA_ID2,CINEMA_ID3,CINEMA_ID4,CINEMA_ID5) values ('honggd1','91  ','75  ','22  ','58  ','68  ');
Insert into CGV_DB.BOOKMARK_CGV (USER_ID,CINEMA_ID1,CINEMA_ID2,CINEMA_ID3,CINEMA_ID4,CINEMA_ID5) values ('jjangguya','103 ','87  ','31  ','74  ','36  ');
Insert into CGV_DB.BOOKMARK_CGV (USER_ID,CINEMA_ID1,CINEMA_ID2,CINEMA_ID3,CINEMA_ID4,CINEMA_ID5) values ('parkyh45','26  ','41  ','66  ','99  ','69  ');
Insert into CGV_DB.BOOKMARK_CGV (USER_ID,CINEMA_ID1,CINEMA_ID2,CINEMA_ID3,CINEMA_ID4,CINEMA_ID5) values ('dlwlrma1','37  ','94  ','8   ','96  ','48  ');
Insert into CGV_DB.BOOKMARK_CGV (USER_ID,CINEMA_ID1,CINEMA_ID2,CINEMA_ID3,CINEMA_ID4,CINEMA_ID5) values ('reallllmino','21  ','65  ','44  ','61  ','45  ');
Insert into CGV_DB.BOOKMARK_CGV (USER_ID,CINEMA_ID1,CINEMA_ID2,CINEMA_ID3,CINEMA_ID4,CINEMA_ID5) values ('kyounghui','1   ','24  ','98  ','92  ','54  ');
Insert into CGV_DB.BOOKMARK_CGV (USER_ID,CINEMA_ID1,CINEMA_ID2,CINEMA_ID3,CINEMA_ID4,CINEMA_ID5) values ('lseongmin','56  ','70  ','95  ','35  ','97  ');
Insert into CGV_DB.BOOKMARK_CGV (USER_ID,CINEMA_ID1,CINEMA_ID2,CINEMA_ID3,CINEMA_ID4,CINEMA_ID5) values ('cyounghsu','104 ','23  ','51  ','19  ','80  ');
Insert into CGV_DB.BOOKMARK_CGV (USER_ID,CINEMA_ID1,CINEMA_ID2,CINEMA_ID3,CINEMA_ID4,CINEMA_ID5) values ('pjiyoung','67  ','59  ','49  ','77  ','86  ');
Insert into CGV_DB.BOOKMARK_CGV (USER_ID,CINEMA_ID1,CINEMA_ID2,CINEMA_ID3,CINEMA_ID4,CINEMA_ID5) values ('kminji66','16  ','62  ','18  ','83  ','34  ');
Insert into CGV_DB.BOOKMARK_CGV (USER_ID,CINEMA_ID1,CINEMA_ID2,CINEMA_ID3,CINEMA_ID4,CINEMA_ID5) values ('jjangyoung','105 ','58  ','29  ','9   ','82  ');
Insert into CGV_DB.BOOKMARK_CGV (USER_ID,CINEMA_ID1,CINEMA_ID2,CINEMA_ID3,CINEMA_ID4,CINEMA_ID5) values ('oyoungho','88  ','14  ','107 ','4   ','60  ');
Insert into CGV_DB.BOOKMARK_CGV (USER_ID,CINEMA_ID1,CINEMA_ID2,CINEMA_ID3,CINEMA_ID4,CINEMA_ID5) values ('ksumin7','2   ','42  ','43  ','31  ','74  ');
Insert into CGV_DB.BOOKMARK_CGV (USER_ID,CINEMA_ID1,CINEMA_ID2,CINEMA_ID3,CINEMA_ID4,CINEMA_ID5) values ('sjew8545','103 ','5   ','11  ','92  ','72  ');
Insert into CGV_DB.BOOKMARK_CGV (USER_ID,CINEMA_ID1,CINEMA_ID2,CINEMA_ID3,CINEMA_ID4,CINEMA_ID5) values ('jggap000','97  ','15  ','50  ','28  ','37  ');
Insert into CGV_DB.BOOKMARK_CGV (USER_ID,CINEMA_ID1,CINEMA_ID2,CINEMA_ID3,CINEMA_ID4,CINEMA_ID5) values ('nhyuna','54  ','35  ','66  ','61  ','69  ');
Insert into CGV_DB.BOOKMARK_CGV (USER_ID,CINEMA_ID1,CINEMA_ID2,CINEMA_ID3,CINEMA_ID4,CINEMA_ID5) values ('pjihun23','63  ','21  ','56  ','7   ','84  ');
Insert into CGV_DB.BOOKMARK_CGV (USER_ID,CINEMA_ID1,CINEMA_ID2,CINEMA_ID3,CINEMA_ID4,CINEMA_ID5) values ('lmikyung','99  ','89  ','44  ','65  ','46  ');
Insert into CGV_DB.BOOKMARK_CGV (USER_ID,CINEMA_ID1,CINEMA_ID2,CINEMA_ID3,CINEMA_ID4,CINEMA_ID5) values ('hdongjun','96  ','20  ','102 ','73  ','70  ');
Insert into CGV_DB.BOOKMARK_CGV (USER_ID,CINEMA_ID1,CINEMA_ID2,CINEMA_ID3,CINEMA_ID4,CINEMA_ID5) values ('sseungho','3   ','26  ','4   ','93  ','13  ');
Insert into CGV_DB.BOOKMARK_CGV (USER_ID,CINEMA_ID1,CINEMA_ID2,CINEMA_ID3,CINEMA_ID4,CINEMA_ID5) values ('hjiyoung9090','58  ','87  ','101 ','62  ','25  ');
Insert into CGV_DB.BOOKMARK_CGV (USER_ID,CINEMA_ID1,CINEMA_ID2,CINEMA_ID3,CINEMA_ID4,CINEMA_ID5) values ('psangmin','59  ','90  ','68  ','79  ','6   ');
Insert into CGV_DB.BOOKMARK_CGV (USER_ID,CINEMA_ID1,CINEMA_ID2,CINEMA_ID3,CINEMA_ID4,CINEMA_ID5) values ('lyujin57','64  ','10  ','80  ','85  ','51  ');
Insert into CGV_DB.BOOKMARK_CGV (USER_ID,CINEMA_ID1,CINEMA_ID2,CINEMA_ID3,CINEMA_ID4,CINEMA_ID5) values ('lyoungho','30  ','83  ','19  ','75  ','94  ');
Insert into CGV_DB.BOOKMARK_CGV (USER_ID,CINEMA_ID1,CINEMA_ID2,CINEMA_ID3,CINEMA_ID4,CINEMA_ID5) values ('jhyunjoo','57  ','98  ','22  ','47  ','24  ');
Insert into CGV_DB.BOOKMARK_CGV (USER_ID,CINEMA_ID1,CINEMA_ID2,CINEMA_ID3,CINEMA_ID4,CINEMA_ID5) values ('mjew123','31  ','91  ','76  ','16  ','53  ');
Insert into CGV_DB.BOOKMARK_CGV (USER_ID,CINEMA_ID1,CINEMA_ID2,CINEMA_ID3,CINEMA_ID4,CINEMA_ID5) values ('kjinyoung','14  ','45  ','41  ','81  ','78  ');
Insert into CGV_DB.BOOKMARK_CGV (USER_ID,CINEMA_ID1,CINEMA_ID2,CINEMA_ID3,CINEMA_ID4,CINEMA_ID5) values ('ssoobin','12  ','86  ','27  ','55  ','2   ');
Insert into CGV_DB.BOOKMARK_CGV (USER_ID,CINEMA_ID1,CINEMA_ID2,CINEMA_ID3,CINEMA_ID4,CINEMA_ID5) values ('kjiya899','107 ','106 ','52  ','38  ','48  ');
Insert into CGV_DB.BOOKMARK_CGV (USER_ID,CINEMA_ID1,CINEMA_ID2,CINEMA_ID3,CINEMA_ID4,CINEMA_ID5) values ('sjaeho005','39  ','71  ','1   ','100 ','32  ');
Insert into CGV_DB.BOOKMARK_CGV (USER_ID,CINEMA_ID1,CINEMA_ID2,CINEMA_ID3,CINEMA_ID4,CINEMA_ID5) values ('ljewon8989','8   ','74  ','105 ','17  ','33  ');
Insert into CGV_DB.BOOKMARK_CGV (USER_ID,CINEMA_ID1,CINEMA_ID2,CINEMA_ID3,CINEMA_ID4,CINEMA_ID5) values ('yjaemin','66  ','88  ','36  ','40  ','97  ');
Insert into CGV_DB.BOOKMARK_CGV (USER_ID,CINEMA_ID1,CINEMA_ID2,CINEMA_ID3,CINEMA_ID4,CINEMA_ID5) values ('ocaywon00','81  ','25  ','37  ','104 ','18  ');
Insert into CGV_DB.BOOKMARK_CGV (USER_ID,CINEMA_ID1,CINEMA_ID2,CINEMA_ID3,CINEMA_ID4,CINEMA_ID5) values ('junwww','20  ','42  ','59  ','107 ','68  ');
Insert into CGV_DB.BOOKMARK_CGV (USER_ID,CINEMA_ID1,CINEMA_ID2,CINEMA_ID3,CINEMA_ID4,CINEMA_ID5) values ('seeunk3','3   ','31  ','45  ','53  ','41  ');
Insert into CGV_DB.BOOKMARK_CGV (USER_ID,CINEMA_ID1,CINEMA_ID2,CINEMA_ID3,CINEMA_ID4,CINEMA_ID5) values ('songjjmm','35  ','98  ','78  ','27  ','21  ');
Insert into CGV_DB.BOOKMARK_CGV (USER_ID,CINEMA_ID1,CINEMA_ID2,CINEMA_ID3,CINEMA_ID4,CINEMA_ID5) values ('youngh','37  ','56  ','83  ','66  ','104 ');
Insert into CGV_DB.BOOKMARK_CGV (USER_ID,CINEMA_ID1,CINEMA_ID2,CINEMA_ID3,CINEMA_ID4,CINEMA_ID5) values ('missun','107 ','96  ','15  ','12  ','64  ');
Insert into CGV_DB.BOOKMARK_CGV (USER_ID,CINEMA_ID1,CINEMA_ID2,CINEMA_ID3,CINEMA_ID4,CINEMA_ID5) values ('hoho123','87  ','79  ','5   ','99  ','26  ');
Insert into CGV_DB.BOOKMARK_CGV (USER_ID,CINEMA_ID1,CINEMA_ID2,CINEMA_ID3,CINEMA_ID4,CINEMA_ID5) values ('kdh987','18  ','75  ','62  ','11  ','70  ');
Insert into CGV_DB.BOOKMARK_CGV (USER_ID,CINEMA_ID1,CINEMA_ID2,CINEMA_ID3,CINEMA_ID4,CINEMA_ID5) values ('sungjun5','54  ','49  ','58  ','61  ','23  ');
REM INSERTING into CGV_DB.CARD_CATEGORY
SET DEFINE OFF;
Insert into CGV_DB.CARD_CATEGORY (CARD_ID,CARD_CATEGORY,TOTAL) values ('1','CGV무비아트A',5000);
Insert into CGV_DB.CARD_CATEGORY (CARD_ID,CARD_CATEGORY,TOTAL) values ('2','CGV무비아트A',10000);
Insert into CGV_DB.CARD_CATEGORY (CARD_ID,CARD_CATEGORY,TOTAL) values ('3','CGV무비아트A',20000);
Insert into CGV_DB.CARD_CATEGORY (CARD_ID,CARD_CATEGORY,TOTAL) values ('4','CGV무비아트A',30000);
Insert into CGV_DB.CARD_CATEGORY (CARD_ID,CARD_CATEGORY,TOTAL) values ('5','CGV무비아트A',40000);
Insert into CGV_DB.CARD_CATEGORY (CARD_ID,CARD_CATEGORY,TOTAL) values ('6','CGV무비아트A',50000);
Insert into CGV_DB.CARD_CATEGORY (CARD_ID,CARD_CATEGORY,TOTAL) values ('7','CGV무비아트A',60000);
Insert into CGV_DB.CARD_CATEGORY (CARD_ID,CARD_CATEGORY,TOTAL) values ('8','CGV무비아트A',70000);
Insert into CGV_DB.CARD_CATEGORY (CARD_ID,CARD_CATEGORY,TOTAL) values ('9','CGV무비아트A',80000);
Insert into CGV_DB.CARD_CATEGORY (CARD_ID,CARD_CATEGORY,TOTAL) values ('10','CGV무비아트A',90000);
Insert into CGV_DB.CARD_CATEGORY (CARD_ID,CARD_CATEGORY,TOTAL) values ('11','CGV무비아트A',100000);
Insert into CGV_DB.CARD_CATEGORY (CARD_ID,CARD_CATEGORY,TOTAL) values ('12','CGV무비아트A',200000);
Insert into CGV_DB.CARD_CATEGORY (CARD_ID,CARD_CATEGORY,TOTAL) values ('13','CGV무비아트A',300000);
Insert into CGV_DB.CARD_CATEGORY (CARD_ID,CARD_CATEGORY,TOTAL) values ('14','CGV무비아트A',400000);
Insert into CGV_DB.CARD_CATEGORY (CARD_ID,CARD_CATEGORY,TOTAL) values ('15','CGV무비아트A',500000);
Insert into CGV_DB.CARD_CATEGORY (CARD_ID,CARD_CATEGORY,TOTAL) values ('16','CGV무비아트B',5000);
Insert into CGV_DB.CARD_CATEGORY (CARD_ID,CARD_CATEGORY,TOTAL) values ('17','CGV무비아트B',10000);
Insert into CGV_DB.CARD_CATEGORY (CARD_ID,CARD_CATEGORY,TOTAL) values ('18','CGV무비아트B',20000);
Insert into CGV_DB.CARD_CATEGORY (CARD_ID,CARD_CATEGORY,TOTAL) values ('19','CGV무비아트B',30000);
Insert into CGV_DB.CARD_CATEGORY (CARD_ID,CARD_CATEGORY,TOTAL) values ('20','CGV무비아트B',40000);
Insert into CGV_DB.CARD_CATEGORY (CARD_ID,CARD_CATEGORY,TOTAL) values ('21','CGV무비아트B',50000);
Insert into CGV_DB.CARD_CATEGORY (CARD_ID,CARD_CATEGORY,TOTAL) values ('22','CGV무비아트B',60000);
Insert into CGV_DB.CARD_CATEGORY (CARD_ID,CARD_CATEGORY,TOTAL) values ('23','CGV무비아트B',70000);
Insert into CGV_DB.CARD_CATEGORY (CARD_ID,CARD_CATEGORY,TOTAL) values ('24','CGV무비아트B',80000);
Insert into CGV_DB.CARD_CATEGORY (CARD_ID,CARD_CATEGORY,TOTAL) values ('25','CGV무비아트B',90000);
Insert into CGV_DB.CARD_CATEGORY (CARD_ID,CARD_CATEGORY,TOTAL) values ('26','CGV무비아트B',100000);
Insert into CGV_DB.CARD_CATEGORY (CARD_ID,CARD_CATEGORY,TOTAL) values ('27','CGV무비아트B',200000);
Insert into CGV_DB.CARD_CATEGORY (CARD_ID,CARD_CATEGORY,TOTAL) values ('28','CGV무비아트B',300000);
Insert into CGV_DB.CARD_CATEGORY (CARD_ID,CARD_CATEGORY,TOTAL) values ('29','CGV무비아트B',400000);
Insert into CGV_DB.CARD_CATEGORY (CARD_ID,CARD_CATEGORY,TOTAL) values ('30','CGV무비아트B',500000);
Insert into CGV_DB.CARD_CATEGORY (CARD_ID,CARD_CATEGORY,TOTAL) values ('31','PACONNIE A형',5000);
Insert into CGV_DB.CARD_CATEGORY (CARD_ID,CARD_CATEGORY,TOTAL) values ('32','PACONNIE A형',10000);
Insert into CGV_DB.CARD_CATEGORY (CARD_ID,CARD_CATEGORY,TOTAL) values ('33','PACONNIE A형',20000);
Insert into CGV_DB.CARD_CATEGORY (CARD_ID,CARD_CATEGORY,TOTAL) values ('34','PACONNIE A형',30000);
Insert into CGV_DB.CARD_CATEGORY (CARD_ID,CARD_CATEGORY,TOTAL) values ('35','PACONNIE A형',40000);
Insert into CGV_DB.CARD_CATEGORY (CARD_ID,CARD_CATEGORY,TOTAL) values ('36','PACONNIE A형',50000);
Insert into CGV_DB.CARD_CATEGORY (CARD_ID,CARD_CATEGORY,TOTAL) values ('37','PACONNIE A형',60000);
Insert into CGV_DB.CARD_CATEGORY (CARD_ID,CARD_CATEGORY,TOTAL) values ('38','PACONNIE A형',70000);
Insert into CGV_DB.CARD_CATEGORY (CARD_ID,CARD_CATEGORY,TOTAL) values ('39','PACONNIE A형',80000);
Insert into CGV_DB.CARD_CATEGORY (CARD_ID,CARD_CATEGORY,TOTAL) values ('40','PACONNIE A형',90000);
Insert into CGV_DB.CARD_CATEGORY (CARD_ID,CARD_CATEGORY,TOTAL) values ('41','PACONNIE A형',100000);
Insert into CGV_DB.CARD_CATEGORY (CARD_ID,CARD_CATEGORY,TOTAL) values ('42','PACONNIE A형',200000);
Insert into CGV_DB.CARD_CATEGORY (CARD_ID,CARD_CATEGORY,TOTAL) values ('43','PACONNIE A형',300000);
Insert into CGV_DB.CARD_CATEGORY (CARD_ID,CARD_CATEGORY,TOTAL) values ('44','PACONNIE A형',400000);
Insert into CGV_DB.CARD_CATEGORY (CARD_ID,CARD_CATEGORY,TOTAL) values ('45','PACONNIE A형',500000);
REM INSERTING into CGV_DB.CGV_CLUB
SET DEFINE OFF;
Insert into CGV_DB.CGV_CLUB (USER_ID,CLUB_ID,CLUB_CONT,REGDATE,CLUB_TITLE) values ('beomzz6','1','1318 club','2023.09.01-2024.02.29','만 13세~18세 청소년이라면 누구나 가입 가능한 무료 멤버십 서비스입니다.');
Insert into CGV_DB.CGV_CLUB (USER_ID,CLUB_ID,CLUB_CONT,REGDATE,CLUB_TITLE) values ('shysong','2','1318 club','2023.09.01-2024.02.29','만 13세~18세 청소년이라면 누구나 가입 가능한 무료 멤버십 서비스입니다.');
Insert into CGV_DB.CGV_CLUB (USER_ID,CLUB_ID,CLUB_CONT,REGDATE,CLUB_TITLE) values ('letsgo82','3','1318 club','2023.09.01-2024.02.29','만 13세~18세 청소년이라면 누구나 가입 가능한 무료 멤버십 서비스입니다.');
Insert into CGV_DB.CGV_CLUB (USER_ID,CLUB_ID,CLUB_CONT,REGDATE,CLUB_TITLE) values ('jaegy112','4','1318 club','2023.09.01-2024.02.29','만 13세~18세 청소년이라면 누구나 가입 가능한 무료 멤버십 서비스입니다.');
Insert into CGV_DB.CGV_CLUB (USER_ID,CLUB_ID,CLUB_CONT,REGDATE,CLUB_TITLE) values ('gseoo1209','5','1318 club','2023.09.01-2024.02.29','만 13세~18세 청소년이라면 누구나 가입 가능한 무료 멤버십 서비스입니다.');
Insert into CGV_DB.CGV_CLUB (USER_ID,CLUB_ID,CLUB_CONT,REGDATE,CLUB_TITLE) values ('zzuro77','6','1318 club','2023.09.01-2024.02.29','만 13세~18세 청소년이라면 누구나 가입 가능한 무료 멤버십 서비스입니다.');
Insert into CGV_DB.CGV_CLUB (USER_ID,CLUB_ID,CLUB_CONT,REGDATE,CLUB_TITLE) values ('moonlight12','7','1318 club','2023.09.01-2024.02.29','만 13세~18세 청소년이라면 누구나 가입 가능한 무료 멤버십 서비스입니다.');
Insert into CGV_DB.CGV_CLUB (USER_ID,CLUB_ID,CLUB_CONT,REGDATE,CLUB_TITLE) values ('zerocoke2','8','1318 club','2023.09.01-2024.02.29','만 13세~18세 청소년이라면 누구나 가입 가능한 무료 멤버십 서비스입니다.');
Insert into CGV_DB.CGV_CLUB (USER_ID,CLUB_ID,CLUB_CONT,REGDATE,CLUB_TITLE) values ('jjiniyou','9','1318 club','2023.09.01-2024.02.29','만 13세~18세 청소년이라면 누구나 가입 가능한 무료 멤버십 서비스입니다.');
Insert into CGV_DB.CGV_CLUB (USER_ID,CLUB_ID,CLUB_CONT,REGDATE,CLUB_TITLE) values ('honggd1','10','1318 club','2023.09.01-2024.02.29','만 13세~18세 청소년이라면 누구나 가입 가능한 무료 멤버십 서비스입니다.');
Insert into CGV_DB.CGV_CLUB (USER_ID,CLUB_ID,CLUB_CONT,REGDATE,CLUB_TITLE) values ('jjangguya','11','1318 club','2023.09.01-2024.02.29','만 13세~18세 청소년이라면 누구나 가입 가능한 무료 멤버십 서비스입니다.');
Insert into CGV_DB.CGV_CLUB (USER_ID,CLUB_ID,CLUB_CONT,REGDATE,CLUB_TITLE) values ('parkyh45','12','1318 club','2023.09.01-2024.02.29','만 13세~18세 청소년이라면 누구나 가입 가능한 무료 멤버십 서비스입니다.');
Insert into CGV_DB.CGV_CLUB (USER_ID,CLUB_ID,CLUB_CONT,REGDATE,CLUB_TITLE) values ('dlwlrma1','13','1318 club','2023.09.01-2024.02.29','만 13세~18세 청소년이라면 누구나 가입 가능한 무료 멤버십 서비스입니다.');
Insert into CGV_DB.CGV_CLUB (USER_ID,CLUB_ID,CLUB_CONT,REGDATE,CLUB_TITLE) values ('reallllmino','14','1318 club','2023.09.01-2024.02.29','만 13세~18세 청소년이라면 누구나 가입 가능한 무료 멤버십 서비스입니다.');
Insert into CGV_DB.CGV_CLUB (USER_ID,CLUB_ID,CLUB_CONT,REGDATE,CLUB_TITLE) values ('kyounghui','15','1318 club','2023.09.01-2024.02.29','만 13세~18세 청소년이라면 누구나 가입 가능한 무료 멤버십 서비스입니다.');
Insert into CGV_DB.CGV_CLUB (USER_ID,CLUB_ID,CLUB_CONT,REGDATE,CLUB_TITLE) values ('lseongmin','16','1318 club','2023.09.01-2024.02.29','만 13세~18세 청소년이라면 누구나 가입 가능한 무료 멤버십 서비스입니다.');
Insert into CGV_DB.CGV_CLUB (USER_ID,CLUB_ID,CLUB_CONT,REGDATE,CLUB_TITLE) values ('cyounghsu','17','1318 club','2023.09.01-2024.02.29','만 13세~18세 청소년이라면 누구나 가입 가능한 무료 멤버십 서비스입니다.');
Insert into CGV_DB.CGV_CLUB (USER_ID,CLUB_ID,CLUB_CONT,REGDATE,CLUB_TITLE) values ('pjiyoung','18','1318 club','2023.09.01-2024.02.29','만 13세~18세 청소년이라면 누구나 가입 가능한 무료 멤버십 서비스입니다.');
Insert into CGV_DB.CGV_CLUB (USER_ID,CLUB_ID,CLUB_CONT,REGDATE,CLUB_TITLE) values ('kminji66','19','1318 club','2023.09.01-2024.02.29','만 13세~18세 청소년이라면 누구나 가입 가능한 무료 멤버십 서비스입니다.');
Insert into CGV_DB.CGV_CLUB (USER_ID,CLUB_ID,CLUB_CONT,REGDATE,CLUB_TITLE) values ('jjangyoung','20','1318 club','2023.09.01-2024.02.29','만 13세~18세 청소년이라면 누구나 가입 가능한 무료 멤버십 서비스입니다.');
Insert into CGV_DB.CGV_CLUB (USER_ID,CLUB_ID,CLUB_CONT,REGDATE,CLUB_TITLE) values ('oyoungho','21','1318 club','2023.09.01-2024.02.29','만 13세~18세 청소년이라면 누구나 가입 가능한 무료 멤버십 서비스입니다.');
Insert into CGV_DB.CGV_CLUB (USER_ID,CLUB_ID,CLUB_CONT,REGDATE,CLUB_TITLE) values ('ksumin7','22','1318 club','2023.09.01-2024.02.29','만 13세~18세 청소년이라면 누구나 가입 가능한 무료 멤버십 서비스입니다.');
Insert into CGV_DB.CGV_CLUB (USER_ID,CLUB_ID,CLUB_CONT,REGDATE,CLUB_TITLE) values ('sjew8545','23','1318 club','2023.09.01-2024.02.29','만 13세~18세 청소년이라면 누구나 가입 가능한 무료 멤버십 서비스입니다.');
Insert into CGV_DB.CGV_CLUB (USER_ID,CLUB_ID,CLUB_CONT,REGDATE,CLUB_TITLE) values ('jggap000','24','1318 club','2023.09.01-2024.02.29','만 13세~18세 청소년이라면 누구나 가입 가능한 무료 멤버십 서비스입니다.');
Insert into CGV_DB.CGV_CLUB (USER_ID,CLUB_ID,CLUB_CONT,REGDATE,CLUB_TITLE) values ('nhyuna','25','1318 club','2023.09.01-2024.02.29','만 13세~18세 청소년이라면 누구나 가입 가능한 무료 멤버십 서비스입니다.');
Insert into CGV_DB.CGV_CLUB (USER_ID,CLUB_ID,CLUB_CONT,REGDATE,CLUB_TITLE) values ('pjihun23','26','1318 club','2023.09.01-2024.02.29','만 13세~18세 청소년이라면 누구나 가입 가능한 무료 멤버십 서비스입니다.');
Insert into CGV_DB.CGV_CLUB (USER_ID,CLUB_ID,CLUB_CONT,REGDATE,CLUB_TITLE) values ('lmikyung','27','1318 club','2023.09.01-2024.02.29','만 13세~18세 청소년이라면 누구나 가입 가능한 무료 멤버십 서비스입니다.');
Insert into CGV_DB.CGV_CLUB (USER_ID,CLUB_ID,CLUB_CONT,REGDATE,CLUB_TITLE) values ('hdongjun','28','1318 club','2023.09.01-2024.02.29','만 13세~18세 청소년이라면 누구나 가입 가능한 무료 멤버십 서비스입니다.');
Insert into CGV_DB.CGV_CLUB (USER_ID,CLUB_ID,CLUB_CONT,REGDATE,CLUB_TITLE) values ('sseungho','29','1318 club','2023.09.01-2024.02.29','만 13세~18세 청소년이라면 누구나 가입 가능한 무료 멤버십 서비스입니다.');
Insert into CGV_DB.CGV_CLUB (USER_ID,CLUB_ID,CLUB_CONT,REGDATE,CLUB_TITLE) values ('hjiyoung9090','30','1318 club','2023.09.01-2024.02.29','만 13세~18세 청소년이라면 누구나 가입 가능한 무료 멤버십 서비스입니다.');
Insert into CGV_DB.CGV_CLUB (USER_ID,CLUB_ID,CLUB_CONT,REGDATE,CLUB_TITLE) values ('psangmin','31','1318 club','2023.09.01-2024.02.29','만 13세~18세 청소년이라면 누구나 가입 가능한 무료 멤버십 서비스입니다.');
Insert into CGV_DB.CGV_CLUB (USER_ID,CLUB_ID,CLUB_CONT,REGDATE,CLUB_TITLE) values ('lyujin57','32','1318 club','2023.09.01-2024.02.29','만 13세~18세 청소년이라면 누구나 가입 가능한 무료 멤버십 서비스입니다.');
Insert into CGV_DB.CGV_CLUB (USER_ID,CLUB_ID,CLUB_CONT,REGDATE,CLUB_TITLE) values ('lyoungho','33','1318 club','2023.09.01-2024.02.29','만 13세~18세 청소년이라면 누구나 가입 가능한 무료 멤버십 서비스입니다.');
Insert into CGV_DB.CGV_CLUB (USER_ID,CLUB_ID,CLUB_CONT,REGDATE,CLUB_TITLE) values ('jhyunjoo','34','1318 club','2023.09.01-2024.02.29','만 13세~18세 청소년이라면 누구나 가입 가능한 무료 멤버십 서비스입니다.');
Insert into CGV_DB.CGV_CLUB (USER_ID,CLUB_ID,CLUB_CONT,REGDATE,CLUB_TITLE) values ('mjew123','35','1318 club','2023.09.01-2024.02.29','만 13세~18세 청소년이라면 누구나 가입 가능한 무료 멤버십 서비스입니다.');
Insert into CGV_DB.CGV_CLUB (USER_ID,CLUB_ID,CLUB_CONT,REGDATE,CLUB_TITLE) values ('kjinyoung','36','1318 club','2023.09.01-2024.02.29','만 13세~18세 청소년이라면 누구나 가입 가능한 무료 멤버십 서비스입니다.');
Insert into CGV_DB.CGV_CLUB (USER_ID,CLUB_ID,CLUB_CONT,REGDATE,CLUB_TITLE) values ('ssoobin','37','1318 club','2023.09.01-2024.02.29','만 13세~18세 청소년이라면 누구나 가입 가능한 무료 멤버십 서비스입니다.');
Insert into CGV_DB.CGV_CLUB (USER_ID,CLUB_ID,CLUB_CONT,REGDATE,CLUB_TITLE) values ('kjiya899','38','1318 club','2023.09.01-2024.02.29','만 13세~18세 청소년이라면 누구나 가입 가능한 무료 멤버십 서비스입니다.');
Insert into CGV_DB.CGV_CLUB (USER_ID,CLUB_ID,CLUB_CONT,REGDATE,CLUB_TITLE) values ('sjaeho005','39','1318 club','2023.09.01-2024.02.29','만 13세~18세 청소년이라면 누구나 가입 가능한 무료 멤버십 서비스입니다.');
Insert into CGV_DB.CGV_CLUB (USER_ID,CLUB_ID,CLUB_CONT,REGDATE,CLUB_TITLE) values ('ljewon8989','40','1318 club','2023.09.01-2024.02.29','만 13세~18세 청소년이라면 누구나 가입 가능한 무료 멤버십 서비스입니다.');
Insert into CGV_DB.CGV_CLUB (USER_ID,CLUB_ID,CLUB_CONT,REGDATE,CLUB_TITLE) values ('yjaemin','41','1318 club','2023.09.01-2024.02.29','만 13세~18세 청소년이라면 누구나 가입 가능한 무료 멤버십 서비스입니다.');
Insert into CGV_DB.CGV_CLUB (USER_ID,CLUB_ID,CLUB_CONT,REGDATE,CLUB_TITLE) values ('ocaywon00','42','1318 club','2023.09.01-2024.02.29','만 13세~18세 청소년이라면 누구나 가입 가능한 무료 멤버십 서비스입니다.');
Insert into CGV_DB.CGV_CLUB (USER_ID,CLUB_ID,CLUB_CONT,REGDATE,CLUB_TITLE) values ('junwww','43','1318 club','2023.09.01-2024.02.29','만 13세~18세 청소년이라면 누구나 가입 가능한 무료 멤버십 서비스입니다.');
Insert into CGV_DB.CGV_CLUB (USER_ID,CLUB_ID,CLUB_CONT,REGDATE,CLUB_TITLE) values ('seeunk3','44','1318 club','2023.09.01-2024.02.29','만 13세~18세 청소년이라면 누구나 가입 가능한 무료 멤버십 서비스입니다.');
Insert into CGV_DB.CGV_CLUB (USER_ID,CLUB_ID,CLUB_CONT,REGDATE,CLUB_TITLE) values ('songjjmm','45','1318 club','2023.09.01-2024.02.29','만 13세~18세 청소년이라면 누구나 가입 가능한 무료 멤버십 서비스입니다.');
Insert into CGV_DB.CGV_CLUB (USER_ID,CLUB_ID,CLUB_CONT,REGDATE,CLUB_TITLE) values ('youngh','46','1318 club','2023.09.01-2024.02.29','만 13세~18세 청소년이라면 누구나 가입 가능한 무료 멤버십 서비스입니다.');
Insert into CGV_DB.CGV_CLUB (USER_ID,CLUB_ID,CLUB_CONT,REGDATE,CLUB_TITLE) values ('missun','47','1318 club','2023.09.01-2024.02.29','만 13세~18세 청소년이라면 누구나 가입 가능한 무료 멤버십 서비스입니다.');
Insert into CGV_DB.CGV_CLUB (USER_ID,CLUB_ID,CLUB_CONT,REGDATE,CLUB_TITLE) values ('hoho123','48','1318 club','2023.09.01-2024.02.29','만 13세~18세 청소년이라면 누구나 가입 가능한 무료 멤버십 서비스입니다.');
Insert into CGV_DB.CGV_CLUB (USER_ID,CLUB_ID,CLUB_CONT,REGDATE,CLUB_TITLE) values ('kdh987','49','1318 club','2023.09.01-2024.02.29','만 13세~18세 청소년이라면 누구나 가입 가능한 무료 멤버십 서비스입니다.');
Insert into CGV_DB.CGV_CLUB (USER_ID,CLUB_ID,CLUB_CONT,REGDATE,CLUB_TITLE) values ('sungjun5','50','1318 club','2023.09.01-2024.02.29','만 13세~18세 청소년이라면 누구나 가입 가능한 무료 멤버십 서비스입니다.');
REM INSERTING into CGV_DB.CGV_COUP
SET DEFINE OFF;
Insert into CGV_DB.CGV_COUP (USER_ID,COUP_ID) values ('cyounghsu',3);
Insert into CGV_DB.CGV_COUP (USER_ID,COUP_ID) values ('hdongjun',14);
Insert into CGV_DB.CGV_COUP (USER_ID,COUP_ID) values ('hjiyoung9090',16);
Insert into CGV_DB.CGV_COUP (USER_ID,COUP_ID) values ('jggap000',10);
Insert into CGV_DB.CGV_COUP (USER_ID,COUP_ID) values ('jhyunjoo',20);
Insert into CGV_DB.CGV_COUP (USER_ID,COUP_ID) values ('jjangyoung',6);
Insert into CGV_DB.CGV_COUP (USER_ID,COUP_ID) values ('junwww',23);
Insert into CGV_DB.CGV_COUP (USER_ID,COUP_ID) values ('kminji66',5);
Insert into CGV_DB.CGV_COUP (USER_ID,COUP_ID) values ('ksumin7',8);
Insert into CGV_DB.CGV_COUP (USER_ID,COUP_ID) values ('lmikyung',13);
Insert into CGV_DB.CGV_COUP (USER_ID,COUP_ID) values ('lseongmin',2);
Insert into CGV_DB.CGV_COUP (USER_ID,COUP_ID) values ('lyoungho',19);
Insert into CGV_DB.CGV_COUP (USER_ID,COUP_ID) values ('lyujin57',18);
Insert into CGV_DB.CGV_COUP (USER_ID,COUP_ID) values ('mjew123',21);
Insert into CGV_DB.CGV_COUP (USER_ID,COUP_ID) values ('moonlight12',1);
Insert into CGV_DB.CGV_COUP (USER_ID,COUP_ID) values ('nhyuna',11);
Insert into CGV_DB.CGV_COUP (USER_ID,COUP_ID) values ('ocaywon00',22);
Insert into CGV_DB.CGV_COUP (USER_ID,COUP_ID) values ('oyoungho',7);
Insert into CGV_DB.CGV_COUP (USER_ID,COUP_ID) values ('pjihun23',12);
Insert into CGV_DB.CGV_COUP (USER_ID,COUP_ID) values ('pjiyoung',4);
Insert into CGV_DB.CGV_COUP (USER_ID,COUP_ID) values ('psangmin',17);
Insert into CGV_DB.CGV_COUP (USER_ID,COUP_ID) values ('seeunk3',24);
Insert into CGV_DB.CGV_COUP (USER_ID,COUP_ID) values ('sjew8545',9);
Insert into CGV_DB.CGV_COUP (USER_ID,COUP_ID) values ('songjjmm',25);
Insert into CGV_DB.CGV_COUP (USER_ID,COUP_ID) values ('sseungho',15);
REM INSERTING into CGV_DB.CGV_GIFTCARD
SET DEFINE OFF;
Insert into CGV_DB.CGV_GIFTCARD (USER_ID,CARD_ID,USE_DATE,GIFTCARD_STATE,GIFTCARD_HISTORY,GIFTCARD_PRICE) values ('beomzz6','1',null,null,null,null);
Insert into CGV_DB.CGV_GIFTCARD (USER_ID,CARD_ID,USE_DATE,GIFTCARD_STATE,GIFTCARD_HISTORY,GIFTCARD_PRICE) values ('shysong','2',null,null,null,null);
Insert into CGV_DB.CGV_GIFTCARD (USER_ID,CARD_ID,USE_DATE,GIFTCARD_STATE,GIFTCARD_HISTORY,GIFTCARD_PRICE) values ('letsgo82','3',null,null,null,null);
Insert into CGV_DB.CGV_GIFTCARD (USER_ID,CARD_ID,USE_DATE,GIFTCARD_STATE,GIFTCARD_HISTORY,GIFTCARD_PRICE) values ('jaegy112','4',null,null,null,null);
Insert into CGV_DB.CGV_GIFTCARD (USER_ID,CARD_ID,USE_DATE,GIFTCARD_STATE,GIFTCARD_HISTORY,GIFTCARD_PRICE) values ('gseoo1209','5',null,null,null,null);
Insert into CGV_DB.CGV_GIFTCARD (USER_ID,CARD_ID,USE_DATE,GIFTCARD_STATE,GIFTCARD_HISTORY,GIFTCARD_PRICE) values ('zzuro77','6',null,null,null,null);
Insert into CGV_DB.CGV_GIFTCARD (USER_ID,CARD_ID,USE_DATE,GIFTCARD_STATE,GIFTCARD_HISTORY,GIFTCARD_PRICE) values ('moonlight12','7',null,null,null,null);
Insert into CGV_DB.CGV_GIFTCARD (USER_ID,CARD_ID,USE_DATE,GIFTCARD_STATE,GIFTCARD_HISTORY,GIFTCARD_PRICE) values ('zerocoke2','8',null,null,null,null);
Insert into CGV_DB.CGV_GIFTCARD (USER_ID,CARD_ID,USE_DATE,GIFTCARD_STATE,GIFTCARD_HISTORY,GIFTCARD_PRICE) values ('jjiniyou','9',null,null,null,null);
Insert into CGV_DB.CGV_GIFTCARD (USER_ID,CARD_ID,USE_DATE,GIFTCARD_STATE,GIFTCARD_HISTORY,GIFTCARD_PRICE) values ('honggd1','10',null,null,null,null);
Insert into CGV_DB.CGV_GIFTCARD (USER_ID,CARD_ID,USE_DATE,GIFTCARD_STATE,GIFTCARD_HISTORY,GIFTCARD_PRICE) values ('jjangguya','11',null,null,null,null);
Insert into CGV_DB.CGV_GIFTCARD (USER_ID,CARD_ID,USE_DATE,GIFTCARD_STATE,GIFTCARD_HISTORY,GIFTCARD_PRICE) values ('parkyh45','12',null,null,null,null);
Insert into CGV_DB.CGV_GIFTCARD (USER_ID,CARD_ID,USE_DATE,GIFTCARD_STATE,GIFTCARD_HISTORY,GIFTCARD_PRICE) values ('dlwlrma1','13',null,null,null,null);
Insert into CGV_DB.CGV_GIFTCARD (USER_ID,CARD_ID,USE_DATE,GIFTCARD_STATE,GIFTCARD_HISTORY,GIFTCARD_PRICE) values ('reallllmino','14',null,null,null,null);
Insert into CGV_DB.CGV_GIFTCARD (USER_ID,CARD_ID,USE_DATE,GIFTCARD_STATE,GIFTCARD_HISTORY,GIFTCARD_PRICE) values ('kyounghui','15',null,null,null,null);
Insert into CGV_DB.CGV_GIFTCARD (USER_ID,CARD_ID,USE_DATE,GIFTCARD_STATE,GIFTCARD_HISTORY,GIFTCARD_PRICE) values ('lseongmin','16',null,null,null,null);
Insert into CGV_DB.CGV_GIFTCARD (USER_ID,CARD_ID,USE_DATE,GIFTCARD_STATE,GIFTCARD_HISTORY,GIFTCARD_PRICE) values ('cyounghsu','17',null,null,null,null);
Insert into CGV_DB.CGV_GIFTCARD (USER_ID,CARD_ID,USE_DATE,GIFTCARD_STATE,GIFTCARD_HISTORY,GIFTCARD_PRICE) values ('pjiyoung','18',null,null,null,null);
Insert into CGV_DB.CGV_GIFTCARD (USER_ID,CARD_ID,USE_DATE,GIFTCARD_STATE,GIFTCARD_HISTORY,GIFTCARD_PRICE) values ('kminji66','19',null,null,null,null);
Insert into CGV_DB.CGV_GIFTCARD (USER_ID,CARD_ID,USE_DATE,GIFTCARD_STATE,GIFTCARD_HISTORY,GIFTCARD_PRICE) values ('jjangyoung','20',null,null,null,null);
Insert into CGV_DB.CGV_GIFTCARD (USER_ID,CARD_ID,USE_DATE,GIFTCARD_STATE,GIFTCARD_HISTORY,GIFTCARD_PRICE) values ('oyoungho','21',null,null,null,null);
Insert into CGV_DB.CGV_GIFTCARD (USER_ID,CARD_ID,USE_DATE,GIFTCARD_STATE,GIFTCARD_HISTORY,GIFTCARD_PRICE) values ('ksumin7','22',null,null,null,null);
Insert into CGV_DB.CGV_GIFTCARD (USER_ID,CARD_ID,USE_DATE,GIFTCARD_STATE,GIFTCARD_HISTORY,GIFTCARD_PRICE) values ('sjew8545','23',null,null,null,null);
Insert into CGV_DB.CGV_GIFTCARD (USER_ID,CARD_ID,USE_DATE,GIFTCARD_STATE,GIFTCARD_HISTORY,GIFTCARD_PRICE) values ('jggap000','24',null,null,null,null);
Insert into CGV_DB.CGV_GIFTCARD (USER_ID,CARD_ID,USE_DATE,GIFTCARD_STATE,GIFTCARD_HISTORY,GIFTCARD_PRICE) values ('nhyuna','25',null,null,null,null);
Insert into CGV_DB.CGV_GIFTCARD (USER_ID,CARD_ID,USE_DATE,GIFTCARD_STATE,GIFTCARD_HISTORY,GIFTCARD_PRICE) values ('pjihun23','26',null,null,null,null);
Insert into CGV_DB.CGV_GIFTCARD (USER_ID,CARD_ID,USE_DATE,GIFTCARD_STATE,GIFTCARD_HISTORY,GIFTCARD_PRICE) values ('lmikyung','27',null,null,null,null);
Insert into CGV_DB.CGV_GIFTCARD (USER_ID,CARD_ID,USE_DATE,GIFTCARD_STATE,GIFTCARD_HISTORY,GIFTCARD_PRICE) values ('hdongjun','28',null,null,null,null);
Insert into CGV_DB.CGV_GIFTCARD (USER_ID,CARD_ID,USE_DATE,GIFTCARD_STATE,GIFTCARD_HISTORY,GIFTCARD_PRICE) values ('sseungho','29',null,null,null,null);
Insert into CGV_DB.CGV_GIFTCARD (USER_ID,CARD_ID,USE_DATE,GIFTCARD_STATE,GIFTCARD_HISTORY,GIFTCARD_PRICE) values ('hjiyoung9090','30',null,null,null,null);
Insert into CGV_DB.CGV_GIFTCARD (USER_ID,CARD_ID,USE_DATE,GIFTCARD_STATE,GIFTCARD_HISTORY,GIFTCARD_PRICE) values ('psangmin','31',null,null,null,null);
Insert into CGV_DB.CGV_GIFTCARD (USER_ID,CARD_ID,USE_DATE,GIFTCARD_STATE,GIFTCARD_HISTORY,GIFTCARD_PRICE) values ('lyujin57','32',null,null,null,null);
Insert into CGV_DB.CGV_GIFTCARD (USER_ID,CARD_ID,USE_DATE,GIFTCARD_STATE,GIFTCARD_HISTORY,GIFTCARD_PRICE) values ('lyoungho','33',null,null,null,null);
Insert into CGV_DB.CGV_GIFTCARD (USER_ID,CARD_ID,USE_DATE,GIFTCARD_STATE,GIFTCARD_HISTORY,GIFTCARD_PRICE) values ('jhyunjoo','34',null,null,null,null);
Insert into CGV_DB.CGV_GIFTCARD (USER_ID,CARD_ID,USE_DATE,GIFTCARD_STATE,GIFTCARD_HISTORY,GIFTCARD_PRICE) values ('mjew123','35',null,null,null,null);
Insert into CGV_DB.CGV_GIFTCARD (USER_ID,CARD_ID,USE_DATE,GIFTCARD_STATE,GIFTCARD_HISTORY,GIFTCARD_PRICE) values ('kjinyoung','36',null,null,null,null);
Insert into CGV_DB.CGV_GIFTCARD (USER_ID,CARD_ID,USE_DATE,GIFTCARD_STATE,GIFTCARD_HISTORY,GIFTCARD_PRICE) values ('ssoobin','37',null,null,null,null);
Insert into CGV_DB.CGV_GIFTCARD (USER_ID,CARD_ID,USE_DATE,GIFTCARD_STATE,GIFTCARD_HISTORY,GIFTCARD_PRICE) values ('kjiya899','38',null,null,null,null);
Insert into CGV_DB.CGV_GIFTCARD (USER_ID,CARD_ID,USE_DATE,GIFTCARD_STATE,GIFTCARD_HISTORY,GIFTCARD_PRICE) values ('sjaeho005','39',null,null,null,null);
Insert into CGV_DB.CGV_GIFTCARD (USER_ID,CARD_ID,USE_DATE,GIFTCARD_STATE,GIFTCARD_HISTORY,GIFTCARD_PRICE) values ('ljewon8989','40',null,null,null,null);
Insert into CGV_DB.CGV_GIFTCARD (USER_ID,CARD_ID,USE_DATE,GIFTCARD_STATE,GIFTCARD_HISTORY,GIFTCARD_PRICE) values ('yjaemin','41',null,null,null,null);
Insert into CGV_DB.CGV_GIFTCARD (USER_ID,CARD_ID,USE_DATE,GIFTCARD_STATE,GIFTCARD_HISTORY,GIFTCARD_PRICE) values ('ocaywon00','42',null,null,null,null);
Insert into CGV_DB.CGV_GIFTCARD (USER_ID,CARD_ID,USE_DATE,GIFTCARD_STATE,GIFTCARD_HISTORY,GIFTCARD_PRICE) values ('junwww','43',null,null,null,null);
Insert into CGV_DB.CGV_GIFTCARD (USER_ID,CARD_ID,USE_DATE,GIFTCARD_STATE,GIFTCARD_HISTORY,GIFTCARD_PRICE) values ('seeunk3','44',null,null,null,null);
Insert into CGV_DB.CGV_GIFTCARD (USER_ID,CARD_ID,USE_DATE,GIFTCARD_STATE,GIFTCARD_HISTORY,GIFTCARD_PRICE) values ('songjjmm','45',null,null,null,null);
REM INSERTING into CGV_DB.CGV_REDCARD
SET DEFINE OFF;
Insert into CGV_DB.CGV_REDCARD (USER_ID,REDCARD_ID,MV_ID,VIEW_DATETIME,CINEMA_ID,REDCARD_HISTORY) values ('sjaeho005','1',3,to_date('23/09/18','RR/MM/DD'),'23  ','영화관람권 구매');
Insert into CGV_DB.CGV_REDCARD (USER_ID,REDCARD_ID,MV_ID,VIEW_DATETIME,CINEMA_ID,REDCARD_HISTORY) values ('hoho123','2',null,null,null,null);
Insert into CGV_DB.CGV_REDCARD (USER_ID,REDCARD_ID,MV_ID,VIEW_DATETIME,CINEMA_ID,REDCARD_HISTORY) values ('jaegy112','3',null,null,null,null);
Insert into CGV_DB.CGV_REDCARD (USER_ID,REDCARD_ID,MV_ID,VIEW_DATETIME,CINEMA_ID,REDCARD_HISTORY) values ('sungjun5','4',null,null,null,null);
Insert into CGV_DB.CGV_REDCARD (USER_ID,REDCARD_ID,MV_ID,VIEW_DATETIME,CINEMA_ID,REDCARD_HISTORY) values ('lyoungho','5',null,null,null,null);
Insert into CGV_DB.CGV_REDCARD (USER_ID,REDCARD_ID,MV_ID,VIEW_DATETIME,CINEMA_ID,REDCARD_HISTORY) values ('pjihun23','6',null,null,null,null);
Insert into CGV_DB.CGV_REDCARD (USER_ID,REDCARD_ID,MV_ID,VIEW_DATETIME,CINEMA_ID,REDCARD_HISTORY) values ('missun','7',null,null,null,null);
REM INSERTING into CGV_DB.CJONE_COUP
SET DEFINE OFF;
Insert into CGV_DB.CJONE_COUP (COUP_ID,USER_ID) values (26,'missun');
Insert into CGV_DB.CJONE_COUP (COUP_ID,USER_ID) values (27,'hoho123');
Insert into CGV_DB.CJONE_COUP (COUP_ID,USER_ID) values (28,'kdh987');
Insert into CGV_DB.CJONE_COUP (COUP_ID,USER_ID) values (29,'sungjun5');
Insert into CGV_DB.CJONE_COUP (COUP_ID,USER_ID) values (30,'sseungho');
Insert into CGV_DB.CJONE_COUP (COUP_ID,USER_ID) values (31,'kyounghui');
Insert into CGV_DB.CJONE_COUP (COUP_ID,USER_ID) values (32,'jggap000');
Insert into CGV_DB.CJONE_COUP (COUP_ID,USER_ID) values (33,'hdongjun');
Insert into CGV_DB.CJONE_COUP (COUP_ID,USER_ID) values (34,'ssoobin');
Insert into CGV_DB.CJONE_COUP (COUP_ID,USER_ID) values (35,'sjaeho005');
REM INSERTING into CGV_DB.CJ_POINT
SET DEFINE OFF;
Insert into CGV_DB.CJ_POINT (USER_ID,CJPOINT_TYPE,CINEMA_ID,CJPOINT,CJPOINT_DATE,MV_PAY_ID) values ('shysong','1','23  ',987,to_date('23/09/18','RR/MM/DD'),47);
Insert into CGV_DB.CJ_POINT (USER_ID,CJPOINT_TYPE,CINEMA_ID,CJPOINT,CJPOINT_DATE,MV_PAY_ID) values ('shysong','1','23  ',1884,to_date('23/09/18','RR/MM/DD'),48);
Insert into CGV_DB.CJ_POINT (USER_ID,CJPOINT_TYPE,CINEMA_ID,CJPOINT,CJPOINT_DATE,MV_PAY_ID) values ('shysong','1','23  ',990,to_date('23/09/18','RR/MM/DD'),46);
Insert into CGV_DB.CJ_POINT (USER_ID,CJPOINT_TYPE,CINEMA_ID,CJPOINT,CJPOINT_DATE,MV_PAY_ID) values ('shysong','1','23  ',3480,to_date('23/09/18','RR/MM/DD'),49);
Insert into CGV_DB.CJ_POINT (USER_ID,CJPOINT_TYPE,CINEMA_ID,CJPOINT,CJPOINT_DATE,MV_PAY_ID) values ('shysong','1','23  ',3030,to_date('23/09/18','RR/MM/DD'),50);
Insert into CGV_DB.CJ_POINT (USER_ID,CJPOINT_TYPE,CINEMA_ID,CJPOINT,CJPOINT_DATE,MV_PAY_ID) values ('shysong','1','23  ',3480,to_date('23/09/18','RR/MM/DD'),51);
Insert into CGV_DB.CJ_POINT (USER_ID,CJPOINT_TYPE,CINEMA_ID,CJPOINT,CJPOINT_DATE,MV_PAY_ID) values ('shysong','1','23  ',3480,to_date('23/09/18','RR/MM/DD'),52);
Insert into CGV_DB.CJ_POINT (USER_ID,CJPOINT_TYPE,CINEMA_ID,CJPOINT,CJPOINT_DATE,MV_PAY_ID) values ('shysong','1','23  ',3480,to_date('23/09/18','RR/MM/DD'),53);
Insert into CGV_DB.CJ_POINT (USER_ID,CJPOINT_TYPE,CINEMA_ID,CJPOINT,CJPOINT_DATE,MV_PAY_ID) values ('shysong','1','23  ',990,to_date('23/09/18','RR/MM/DD'),54);
REM INSERTING into CGV_DB.COUP_CATEGORY
SET DEFINE OFF;
Insert into CGV_DB.COUP_CATEGORY (COUP_ID,COUP_CATEGORY,NAME,EXP_START,EXP_END,CONTENT,AVA_USE,DISCOUNT) values (1,'CGV','CGV 콤보 2천원 할인쿠폰',to_date('23/09/01','RR/MM/DD'),to_date('23/09/30','RR/MM/DD'),'CGV 매점 한정 2000원 할인 쿠폰 ','ON/OFF',2000);
Insert into CGV_DB.COUP_CATEGORY (COUP_ID,COUP_CATEGORY,NAME,EXP_START,EXP_END,CONTENT,AVA_USE,DISCOUNT) values (2,'CGV','CGV 콤보 2천원 할인쿠폰',to_date('23/09/01','RR/MM/DD'),to_date('23/09/30','RR/MM/DD'),'CGV 매점 한정 2000원 할인 쿠폰 ','ON/OFF',2000);
Insert into CGV_DB.COUP_CATEGORY (COUP_ID,COUP_CATEGORY,NAME,EXP_START,EXP_END,CONTENT,AVA_USE,DISCOUNT) values (3,'CGV','CGV 콤보 2천원 할인쿠폰',to_date('23/09/01','RR/MM/DD'),to_date('23/09/30','RR/MM/DD'),'CGV 매점 한정 2000원 할인 쿠폰 ','ON/OFF',2000);
Insert into CGV_DB.COUP_CATEGORY (COUP_ID,COUP_CATEGORY,NAME,EXP_START,EXP_END,CONTENT,AVA_USE,DISCOUNT) values (4,'CGV','CGV 콤보 2천원 할인쿠폰',to_date('23/09/01','RR/MM/DD'),to_date('23/09/30','RR/MM/DD'),'CGV 매점 한정 2000원 할인 쿠폰 ','ON/OFF',2000);
Insert into CGV_DB.COUP_CATEGORY (COUP_ID,COUP_CATEGORY,NAME,EXP_START,EXP_END,CONTENT,AVA_USE,DISCOUNT) values (5,'CGV','CGV 콤보 2천원 할인쿠폰',to_date('23/09/01','RR/MM/DD'),to_date('23/09/30','RR/MM/DD'),'CGV 매점 한정 2000원 할인 쿠폰 ','ON/OFF',2000);
Insert into CGV_DB.COUP_CATEGORY (COUP_ID,COUP_CATEGORY,NAME,EXP_START,EXP_END,CONTENT,AVA_USE,DISCOUNT) values (6,'CGV','CGV 콤보 3천원 할인쿠폰',to_date('23/09/01','RR/MM/DD'),to_date('23/09/30','RR/MM/DD'),'CGV 매점 한정 3000원 할인 쿠폰 ','ON/OFF',3000);
Insert into CGV_DB.COUP_CATEGORY (COUP_ID,COUP_CATEGORY,NAME,EXP_START,EXP_END,CONTENT,AVA_USE,DISCOUNT) values (7,'CGV','CGV 콤보 3천원 할인쿠폰',to_date('23/09/01','RR/MM/DD'),to_date('23/09/30','RR/MM/DD'),'CGV 매점 한정 3000원 할인 쿠폰 ','ON/OFF',3000);
Insert into CGV_DB.COUP_CATEGORY (COUP_ID,COUP_CATEGORY,NAME,EXP_START,EXP_END,CONTENT,AVA_USE,DISCOUNT) values (8,'CGV','CGV 콤보 3천원 할인쿠폰',to_date('23/09/01','RR/MM/DD'),to_date('23/09/30','RR/MM/DD'),'CGV 매점 한정 3000원 할인 쿠폰 ','ON/OFF',3000);
Insert into CGV_DB.COUP_CATEGORY (COUP_ID,COUP_CATEGORY,NAME,EXP_START,EXP_END,CONTENT,AVA_USE,DISCOUNT) values (9,'CGV','CGV 콤보 3천원 할인쿠폰',to_date('23/09/01','RR/MM/DD'),to_date('23/09/30','RR/MM/DD'),'CGV 매점 한정 3000원 할인 쿠폰 ','ON/OFF',3000);
Insert into CGV_DB.COUP_CATEGORY (COUP_ID,COUP_CATEGORY,NAME,EXP_START,EXP_END,CONTENT,AVA_USE,DISCOUNT) values (10,'CGV','CGV 콤보 3천원 할인쿠폰',to_date('23/09/01','RR/MM/DD'),to_date('23/09/30','RR/MM/DD'),'CGV 매점 한정 3000원 할인 쿠폰 ','ON/OFF',3000);
Insert into CGV_DB.COUP_CATEGORY (COUP_ID,COUP_CATEGORY,NAME,EXP_START,EXP_END,CONTENT,AVA_USE,DISCOUNT) values (11,'CGV','CGV 주중 영화 3천원 할인쿠폰',to_date('23/09/01','RR/MM/DD'),to_date('23/09/30','RR/MM/DD'),'주중 한정 영화 3000원 할인 쿠폰','ON/OFF',3000);
Insert into CGV_DB.COUP_CATEGORY (COUP_ID,COUP_CATEGORY,NAME,EXP_START,EXP_END,CONTENT,AVA_USE,DISCOUNT) values (12,'CGV','CGV 주중 영화 3천원 할인쿠폰',to_date('23/09/01','RR/MM/DD'),to_date('23/09/30','RR/MM/DD'),'주중 한정 영화 3000원 할인 쿠폰','ON/OFF',3000);
Insert into CGV_DB.COUP_CATEGORY (COUP_ID,COUP_CATEGORY,NAME,EXP_START,EXP_END,CONTENT,AVA_USE,DISCOUNT) values (13,'CGV','CGV 주중 영화 3천원 할인쿠폰',to_date('23/09/01','RR/MM/DD'),to_date('23/09/30','RR/MM/DD'),'주중 한정 영화 3000원 할인 쿠폰','ON/OFF',3000);
Insert into CGV_DB.COUP_CATEGORY (COUP_ID,COUP_CATEGORY,NAME,EXP_START,EXP_END,CONTENT,AVA_USE,DISCOUNT) values (14,'CGV','CGV 주중 영화 3천원 할인쿠폰',to_date('23/09/01','RR/MM/DD'),to_date('23/09/30','RR/MM/DD'),'주중 한정 영화 3000원 할인 쿠폰','ON/OFF',3000);
Insert into CGV_DB.COUP_CATEGORY (COUP_ID,COUP_CATEGORY,NAME,EXP_START,EXP_END,CONTENT,AVA_USE,DISCOUNT) values (15,'CGV','CGV 주중 영화 3천원 할인쿠폰',to_date('23/09/01','RR/MM/DD'),to_date('23/09/30','RR/MM/DD'),'주중 한정 영화 3000원 할인 쿠폰','ON/OFF',3000);
Insert into CGV_DB.COUP_CATEGORY (COUP_ID,COUP_CATEGORY,NAME,EXP_START,EXP_END,CONTENT,AVA_USE,DISCOUNT) values (16,'CGV','CGV 주중/주말 영화 2천원 할인쿠폰',to_date('23/09/01','RR/MM/DD'),to_date('23/09/30','RR/MM/DD'),'주중/주말 영화 2000원 할인 쿠폰','ON/OFF',2000);
Insert into CGV_DB.COUP_CATEGORY (COUP_ID,COUP_CATEGORY,NAME,EXP_START,EXP_END,CONTENT,AVA_USE,DISCOUNT) values (17,'CGV','CGV 주중/주말 영화 2천원 할인쿠폰',to_date('23/09/01','RR/MM/DD'),to_date('23/09/30','RR/MM/DD'),'주중/주말 영화 2000원 할인 쿠폰','ON/OFF',2000);
Insert into CGV_DB.COUP_CATEGORY (COUP_ID,COUP_CATEGORY,NAME,EXP_START,EXP_END,CONTENT,AVA_USE,DISCOUNT) values (18,'CGV','CGV 주중/주말 영화 2천원 할인쿠폰',to_date('23/09/01','RR/MM/DD'),to_date('23/09/30','RR/MM/DD'),'주중/주말 영화 2000원 할인 쿠폰','ON/OFF',2000);
Insert into CGV_DB.COUP_CATEGORY (COUP_ID,COUP_CATEGORY,NAME,EXP_START,EXP_END,CONTENT,AVA_USE,DISCOUNT) values (19,'CGV','CGV 주중/주말 영화 2천원 할인쿠폰',to_date('23/09/01','RR/MM/DD'),to_date('23/09/30','RR/MM/DD'),'주중/주말 영화 2000원 할인 쿠폰','ON/OFF',2000);
Insert into CGV_DB.COUP_CATEGORY (COUP_ID,COUP_CATEGORY,NAME,EXP_START,EXP_END,CONTENT,AVA_USE,DISCOUNT) values (20,'CGV','CGV 주중/주말 영화 2천원 할인쿠폰',to_date('23/09/01','RR/MM/DD'),to_date('23/09/30','RR/MM/DD'),'주중/주말 영화 2000원 할인 쿠폰','ON/OFF',2000);
Insert into CGV_DB.COUP_CATEGORY (COUP_ID,COUP_CATEGORY,NAME,EXP_START,EXP_END,CONTENT,AVA_USE,DISCOUNT) values (21,'CGV','CGV 영화 할인쿠폰 5천원 할인쿠폰',to_date('23/09/01','RR/MM/DD'),to_date('23/09/30','RR/MM/DD'),'주중/주말 영화 5000원 할인 쿠폰','ON/OFF',5000);
Insert into CGV_DB.COUP_CATEGORY (COUP_ID,COUP_CATEGORY,NAME,EXP_START,EXP_END,CONTENT,AVA_USE,DISCOUNT) values (22,'CGV','CGV 영화 할인쿠폰 5천원 할인쿠폰',to_date('23/09/01','RR/MM/DD'),to_date('23/09/30','RR/MM/DD'),'주중/주말 영화 5000원 할인 쿠폰','ON/OFF',5000);
Insert into CGV_DB.COUP_CATEGORY (COUP_ID,COUP_CATEGORY,NAME,EXP_START,EXP_END,CONTENT,AVA_USE,DISCOUNT) values (23,'CGV','CGV 영화 할인쿠폰 5천원 할인쿠폰',to_date('23/09/01','RR/MM/DD'),to_date('23/09/30','RR/MM/DD'),'주중/주말 영화 5000원 할인 쿠폰','ON/OFF',5000);
Insert into CGV_DB.COUP_CATEGORY (COUP_ID,COUP_CATEGORY,NAME,EXP_START,EXP_END,CONTENT,AVA_USE,DISCOUNT) values (24,'CGV','CGV 영화 할인쿠폰 5천원 할인쿠폰',to_date('23/09/01','RR/MM/DD'),to_date('23/09/30','RR/MM/DD'),'주중/주말 영화 5000원 할인 쿠폰','ON/OFF',5000);
Insert into CGV_DB.COUP_CATEGORY (COUP_ID,COUP_CATEGORY,NAME,EXP_START,EXP_END,CONTENT,AVA_USE,DISCOUNT) values (25,'CGV','CGV 영화 할인쿠폰 5천원 할인쿠폰',to_date('23/09/01','RR/MM/DD'),to_date('23/09/30','RR/MM/DD'),'주중/주말 영화 5000원 할인 쿠폰','ON/OFF',5000);
Insert into CGV_DB.COUP_CATEGORY (COUP_ID,COUP_CATEGORY,NAME,EXP_START,EXP_END,CONTENT,AVA_USE,DISCOUNT) values (26,'CJ','[가입축하] 매점 콤보 한정 1000원 할인',to_date('23/09/01','RR/MM/DD'),to_date('23/09/30','RR/MM/DD'),'매점에서 콤보 구매 시 1000원 할인','ON/OFF',1000);
Insert into CGV_DB.COUP_CATEGORY (COUP_ID,COUP_CATEGORY,NAME,EXP_START,EXP_END,CONTENT,AVA_USE,DISCOUNT) values (27,'CJ','[가입축하] 매점 콤보 한정 1000원 할인',to_date('23/09/01','RR/MM/DD'),to_date('23/09/30','RR/MM/DD'),'매점에서 콤보 구매 시 1000원 할인','ON/OFF',1000);
Insert into CGV_DB.COUP_CATEGORY (COUP_ID,COUP_CATEGORY,NAME,EXP_START,EXP_END,CONTENT,AVA_USE,DISCOUNT) values (28,'CJ','[가입축하] 매점 콤보 한정 1000원 할인',to_date('23/09/01','RR/MM/DD'),to_date('23/09/30','RR/MM/DD'),'매점에서 콤보 구매 시 1000원 할인','ON/OFF',1000);
Insert into CGV_DB.COUP_CATEGORY (COUP_ID,COUP_CATEGORY,NAME,EXP_START,EXP_END,CONTENT,AVA_USE,DISCOUNT) values (29,'CJ','[가입축하] 매점 콤보 한정 1000원 할인',to_date('23/09/01','RR/MM/DD'),to_date('23/09/30','RR/MM/DD'),'매점에서 콤보 구매 시 1000원 할인','ON/OFF',1000);
Insert into CGV_DB.COUP_CATEGORY (COUP_ID,COUP_CATEGORY,NAME,EXP_START,EXP_END,CONTENT,AVA_USE,DISCOUNT) values (30,'CJ','[가입축하] 매점 콤보 한정 1000원 할인',to_date('23/09/01','RR/MM/DD'),to_date('23/09/30','RR/MM/DD'),'매점에서 콤보 구매 시 1000원 할인','ON/OFF',1000);
Insert into CGV_DB.COUP_CATEGORY (COUP_ID,COUP_CATEGORY,NAME,EXP_START,EXP_END,CONTENT,AVA_USE,DISCOUNT) values (31,'CJ','[생일축하]매점 콤보 한정 6000원 할인',to_date('23/09/01','RR/MM/DD'),to_date('23/09/30','RR/MM/DD'),'매점에서 콤보 구매 시 6000원 할인','ON/OFF',6000);
Insert into CGV_DB.COUP_CATEGORY (COUP_ID,COUP_CATEGORY,NAME,EXP_START,EXP_END,CONTENT,AVA_USE,DISCOUNT) values (32,'CJ','[생일축하]매점 콤보 한정 6000원 할인',to_date('23/09/01','RR/MM/DD'),to_date('23/09/30','RR/MM/DD'),'매점에서 콤보 구매 시 6000원 할인','ON/OFF',6000);
Insert into CGV_DB.COUP_CATEGORY (COUP_ID,COUP_CATEGORY,NAME,EXP_START,EXP_END,CONTENT,AVA_USE,DISCOUNT) values (33,'CJ','[생일축하]매점 콤보 한정 6000원 할인',to_date('23/09/01','RR/MM/DD'),to_date('23/09/30','RR/MM/DD'),'매점에서 콤보 구매 시 6000원 할인','ON/OFF',6000);
Insert into CGV_DB.COUP_CATEGORY (COUP_ID,COUP_CATEGORY,NAME,EXP_START,EXP_END,CONTENT,AVA_USE,DISCOUNT) values (34,'CJ','[생일축하]매점 콤보 한정 6000원 할인',to_date('23/09/01','RR/MM/DD'),to_date('23/09/30','RR/MM/DD'),'매점에서 콤보 구매 시 6000원 할인','ON/OFF',6000);
Insert into CGV_DB.COUP_CATEGORY (COUP_ID,COUP_CATEGORY,NAME,EXP_START,EXP_END,CONTENT,AVA_USE,DISCOUNT) values (35,'CJ','[생일축하]매점 콤보 한정 6000원 할인',to_date('23/09/01','RR/MM/DD'),to_date('23/09/30','RR/MM/DD'),'매점에서 콤보 구매 시 6000원 할인','ON/OFF',6000);
Insert into CGV_DB.COUP_CATEGORY (COUP_ID,COUP_CATEGORY,NAME,EXP_START,EXP_END,CONTENT,AVA_USE,DISCOUNT) values (36,'CARD','CGV 삼성카드3 주중 9000원 할인쿠폰',to_date('23/09/01','RR/MM/DD'),to_date('23/09/30','RR/MM/DD'),'주중 영화 9000원 할인 쿠폰','ON/OFF',9000);
Insert into CGV_DB.COUP_CATEGORY (COUP_ID,COUP_CATEGORY,NAME,EXP_START,EXP_END,CONTENT,AVA_USE,DISCOUNT) values (37,'CARD','CGV 삼성카드3 주중 9000원 할인쿠폰',to_date('23/09/01','RR/MM/DD'),to_date('23/09/30','RR/MM/DD'),'주중 영화 9000원 할인 쿠폰','ON/OFF',9000);
Insert into CGV_DB.COUP_CATEGORY (COUP_ID,COUP_CATEGORY,NAME,EXP_START,EXP_END,CONTENT,AVA_USE,DISCOUNT) values (38,'CARD','CGV 삼성카드3 주중 9000원 할인쿠폰',to_date('23/09/01','RR/MM/DD'),to_date('23/09/30','RR/MM/DD'),'주중 영화 9000원 할인 쿠폰','ON/OFF',9000);
Insert into CGV_DB.COUP_CATEGORY (COUP_ID,COUP_CATEGORY,NAME,EXP_START,EXP_END,CONTENT,AVA_USE,DISCOUNT) values (39,'CARD','CGV 삼성카드3 주말 4500원 할인쿠폰',to_date('23/09/01','RR/MM/DD'),to_date('23/09/30','RR/MM/DD'),'주말 영화 4500원 할인 쿠폰','ON/OFF',4500);
Insert into CGV_DB.COUP_CATEGORY (COUP_ID,COUP_CATEGORY,NAME,EXP_START,EXP_END,CONTENT,AVA_USE,DISCOUNT) values (40,'CARD','CGV 삼성카드3 주말 4500원 할인쿠폰',to_date('23/09/01','RR/MM/DD'),to_date('23/09/30','RR/MM/DD'),'주말 영화 4500원 할인 쿠폰','ON/OFF',4500);
Insert into CGV_DB.COUP_CATEGORY (COUP_ID,COUP_CATEGORY,NAME,EXP_START,EXP_END,CONTENT,AVA_USE,DISCOUNT) values (41,'CARD','CGV 삼성카드3 주말 4500원 할인쿠폰',to_date('23/09/01','RR/MM/DD'),to_date('23/09/30','RR/MM/DD'),'주말 영화 4500원 할인 쿠폰','ON/OFF',4500);
Insert into CGV_DB.COUP_CATEGORY (COUP_ID,COUP_CATEGORY,NAME,EXP_START,EXP_END,CONTENT,AVA_USE,DISCOUNT) values (42,'CARD','CGV 현대카드 5000원 할인쿠폰',to_date('23/09/01','RR/MM/DD'),to_date('23/09/30','RR/MM/DD'),'주중/주말 영화 5000원 할인 쿠폰','ON/OFF',5000);
Insert into CGV_DB.COUP_CATEGORY (COUP_ID,COUP_CATEGORY,NAME,EXP_START,EXP_END,CONTENT,AVA_USE,DISCOUNT) values (43,'CARD','CGV 현대카드 5000원 할인쿠폰',to_date('23/09/01','RR/MM/DD'),to_date('23/09/30','RR/MM/DD'),'주중/주말 영화 5000원 할인 쿠폰','ON/OFF',5000);
Insert into CGV_DB.COUP_CATEGORY (COUP_ID,COUP_CATEGORY,NAME,EXP_START,EXP_END,CONTENT,AVA_USE,DISCOUNT) values (44,'CARD','CGV 현대카드 5000원 할인쿠폰',to_date('23/09/01','RR/MM/DD'),to_date('23/09/30','RR/MM/DD'),'주중/주말 영화 5000원 할인 쿠폰','ON/OFF',5000);
Insert into CGV_DB.COUP_CATEGORY (COUP_ID,COUP_CATEGORY,NAME,EXP_START,EXP_END,CONTENT,AVA_USE,DISCOUNT) values (45,'CARD','CGV 현대카드 5000원 할인쿠폰',to_date('23/09/01','RR/MM/DD'),to_date('23/09/30','RR/MM/DD'),'주중/주말 영화 5000원 할인 쿠폰','ON/OFF',5000);
Insert into CGV_DB.COUP_CATEGORY (COUP_ID,COUP_CATEGORY,NAME,EXP_START,EXP_END,CONTENT,AVA_USE,DISCOUNT) values (46,'CARD','CGV 현대카드 5000원 할인쿠폰',to_date('23/09/01','RR/MM/DD'),to_date('23/09/30','RR/MM/DD'),'주중/주말 영화 5000원 할인 쿠폰','ON/OFF',5000);
Insert into CGV_DB.COUP_CATEGORY (COUP_ID,COUP_CATEGORY,NAME,EXP_START,EXP_END,CONTENT,AVA_USE,DISCOUNT) values (47,'CARD','CGV 신한카드 3000원 할인쿠폰',to_date('23/09/01','RR/MM/DD'),to_date('23/09/30','RR/MM/DD'),'주중/주말 영화 3000원 할인 쿠폰','ON/OFF',3000);
Insert into CGV_DB.COUP_CATEGORY (COUP_ID,COUP_CATEGORY,NAME,EXP_START,EXP_END,CONTENT,AVA_USE,DISCOUNT) values (48,'CARD','CGV 신한카드 3000원 할인쿠폰',to_date('23/09/01','RR/MM/DD'),to_date('23/09/30','RR/MM/DD'),'주중/주말 영화 3000원 할인 쿠폰','ON/OFF',3000);
Insert into CGV_DB.COUP_CATEGORY (COUP_ID,COUP_CATEGORY,NAME,EXP_START,EXP_END,CONTENT,AVA_USE,DISCOUNT) values (49,'CARD','CGV 신한카드 3000원 할인쿠폰',to_date('23/09/01','RR/MM/DD'),to_date('23/09/30','RR/MM/DD'),'주중/주말 영화 3000원 할인 쿠폰','ON/OFF',3000);
Insert into CGV_DB.COUP_CATEGORY (COUP_ID,COUP_CATEGORY,NAME,EXP_START,EXP_END,CONTENT,AVA_USE,DISCOUNT) values (50,'CARD','CGV 신한카드 3000원 할인쿠폰',to_date('23/09/01','RR/MM/DD'),to_date('23/09/30','RR/MM/DD'),'주중/주말 영화 3000원 할인 쿠폰','ON/OFF',3000);
Insert into CGV_DB.COUP_CATEGORY (COUP_ID,COUP_CATEGORY,NAME,EXP_START,EXP_END,CONTENT,AVA_USE,DISCOUNT) values (51,'CARD','CGV 신한카드 3000원 할인쿠폰',to_date('23/09/01','RR/MM/DD'),to_date('23/09/30','RR/MM/DD'),'주중/주말 영화 3000원 할인 쿠폰','ON/OFF',3000);
REM INSERTING into CGV_DB.C_ACTOR
SET DEFINE OFF;
Insert into CGV_DB.C_ACTOR (CAST_ID,ACT_ID,MV_ID) values (1,1,1);
Insert into CGV_DB.C_ACTOR (CAST_ID,ACT_ID,MV_ID) values (2,2,2);
Insert into CGV_DB.C_ACTOR (CAST_ID,ACT_ID,MV_ID) values (3,3,2);
Insert into CGV_DB.C_ACTOR (CAST_ID,ACT_ID,MV_ID) values (4,4,2);
Insert into CGV_DB.C_ACTOR (CAST_ID,ACT_ID,MV_ID) values (5,5,2);
Insert into CGV_DB.C_ACTOR (CAST_ID,ACT_ID,MV_ID) values (6,6,2);
Insert into CGV_DB.C_ACTOR (CAST_ID,ACT_ID,MV_ID) values (7,7,2);
Insert into CGV_DB.C_ACTOR (CAST_ID,ACT_ID,MV_ID) values (8,8,2);
Insert into CGV_DB.C_ACTOR (CAST_ID,ACT_ID,MV_ID) values (9,9,2);
Insert into CGV_DB.C_ACTOR (CAST_ID,ACT_ID,MV_ID) values (10,10,3);
Insert into CGV_DB.C_ACTOR (CAST_ID,ACT_ID,MV_ID) values (11,11,3);
Insert into CGV_DB.C_ACTOR (CAST_ID,ACT_ID,MV_ID) values (12,12,4);
Insert into CGV_DB.C_ACTOR (CAST_ID,ACT_ID,MV_ID) values (13,13,4);
Insert into CGV_DB.C_ACTOR (CAST_ID,ACT_ID,MV_ID) values (14,14,5);
Insert into CGV_DB.C_ACTOR (CAST_ID,ACT_ID,MV_ID) values (15,15,5);
Insert into CGV_DB.C_ACTOR (CAST_ID,ACT_ID,MV_ID) values (16,16,5);
Insert into CGV_DB.C_ACTOR (CAST_ID,ACT_ID,MV_ID) values (17,17,7);
Insert into CGV_DB.C_ACTOR (CAST_ID,ACT_ID,MV_ID) values (18,18,7);
Insert into CGV_DB.C_ACTOR (CAST_ID,ACT_ID,MV_ID) values (19,19,7);
Insert into CGV_DB.C_ACTOR (CAST_ID,ACT_ID,MV_ID) values (20,20,7);
Insert into CGV_DB.C_ACTOR (CAST_ID,ACT_ID,MV_ID) values (21,21,7);
Insert into CGV_DB.C_ACTOR (CAST_ID,ACT_ID,MV_ID) values (22,22,7);
Insert into CGV_DB.C_ACTOR (CAST_ID,ACT_ID,MV_ID) values (23,23,7);
Insert into CGV_DB.C_ACTOR (CAST_ID,ACT_ID,MV_ID) values (24,24,7);
Insert into CGV_DB.C_ACTOR (CAST_ID,ACT_ID,MV_ID) values (25,25,8);
Insert into CGV_DB.C_ACTOR (CAST_ID,ACT_ID,MV_ID) values (26,26,8);
Insert into CGV_DB.C_ACTOR (CAST_ID,ACT_ID,MV_ID) values (27,27,8);
Insert into CGV_DB.C_ACTOR (CAST_ID,ACT_ID,MV_ID) values (28,28,8);
Insert into CGV_DB.C_ACTOR (CAST_ID,ACT_ID,MV_ID) values (29,29,8);
Insert into CGV_DB.C_ACTOR (CAST_ID,ACT_ID,MV_ID) values (30,30,8);
Insert into CGV_DB.C_ACTOR (CAST_ID,ACT_ID,MV_ID) values (31,31,9);
Insert into CGV_DB.C_ACTOR (CAST_ID,ACT_ID,MV_ID) values (32,32,9);
Insert into CGV_DB.C_ACTOR (CAST_ID,ACT_ID,MV_ID) values (33,33,9);
Insert into CGV_DB.C_ACTOR (CAST_ID,ACT_ID,MV_ID) values (34,34,9);
Insert into CGV_DB.C_ACTOR (CAST_ID,ACT_ID,MV_ID) values (35,35,9);
Insert into CGV_DB.C_ACTOR (CAST_ID,ACT_ID,MV_ID) values (36,36,9);
Insert into CGV_DB.C_ACTOR (CAST_ID,ACT_ID,MV_ID) values (37,37,9);
Insert into CGV_DB.C_ACTOR (CAST_ID,ACT_ID,MV_ID) values (38,38,9);
Insert into CGV_DB.C_ACTOR (CAST_ID,ACT_ID,MV_ID) values (39,2,9);
Insert into CGV_DB.C_ACTOR (CAST_ID,ACT_ID,MV_ID) values (40,39,10);
Insert into CGV_DB.C_ACTOR (CAST_ID,ACT_ID,MV_ID) values (41,40,10);
Insert into CGV_DB.C_ACTOR (CAST_ID,ACT_ID,MV_ID) values (42,41,11);
Insert into CGV_DB.C_ACTOR (CAST_ID,ACT_ID,MV_ID) values (43,42,11);
Insert into CGV_DB.C_ACTOR (CAST_ID,ACT_ID,MV_ID) values (44,43,12);
Insert into CGV_DB.C_ACTOR (CAST_ID,ACT_ID,MV_ID) values (45,44,12);
Insert into CGV_DB.C_ACTOR (CAST_ID,ACT_ID,MV_ID) values (46,45,12);
Insert into CGV_DB.C_ACTOR (CAST_ID,ACT_ID,MV_ID) values (47,46,12);
Insert into CGV_DB.C_ACTOR (CAST_ID,ACT_ID,MV_ID) values (48,47,12);
Insert into CGV_DB.C_ACTOR (CAST_ID,ACT_ID,MV_ID) values (49,48,12);
Insert into CGV_DB.C_ACTOR (CAST_ID,ACT_ID,MV_ID) values (50,49,12);
Insert into CGV_DB.C_ACTOR (CAST_ID,ACT_ID,MV_ID) values (51,50,13);
Insert into CGV_DB.C_ACTOR (CAST_ID,ACT_ID,MV_ID) values (52,51,13);
Insert into CGV_DB.C_ACTOR (CAST_ID,ACT_ID,MV_ID) values (53,52,13);
Insert into CGV_DB.C_ACTOR (CAST_ID,ACT_ID,MV_ID) values (54,53,13);
Insert into CGV_DB.C_ACTOR (CAST_ID,ACT_ID,MV_ID) values (55,54,13);
Insert into CGV_DB.C_ACTOR (CAST_ID,ACT_ID,MV_ID) values (56,55,13);
Insert into CGV_DB.C_ACTOR (CAST_ID,ACT_ID,MV_ID) values (57,56,13);
Insert into CGV_DB.C_ACTOR (CAST_ID,ACT_ID,MV_ID) values (58,57,16);
Insert into CGV_DB.C_ACTOR (CAST_ID,ACT_ID,MV_ID) values (59,58,16);
Insert into CGV_DB.C_ACTOR (CAST_ID,ACT_ID,MV_ID) values (60,59,16);
Insert into CGV_DB.C_ACTOR (CAST_ID,ACT_ID,MV_ID) values (61,60,16);
Insert into CGV_DB.C_ACTOR (CAST_ID,ACT_ID,MV_ID) values (62,61,16);
Insert into CGV_DB.C_ACTOR (CAST_ID,ACT_ID,MV_ID) values (63,62,16);
Insert into CGV_DB.C_ACTOR (CAST_ID,ACT_ID,MV_ID) values (64,63,17);
Insert into CGV_DB.C_ACTOR (CAST_ID,ACT_ID,MV_ID) values (65,64,17);
Insert into CGV_DB.C_ACTOR (CAST_ID,ACT_ID,MV_ID) values (66,65,17);
Insert into CGV_DB.C_ACTOR (CAST_ID,ACT_ID,MV_ID) values (67,66,17);
Insert into CGV_DB.C_ACTOR (CAST_ID,ACT_ID,MV_ID) values (68,67,17);
Insert into CGV_DB.C_ACTOR (CAST_ID,ACT_ID,MV_ID) values (69,68,18);
Insert into CGV_DB.C_ACTOR (CAST_ID,ACT_ID,MV_ID) values (70,69,18);
Insert into CGV_DB.C_ACTOR (CAST_ID,ACT_ID,MV_ID) values (71,70,18);
Insert into CGV_DB.C_ACTOR (CAST_ID,ACT_ID,MV_ID) values (72,71,18);
Insert into CGV_DB.C_ACTOR (CAST_ID,ACT_ID,MV_ID) values (73,72,19);
Insert into CGV_DB.C_ACTOR (CAST_ID,ACT_ID,MV_ID) values (74,73,19);
Insert into CGV_DB.C_ACTOR (CAST_ID,ACT_ID,MV_ID) values (75,74,19);
Insert into CGV_DB.C_ACTOR (CAST_ID,ACT_ID,MV_ID) values (76,75,19);
Insert into CGV_DB.C_ACTOR (CAST_ID,ACT_ID,MV_ID) values (77,76,19);
Insert into CGV_DB.C_ACTOR (CAST_ID,ACT_ID,MV_ID) values (78,77,19);
Insert into CGV_DB.C_ACTOR (CAST_ID,ACT_ID,MV_ID) values (79,78,19);
Insert into CGV_DB.C_ACTOR (CAST_ID,ACT_ID,MV_ID) values (80,79,19);
Insert into CGV_DB.C_ACTOR (CAST_ID,ACT_ID,MV_ID) values (81,80,19);
REM INSERTING into CGV_DB.DIRECTOR
SET DEFINE OFF;
Insert into CGV_DB.DIRECTOR (DT_ID,DT_NAME,DT_SUMMARY) values (1,'케네스 브래너
',null);
Insert into CGV_DB.DIRECTOR (DT_ID,DT_NAME,DT_SUMMARY) values (2,'유재선',null);
Insert into CGV_DB.DIRECTOR (DT_ID,DT_NAME,DT_SUMMARY) values (3,'타구치 토모히사',null);
Insert into CGV_DB.DIRECTOR (DT_ID,DT_NAME,DT_SUMMARY) values (4,'데이빗 예이츠','그의 대표작으로는 2007년 <해리포터와 불사조 기사단>에 이어 4편 모두를 감독 연출하였다.');
Insert into CGV_DB.DIRECTOR (DT_ID,DT_NAME,DT_SUMMARY) values (5,'이노우에 다케히코',null);
Insert into CGV_DB.DIRECTOR (DT_ID,DT_NAME,DT_SUMMARY) values (6,'김지운','서울예전 연극과에 입학했지만 도중에 그만두고 연극 현장에서 활동했다. 연극에서 영화로 활동영역을 옮겨 시나리오를 썼는데, <조용한 가족>이 시나리오 공모에 당선되었다.');
Insert into CGV_DB.DIRECTOR (DT_ID,DT_NAME,DT_SUMMARY) values (7,'김성식',null);
Insert into CGV_DB.DIRECTOR (DT_ID,DT_NAME,DT_SUMMARY) values (8,'크리스토퍼 놀란',null);
Insert into CGV_DB.DIRECTOR (DT_ID,DT_NAME,DT_SUMMARY) values (9,'크리스티안 페촐트',null);
Insert into CGV_DB.DIRECTOR (DT_ID,DT_NAME,DT_SUMMARY) values (10,'노엘 클리어리',null);
Insert into CGV_DB.DIRECTOR (DT_ID,DT_NAME,DT_SUMMARY) values (11,'닐 블롬캠프',null);
Insert into CGV_DB.DIRECTOR (DT_ID,DT_NAME,DT_SUMMARY) values (12,'최원경',null);
Insert into CGV_DB.DIRECTOR (DT_ID,DT_NAME,DT_SUMMARY) values (13,'전병덕','1980년 출생. 2007년 수원대학교 연극영화과를 졸업하고 현재 한국예술종합학교 영상원 영화과전문사에 재학중이다.');
Insert into CGV_DB.DIRECTOR (DT_ID,DT_NAME,DT_SUMMARY) values (14,'이광진',null);
Insert into CGV_DB.DIRECTOR (DT_ID,DT_NAME,DT_SUMMARY) values (15,'지삼',null);
Insert into CGV_DB.DIRECTOR (DT_ID,DT_NAME,DT_SUMMARY) values (16,'김장미',null);
Insert into CGV_DB.DIRECTOR (DT_ID,DT_NAME,DT_SUMMARY) values (17,'서형우',null);
Insert into CGV_DB.DIRECTOR (DT_ID,DT_NAME,DT_SUMMARY) values (18,'엄태화',null);
Insert into CGV_DB.DIRECTOR (DT_ID,DT_NAME,DT_SUMMARY) values (19,'이한','[연애소설][청춘만화]에 이어 사랑 3부작의 완결편[내사랑]을 연출했으며, 사랑 이야기를 균형감 있게 그려내며 탁월한 연출력을 인정받은 바 있다');
Insert into CGV_DB.DIRECTOR (DT_ID,DT_NAME,DT_SUMMARY) values (20,'제프 로우',null);
Insert into CGV_DB.DIRECTOR (DT_ID,DT_NAME,DT_SUMMARY) values (21,'신카이 마코토','게임회사에 다니면서 만든 [그녀와 그녀의 고양이] 그리고, 이후 집에서 혼자 만든 애니메이션[별의 목소리]등 1인 제작시스템으로 만드는 작품마다 일본 애니메이션계를 놀라키며 혜성처럼 등장한 천재 애니메이션 감독');
REM INSERTING into CGV_DB.DIS_CARD
SET DEFINE OFF;
Insert into CGV_DB.DIS_CARD (CARD_ID,CARD_NAME,DISCOUNT_TYPE,DISCOUNT_PRICE,DISCOUNT_CONTENT) values (1,'The CJ KB 국민카드','현장할인 인터넷할인 청구할인','3000원/6000원','일 1회, 연 12회,  8,500원 미만 결제 시 3,000원 할인 / 8,500원 이상 결제 시 6,000원 할인, 월 평균 결제금액 미달 시 2,000원 할인,신규회원은 발급 120일간 이용금액 체크 없이 결제금액에 따른 1회 할인');
Insert into CGV_DB.DIS_CARD (CARD_ID,CARD_NAME,DISCOUNT_TYPE,DISCOUNT_PRICE,DISCOUNT_CONTENT) values (2,'The CJ 현대카드M Edition2','현장할인 인터넷할인 청구할인','3000원','월 1회, 연 8회, 3,000원 청구할인 적용,전월 카드 이용실적 10만원 이상 시 할인 적용,신규회원은 발급 월 포함 2개월 간 할인 적용');
Insert into CGV_DB.DIS_CARD (CARD_ID,CARD_NAME,DISCOUNT_TYPE,DISCOUNT_PRICE,DISCOUNT_CONTENT) values (3,'IBK 무직타이거 카드','현장할인 인터넷할인','10000원','통합 월 1회, 연 12회,현장 및 온라인 예매 시,통합 월 1회, 연 12회, 건당 1만원 이상 결제 시,예매 대행 사이트를 통한 예매 시 할인 제외');
Insert into CGV_DB.DIS_CARD (CARD_ID,CARD_NAME,DISCOUNT_TYPE,DISCOUNT_PRICE,DISCOUNT_CONTENT) values (4,'올바른FLEX카드','현장할인 인터넷할인 청구할인','30%','이용건당 1만원 이상 결제 시 제공,현장 결제 및 공식 홈페이지/앱 > 결제수단 > 신용카드 > ,해당카드 결제 시 제공, 이 외 결제방법(일부 간편/페이결제 등) 이용 및 예매대행사이트, 매점 제외');
Insert into CGV_DB.DIS_CARD (CARD_ID,CARD_NAME,DISCOUNT_TYPE,DISCOUNT_PRICE,DISCOUNT_CONTENT) values (5,'I’m CHEERFUL','현장할인 인터넷할인','3,000원 ','일 1회, 월 2회,1만원 이상 결제 시 3천원 결제일 할인 단, 토요일, 일요일, 공휴일 건만 할인 혜택 제공');
Insert into CGV_DB.DIS_CARD (CARD_ID,CARD_NAME,DISCOUNT_TYPE,DISCOUNT_PRICE,DISCOUNT_CONTENT) values (6,'[SC제일] TIME 카드','현장할인 인터넷할인','1000원','일 1회 (극장통합) 최소 5천원 이상 결제 시 1,000원 할인');
Insert into CGV_DB.DIS_CARD (CARD_ID,CARD_NAME,DISCOUNT_TYPE,DISCOUNT_PRICE,DISCOUNT_CONTENT) values (7,'삼성증권CMA+S 드라이빙카드','현장할인','1500원','일 1회, 월 5회, 연 6회 현장결제 시 1,500원 현장할인 단, YES24 온라인 예매 시 청구할인 직전 3개월 월평균 일시불 및 할부 이용금액 30만원 이상 시 제공 발급월+2개월까지는 이용금액에 관계없이 1회 제공');
Insert into CGV_DB.DIS_CARD (CARD_ID,CARD_NAME,DISCOUNT_TYPE,DISCOUNT_PRICE,DISCOUNT_CONTENT) values (8,'신한카드 Always FAN','인터넷할인','월 1회','8,000원 할인 월 1회 할인 CGV사이트/앱 접속이용 결제 시 할인 적용 전월 이용금액 할인한도 전월실적 50만원 이상 / 생활 할인 서비스 통합할인한도: 30,000원');
Insert into CGV_DB.DIS_CARD (CARD_ID,CARD_NAME,DISCOUNT_TYPE,DISCOUNT_PRICE,DISCOUNT_CONTENT) values (9,'신세계 씨티카드 콰트로','청구할인','20%','결제금액의 20% 할인 월 총 할인한도 내에서 할인 그룹별(엔터테인먼트)로 적용 70만원 이상 시 20,000원 할인 50만원 이상 ~ 70만원 미만 시 15,000원 할인 30만원 이상 ~ 50만원 미만 시 10,000원 할인 신규 발급일로 1개월 간 이용금액 체크없이 10,000원 내 할인');
Insert into CGV_DB.DIS_CARD (CARD_ID,CARD_NAME,DISCOUNT_TYPE,DISCOUNT_PRICE,DISCOUNT_CONTENT) values (10,'카드의정석 NEW우리V카드','현장할인 인터넷할인 청구할인','6000원 ','통합 월 1회, 연6회 CGV 영화관람권 6천원 청구할인 전월 국내가맹점 이용액 30만원 이상 영화관람권 현장구입 또는 CGV 홈페이지에서 예매한 경우 서비스를 제공');
Insert into CGV_DB.DIS_CARD (CARD_ID,CARD_NAME,DISCOUNT_TYPE,DISCOUNT_PRICE,DISCOUNT_CONTENT) values (11,'하나멤버스 1Q Play1 카드','인터넷할인 청구할인','5000원','월 1회 전월 실적 30만원 이상인 경우 할인 적용 1만원 결제 이상 시 적용');
Insert into CGV_DB.DIS_CARD (CARD_ID,CARD_NAME,DISCOUNT_TYPE,DISCOUNT_PRICE,DISCOUNT_CONTENT) values (12,'SC은행 삼성애니패스포인트 체크카드','현장할인','1,500원','일 1회, 월 5회, 연 6회, 직전 3개월 월평균 일시불 및 할부 이용금액 30만원 이상 시 제공');
Insert into CGV_DB.DIS_CARD (CARD_ID,CARD_NAME,DISCOUNT_TYPE,DISCOUNT_PRICE,DISCOUNT_CONTENT) values (13,'SC제일은행 삼성체크카드 CASHBACK','인터넷할인 청구할인','3,000원','일 1회, 월 5회, 연 6회, 직전 3개월 월평균 일시불 및 할부 이용금액 30만원 이상 시 제공');
Insert into CGV_DB.DIS_CARD (CARD_ID,CARD_NAME,DISCOUNT_TYPE,DISCOUNT_PRICE,DISCOUNT_CONTENT) values (14,'KB국민 nori 체크카드','현장할인, 인터넷할인, 청구할인','7,000원','할인회수 제한없음, 건당 1만원 이상 결제 시 할인 적용,  전월 카드 사용실적 100만원 이상 시 통합할인한도 5만원 내 할인 적용, 50만원 이상 ~ 100만원 미만 시 통합할인한도 3만원 내 할인 적용, 30만원 이상 ~ 50만원 미만 시 통합할인한도 2만원 내 할인 적용, 20만원 이상 ~ 30만원 미만 시 통합할인한도 1만원 내 할인 적용, 신규회원은 발급일 포함 60일간 이용금액 체크 없이 통합할인한도 1만원 내 할인 적용');
Insert into CGV_DB.DIS_CARD (CARD_ID,CARD_NAME,DISCOUNT_TYPE,DISCOUNT_PRICE,DISCOUNT_CONTENT) values (15,'KB국민 나라사랑카드','청구할인','7,000원','10,000원 이상 결제시 35% 청구할인 적용,   최대 할인 금액 7,000원, 전월 카드 이용실적 10만원 이상 시부터 통합할인한도따라 할인적용,상품권 구매 및 매점 이용분 제외');
Insert into CGV_DB.DIS_CARD (CARD_ID,CARD_NAME,DISCOUNT_TYPE,DISCOUNT_PRICE,DISCOUNT_CONTENT) values (16,'해피포인트 KB국민체크카드','현장할인 인터넷할인 청구할인','3,000원','월 2회, 연 12회 (통합), 건당 7,000원 이상 결제 시 할인 적용, 전월 카드 이용실적 10만원 이상 시 할인 적용, 신규회원은 발급일 포함 60일간 이용금액 체크 없이 할인 적용');
Insert into CGV_DB.DIS_CARD (CARD_ID,CARD_NAME,DISCOUNT_TYPE,DISCOUNT_PRICE,DISCOUNT_CONTENT) values (17,'IBK 알토스카드','현장할인 인터넷할인 청구할인','4,000원','통합 월 1회, 연 6회, 1만원 이상 결제 시 제공, 영화할인은 BC가맹점 업종 기준 ''영화관''으로 등록된 경우에 제공, 상품권 구매금액은 할인 제외');
Insert into CGV_DB.DIS_CARD (CARD_ID,CARD_NAME,DISCOUNT_TYPE,DISCOUNT_PRICE,DISCOUNT_CONTENT) values (18,'I-알뜰교통플러스 카드(체크)','현장할인, 인터넷할인','4,000원','통합 월 1회, 연 12회, 건당 1만원 이상 결제 시, 현장 및 온라인 예매 시, 예매 대행 사이트를 통한 예매 시 할인 제외');
Insert into CGV_DB.DIS_CARD (CARD_ID,CARD_NAME,DISCOUNT_TYPE,DISCOUNT_PRICE,DISCOUNT_CONTENT) values (19,'문화융성 체크카드','인터넷할인, 청구할인','2000원','월 1회, 전월 이용실적 30만원 이상, 온라인 예매는 CGV홈페이지, 인터파크 예매시 할인 적용');
Insert into CGV_DB.DIS_CARD (CARD_ID,CARD_NAME,DISCOUNT_TYPE,DISCOUNT_PRICE,DISCOUNT_CONTENT) values (20,'GLOBAL 체크카드','인터넷할인, 청구할인','3000원','할인율 : 최대 30% 할인, 상품권 구매, 백화점/대형마트 입점 점포 할인 제외  할인한도 : 30만원 이상 : 20%할인, 60만원 이상 : 30%할인');
Insert into CGV_DB.DIS_CARD (CARD_ID,CARD_NAME,DISCOUNT_TYPE,DISCOUNT_PRICE,DISCOUNT_CONTENT) values (21,'국민행복 체크카드','인터넷할인, 청구할인','2000원','일 1회, 월 2회, 전월이용실적 30만원 이상');
Insert into CGV_DB.DIS_CARD (CARD_ID,CARD_NAME,DISCOUNT_TYPE,DISCOUNT_PRICE,DISCOUNT_CONTENT) values (22,'NH채움 체크카드','현장할인 인터넷할인 청구할인','1500원','월 3회 (통합),  회당할인 한도 1,500원 / 월 할인한도 4,500원 (통합), 결제금액의 10% 할인, 전월 카드 이용실적 20만원 이상 시 할인 적용, 신규회원은 발급 월 포함 2개월 간 이용금액 체크 없이 할인');
Insert into CGV_DB.DIS_CARD (CARD_ID,CARD_NAME,DISCOUNT_TYPE,DISCOUNT_PRICE,DISCOUNT_CONTENT) values (23,'[BNK부산] 딩딩 체크카드','현장할인, 인터넷할인, 청구할인','4000원','월 1회, 연 6회 (극장통합) 할인금액 : 4,000원 할인 월 1회, 연 6회 (극장통합) : 1만원 이상 결제 시 적용, 사용실적에 따른 할인 금액 적용( 전월 카드 이용실적 20만원 이상 시 할인 적용)');
Insert into CGV_DB.DIS_CARD (CARD_ID,CARD_NAME,DISCOUNT_TYPE,DISCOUNT_PRICE,DISCOUNT_CONTENT) values (24,'[BNK부산] 해피포인트 체크카드','현장할인 인터넷할인 청구할인','2000원','월 1회, 연 6회,  할인금액 : 2,000원 캐쉬백, 월 1회, 연 6회, 8천원 이상 결제 시 적용, 단, 현장 및 온라인 예매는CGV 예매 시 적용');
Insert into CGV_DB.DIS_CARD (CARD_ID,CARD_NAME,DISCOUNT_TYPE,DISCOUNT_PRICE,DISCOUNT_CONTENT) values (25,'Hi Check Global 카드','현장할인 인터넷할인 청구할인','1500원','월 2회 (통합), 최근 3개월 카드 이용실적 30만원 이상 시 할인 적용');
Insert into CGV_DB.DIS_CARD (CARD_ID,CARD_NAME,DISCOUNT_TYPE,DISCOUNT_PRICE,DISCOUNT_CONTENT) values (26,'신한 TEENS PLUS PONEY','현장할인','2000원','월 1회,  할인금액 : 2,000원 (온라인 예매 미적용), 월 1회 제공, 2,000원 미만 이용 시 이용금액만큼만 할인,영화 예매 전 영화관 내 매점 이용시 할인서비스가 적용될 수 있음,전월 카드 이용실적 10만원 이상 시 할인 적용');
Insert into CGV_DB.DIS_CARD (CARD_ID,CARD_NAME,DISCOUNT_TYPE,DISCOUNT_PRICE,DISCOUNT_CONTENT) values (27,'LG U+ 신한카드 스마트500 체크','인터넷할인 청구할인','1000원','일 1회, 월 2회, 연 6회 (극장통합), 동반 1인 1,000원 추가 캐쉬백,  전월 카드 이용실적 30만원 이상 시 할인 적용( 단, 온라인 예매는 신한카드 홈페이지, 맥스무비 예매 시 할인 적용)  (예매수수료 별도)');
Insert into CGV_DB.DIS_CARD (CARD_ID,CARD_NAME,DISCOUNT_TYPE,DISCOUNT_PRICE,DISCOUNT_CONTENT) values (28,'신한카드 YOLO Triplus 체크','인터넷할인 청구할인','1500원','일 1회, 월 2회, 연 6회(극장통합),  전월 카드 이용실적 30만원 이상 시 할인 적용 (단, 온라인 예매는 신한카드 홈페이지, 인터파크, 맥스무비, YES24 예매 시 할인 적용  (예매수수료 별도))');
Insert into CGV_DB.DIS_CARD (CARD_ID,CARD_NAME,DISCOUNT_TYPE,DISCOUNT_PRICE,DISCOUNT_CONTENT) values (29,'[우리] 현대백화점 체크카드','현장할인 청구할인','3000원','월 1회, 연 6회 (통합),  전월 카드 이용실적 20만원 이상 시 할인 적용, 신규 가입 후 익월 말일까지 국내가맹점 이용액 20만원 미만 이용 회원은 1만원 이상 결제 시 최대 3,000원 할인');
Insert into CGV_DB.DIS_CARD (CARD_ID,CARD_NAME,DISCOUNT_TYPE,DISCOUNT_PRICE,DISCOUNT_CONTENT) values (30,'배달의민족 꼼꼼히 체크카드','인터넷할인 청구할인','3000원','월 1회, 연 6회,  전월 카드 이용실적 20만원 이상 시 할인 적용, 1만원 이상 승인 시 할인 적용');
Insert into CGV_DB.DIS_CARD (CARD_ID,CARD_NAME,DISCOUNT_TYPE,DISCOUNT_PRICE,DISCOUNT_CONTENT) values (31,'2Xα(투엑스알파)체크카드','인터넷할인 청구할인','2000원','월 1회, 연 12회,  1만원 이상 승인 시 할인 적용, 전월 카드 이용실적 10만원 이상 시 할인 적용,  6개월 미만 월 할인한도 : 2천원 (통합),  6개월 이상 월 할인한도 : 4천원(통합');
Insert into CGV_DB.DIS_CARD (CARD_ID,CARD_NAME,DISCOUNT_TYPE,DISCOUNT_PRICE,DISCOUNT_CONTENT) values (32,'하나VIVA 체크카드','현장할인 인터넷할인 청구할인','1500원','일 1회, 월 2회, 연 12회 (통합), 오프라인 즉시할인, 온라인 청구할인 적용,  최근 3개월 카드 이용실적 30만원 이상 시 할인 적용, 신규회원은 발급 월 포함 3개월 간 이용금액 체크 없이 할인');
Insert into CGV_DB.DIS_CARD (CARD_ID,CARD_NAME,DISCOUNT_TYPE,DISCOUNT_PRICE,DISCOUNT_CONTENT) values (33,'청춘날다 체크카드','현장할인, 인터넷할인','2000원','일 1회 한도, 건당 이용금액이 2만원 이상 시 적용');
Insert into CGV_DB.DIS_CARD (CARD_ID,CARD_NAME,DISCOUNT_TYPE,DISCOUNT_PRICE,DISCOUNT_CONTENT) values (34,'카카오페이 새마을금고 체크카드','청구할인','2000원','월 2회, 연 12회 제공,  7,000원 이상 결제 시 2,000원 청구할인 적용, 전월 카드 이용실적 15만원 이상 시 통합 할인 한도 내에서 할인 적용 발급월 +1개월까지 사용 실적이 15만원 미만인 경우에도 5천원의 할인 한도를 부여');
Insert into CGV_DB.DIS_CARD (CARD_ID,CARD_NAME,DISCOUNT_TYPE,DISCOUNT_PRICE,DISCOUNT_CONTENT) values (35,'신협 체크카드','현장할인 청구할인','1500원','월 1회, 연 12회 (통합), 전월 카드 이용실적 10만원 이상 시 할인 적용');
Insert into CGV_DB.DIS_CARD (CARD_ID,CARD_NAME,DISCOUNT_TYPE,DISCOUNT_PRICE,DISCOUNT_CONTENT) values (36,'신협쇼핑그린체크카드','현장할인','3000원','월 1회, 연 12회 (통합),  5천원 이상 결제 시 할인 적용, 최근 3개월 카드 이용 실적 30만원 이상 시 할인 적용,  신규회원은 발급 월 포함 2개월 간 이용금액 체크 없이 확인');
Insert into CGV_DB.DIS_CARD (CARD_ID,CARD_NAME,DISCOUNT_TYPE,DISCOUNT_PRICE,DISCOUNT_CONTENT) values (37,'360도 리워드 플러스 포인트','현장할인 인터넷할인 청구할인','1원','- 1포인트 이상 보유 시 전액 사용가능');
Insert into CGV_DB.DIS_CARD (CARD_ID,CARD_NAME,DISCOUNT_TYPE,DISCOUNT_PRICE,DISCOUNT_CONTENT) values (38,'KB 포인트리','현장할인 인터넷할인 청구할인','1원','- 1포인트 이상 보유 시 포인트 전액 사용가능, 포인트는 카드대금 청구 시에 차감, 잔여 포인트 부족 시 잔여 포인트 만큼만 사용, 각종 할인, 무료쿠폰 및 기타 제휴카드와의 중복할인 불가');
Insert into CGV_DB.DIS_CARD (CARD_ID,CARD_NAME,DISCOUNT_TYPE,DISCOUNT_PRICE,DISCOUNT_CONTENT) values (39,'마이 신한 포인트','현장할인 인터넷할인 청구할인','1원','- 1포인트 이상 보유 시 포인트 전액 사용가능, 포인트는 카드대금 청구 시에 차감, 잔여 포인트 부족 시 잔여 포인트 만큼만 사용, 각종 할인, 무료쿠폰 및 기타 제휴카드와의 중복할인 불가');
Insert into CGV_DB.DIS_CARD (CARD_ID,CARD_NAME,DISCOUNT_TYPE,DISCOUNT_PRICE,DISCOUNT_CONTENT) values (40,'삼성보너스포인트','현장할인 인터넷할인 청구할인','1원','- 1포인트 이상 보유 시 포인트 전액 사용가능,  잔여 포인트 부족 시 잔여 포인트 만큼만 사용, 각종 할인, 무료쿠폰 및 기타 제휴카드와의 중복할인 불가');
Insert into CGV_DB.DIS_CARD (CARD_ID,CARD_NAME,DISCOUNT_TYPE,DISCOUNT_PRICE,DISCOUNT_CONTENT) values (41,'씨티포인트','현장할인 인터넷할인 청구할인','1원','- 1포인트 이상 보유 시 포인트 전액 사용가능,  (단, 씨티BC 및 법인, 가족카드 제외),씨티 BC카드는 BC TOP 포인트 사용방식에 따름');
Insert into CGV_DB.DIS_CARD (CARD_ID,CARD_NAME,DISCOUNT_TYPE,DISCOUNT_PRICE,DISCOUNT_CONTENT) values (42,'하나머니','현장할인 인터넷할인','1원','- 1포인트 이상 보유 시 포인트 전액 사용가능, 포인트는 카드대금 청구 시에 차감, 잔여 포인트 부족 시 잔여 포인트 만큼만 사용, 각종 할인, 무료쿠폰 및 기타 제휴카드와의 중복할인 불가');
Insert into CGV_DB.DIS_CARD (CARD_ID,CARD_NAME,DISCOUNT_TYPE,DISCOUNT_PRICE,DISCOUNT_CONTENT) values (43,'현대카드 M포인트','현장할인','6000원','- 상시 영화티켓 1인당, 콤보 1개당 6천 M포인트 차감 할인, M포인트 부족 시 사용 불가,  상시 6천 포인트 할인은 9천원 이상 티켓 발권에 한해 할인 가능,  2D/3D 일반석 티켓에 한해 적용 가능 (특화관 및 특화좌석 M포인트 사용불가),  사용한 M포인트 CJ ONE 포인트 적립 불가,  조조/청소년/우대할인 및 일부 제휴할인 중복할인 불가');
Insert into CGV_DB.DIS_CARD (CARD_ID,CARD_NAME,DISCOUNT_TYPE,DISCOUNT_PRICE,DISCOUNT_CONTENT) values (44,'현대오일뱅크 보너스포인트','현장할인 인터넷할인','1원','할인회수 제한없음,  1,000 포인트 이상 보유 시 1,000 포인트 단위로 사용 가능, 최대 20,000 포인트까지 사용 가능, 구형 티켓판매기 이용 시 할인 적용 불가, CINE de CHEF 사용 불가');
Insert into CGV_DB.DIS_CARD (CARD_ID,CARD_NAME,DISCOUNT_TYPE,DISCOUNT_PRICE,DISCOUNT_CONTENT) values (45,'KT 멤버십 전고객 예매','인터넷할인','5000원','월 3회, 연 36회, 상시할인 예매, 전 회원 장당 5,000포인트 차감할인 (월 3회), 2D일반관/일반석 본인 + 동반 3인 할인 혜택 제공, KT멤버십 홈페이지 및 APP 예매 시 적용, 12,000원 이상 2D일반석 티켓만 할인 적용 가능 (조조/청소년 중복할인 불가)');
Insert into CGV_DB.DIS_CARD (CARD_ID,CARD_NAME,DISCOUNT_TYPE,DISCOUNT_PRICE,DISCOUNT_CONTENT) values (46,'현대자동차 블루멤버스','현장할인 인터넷할인','4000원','사용횟수 제한 없음, 영화티켓 1매당 4,000포인트 차감 할');
Insert into CGV_DB.DIS_CARD (CARD_ID,CARD_NAME,DISCOUNT_TYPE,DISCOUNT_PRICE,DISCOUNT_CONTENT) values (47,'기아멤버스 포인트','현장할인 인터넷할인','10000원','일 1회, 월 2회, 연 24회,  1회 1만포인트 한도 내 전액 사용 가능, 500P 단위 사용, 연간 240,000P 사용 가능');
Insert into CGV_DB.DIS_CARD (CARD_ID,CARD_NAME,DISCOUNT_TYPE,DISCOUNT_PRICE,DISCOUNT_CONTENT) values (48,'OK캐쉬백 카드','현장할인 인터넷할인','1원','할인회수 제한없음, 온라인 : 티켓 예매 시 10원 단위 사용 가능, 오프라인 : 1,000포인트 이상 보유 시 500점 단위 사용 가능,  CGV현장 및 홈페이지/모바일에서 현금/신용카드 결제 시에 한하여 적립가능, 포인트/할인쿠폰/상품권 등 제휴할인 사용금액을 제외한 금액에 한하여 적립가능');
Insert into CGV_DB.DIS_CARD (CARD_ID,CARD_NAME,DISCOUNT_TYPE,DISCOUNT_PRICE,DISCOUNT_CONTENT) values (49,'S-Oil 보너스카드','현장할인 인터넷할인','-','할인회수 제한없음,  온라인 : 티켓 예매 시 10 포인트 단위 사용 가능, 오프라인 : 500 포인트 단위 사용 가능, 모바일카드 사용 불가');
Insert into CGV_DB.DIS_CARD (CARD_ID,CARD_NAME,DISCOUNT_TYPE,DISCOUNT_PRICE,DISCOUNT_CONTENT) values (50,'E1 오렌지멤버십카드','현장할인 인터넷할인','1원','할인횟수 제한없음, 티켓/매점상품/씨네샵 상품 구매 시 포인트 사용 가능 ,보유 포인트 내 500 포인트 단위로 사용 가능, 일 최대 40,000 포인트까지 사용 가능');
REM INSERTING into CGV_DB.DIS_TEL
SET DEFINE OFF;
Insert into CGV_DB.DIS_TEL (TEL_ID,T_TITLE,T_CONT,T_DATE_PERIOD,T_DATE_END,CARD_ID) values (1,'kt멤버십',' KT 멤버십 전 회원 영화 최대 5000원 할인! 
12000원 이상 16000원 이하 2D영화 최대 5000원 차감할인, 동반 3인 동일혜택 적용 가능, 
연 36회/월 3회 제공 *KT멤버십 홈페이지 및 APP예매시 적용 가능 / 생일쿠폰 혜택 및 내가 본 영화
기록 불가',to_date('23/01/01','RR/MM/DD'),to_date('23/12/31','RR/MM/DD'),null);
Insert into CGV_DB.DIS_TEL (TEL_ID,T_TITLE,T_CONT,T_DATE_PERIOD,T_DATE_END,CARD_ID) values (2,'U+멤버십','vip, vvip 등급 ( 나만의콕 <영화콕> 선태고객 ) 2d 일반영화 연 3회무료, 연 9회 1+1 예매혜택
*lgu+멤버십 홈페이지, app을 통해 예매가능 ,동반인에 한하여 유로예매 가능하며 신용카드 결제시 1매당 500원 수수료 부가, cgv 포토티켓 제작불가',to_date('23/01/01','RR/MM/DD'),to_date('23/12/31','RR/MM/DD'),null);
Insert into CGV_DB.DIS_TEL (TEL_ID,T_TITLE,T_CONT,T_DATE_PERIOD,T_DATE_END,CARD_ID) values (3,'U+멤버십','알뜰폰 x cgv free 요금제 가입 /매월 일반 상영관 2d 영화관람권 2장 무료 (연 24매) 온라인 전용 쿠폰 (현장발권 불가),
   ( 조건 : 개통 후 30일 유지시. 문자로 쿠폰지급 ),
매월 cgv콤보 2,000원 할인쿠폰 증정- 온라인 전용 쿠폰 ,
  (조건 팝콘(L), 탄산음료(M)x2 / 옵션 변경 시 추가금액 발생),
타 쿠폰, CJONE 포인트 적립불가
',to_date('23/08/03','RR/MM/DD'),to_date('23/09/30','RR/MM/DD'),null);
REM INSERTING into CGV_DB.EVENT
SET DEFINE OFF;
Insert into CGV_DB.EVENT (EVENT_ID,EVENT_TITLE,EVENT_PERIOD,EVENT_END,EVENT_IMAGE,THEATER_ID,EVENT_CATE) values (1,'[여름을 향한 터널, 이별의 출구] 필름마크',to_date('23/09/14','RR/MM/DD'),to_date('23/10/05','RR/MM/DD'),null,null,'special');
Insert into CGV_DB.EVENT (EVENT_ID,EVENT_TITLE,EVENT_PERIOD,EVENT_END,EVENT_IMAGE,THEATER_ID,EVENT_CATE) values (2,'[아이유 - 더 골든 아워] CGV오리지널 굿즈 출시!',to_date('23/09/13','RR/MM/DD'),to_date('23/09/30','RR/MM/DD'),null,null,'special');
Insert into CGV_DB.EVENT (EVENT_ID,EVENT_TITLE,EVENT_PERIOD,EVENT_END,EVENT_IMAGE,THEATER_ID,EVENT_CATE) values (3,'아이유 더 골든 아워 콤보 런칭 안내',to_date('23/09/13','RR/MM/DD'),to_date('23/10/08','RR/MM/DD'),null,null,'special');
Insert into CGV_DB.EVENT (EVENT_ID,EVENT_TITLE,EVENT_PERIOD,EVENT_END,EVENT_IMAGE,THEATER_ID,EVENT_CATE) values (4,'[해리포터와 혼혈왕자] 4DX 스페셜 포스터',to_date('23/09/13','RR/MM/DD'),to_date('23/09/19','RR/MM/DD'),null,null,'special');
Insert into CGV_DB.EVENT (EVENT_ID,EVENT_TITLE,EVENT_PERIOD,EVENT_END,EVENT_IMAGE,THEATER_ID,EVENT_CATE) values (5,'★ CGV Reward+ 출시 ★',to_date('23/09/07','RR/MM/DD'),to_date('33/09/07','RR/MM/DD'),null,null,'special');
Insert into CGV_DB.EVENT (EVENT_ID,EVENT_TITLE,EVENT_PERIOD,EVENT_END,EVENT_IMAGE,THEATER_ID,EVENT_CATE) values (6,'[ 덕심단결 ] 재패니메이션 페스타',to_date('23/09/08','RR/MM/DD'),to_date('23/09/26','RR/MM/DD'),null,null,'special');
Insert into CGV_DB.EVENT (EVENT_ID,EVENT_TITLE,EVENT_PERIOD,EVENT_END,EVENT_IMAGE,THEATER_ID,EVENT_CATE) values (7,'CGVXBIFF 한정판굿즈 출시!',to_date('23/09/06','RR/MM/DD'),to_date('23/09/26','RR/MM/DD'),null,null,'special');
Insert into CGV_DB.EVENT (EVENT_ID,EVENT_TITLE,EVENT_PERIOD,EVENT_END,EVENT_IMAGE,THEATER_ID,EVENT_CATE) values (8,'[아이유 - 더 골든 아워] IMAX 포스터 증정 이벤트',to_date('23/09/13','RR/MM/DD'),to_date('23/09/19','RR/MM/DD'),null,null,'special');
Insert into CGV_DB.EVENT (EVENT_ID,EVENT_TITLE,EVENT_PERIOD,EVENT_END,EVENT_IMAGE,THEATER_ID,EVENT_CATE) values (9,'캐치티니핑! 사랑스러운 하츄핑 디오라마컵 론칭!',to_date('23/09/05','RR/MM/DD'),to_date('23/10/15','RR/MM/DD'),null,null,'special');
Insert into CGV_DB.EVENT (EVENT_ID,EVENT_TITLE,EVENT_PERIOD,EVENT_END,EVENT_IMAGE,THEATER_ID,EVENT_CATE) values (10,'[잔고-분노의 적자] 라이브러리톡',to_date('23/09/21','RR/MM/DD'),to_date('23/09/21','RR/MM/DD'),null,null,'영화/예매');
Insert into CGV_DB.EVENT (EVENT_ID,EVENT_TITLE,EVENT_PERIOD,EVENT_END,EVENT_IMAGE,THEATER_ID,EVENT_CATE) values (11,'[1947 보스톤] CGV회원시사',to_date('23/09/07','RR/MM/DD'),to_date('23/09/13','RR/MM/DD'),null,null,'영화/예매');
Insert into CGV_DB.EVENT (EVENT_ID,EVENT_TITLE,EVENT_PERIOD,EVENT_END,EVENT_IMAGE,THEATER_ID,EVENT_CATE) values (12,'[극장판 엉덩이 탐정] CGV회원시사',to_date('23/09/06','RR/MM/DD'),to_date('23/09/17','RR/MM/DD'),null,null,'영화/예매');
Insert into CGV_DB.EVENT (EVENT_ID,EVENT_TITLE,EVENT_PERIOD,EVENT_END,EVENT_IMAGE,THEATER_ID,EVENT_CATE) values (13,'분데스리가 티빙 나잇 5R 생중계',to_date('23/09/23','RR/MM/DD'),to_date('23/09/23','RR/MM/DD'),null,null,'영화/예매');
Insert into CGV_DB.EVENT (EVENT_ID,EVENT_TITLE,EVENT_PERIOD,EVENT_END,EVENT_IMAGE,THEATER_ID,EVENT_CATE) values (14,'[앙상블 스타즈!!] 스태리 심포니 라이브뷰잉',to_date('23/09/30','RR/MM/DD'),to_date('23/10/01','RR/MM/DD'),null,null,'영화/예매');
Insert into CGV_DB.EVENT (EVENT_ID,EVENT_TITLE,EVENT_PERIOD,EVENT_END,EVENT_IMAGE,THEATER_ID,EVENT_CATE) values (15,'[잔고: 분노의 적자] 굿즈패키지',to_date('23/09/16','RR/MM/DD'),to_date('23/09/17','RR/MM/DD'),null,null,'영화/예매');
Insert into CGV_DB.EVENT (EVENT_ID,EVENT_TITLE,EVENT_PERIOD,EVENT_END,EVENT_IMAGE,THEATER_ID,EVENT_CATE) values (16,'[안녕, 내일 또 만나] 현장 이벤트',to_date('23/09/13','RR/MM/DD'),to_date('23/09/19','RR/MM/DD'),null,null,'영화/예매');
Insert into CGV_DB.EVENT (EVENT_ID,EVENT_TITLE,EVENT_PERIOD,EVENT_END,EVENT_IMAGE,THEATER_ID,EVENT_CATE) values (17,'[너의 시선이 머무는 곳에] 2주차 무대인사',to_date('23/09/16','RR/MM/DD'),to_date('23/09/16','RR/MM/DD'),null,null,'영화/예매');
Insert into CGV_DB.EVENT (EVENT_ID,EVENT_TITLE,EVENT_PERIOD,EVENT_END,EVENT_IMAGE,THEATER_ID,EVENT_CATE) values (18,'[강다니엘: 마이 퍼레이드] 3주차 현장 증정 이벤트',to_date('23/09/13','RR/MM/DD'),to_date('23/09/19','RR/MM/DD'),null,null,'영화/예매');
Insert into CGV_DB.EVENT (EVENT_ID,EVENT_TITLE,EVENT_PERIOD,EVENT_END,EVENT_IMAGE,THEATER_ID,EVENT_CATE) values (19,'아티스트 뱃지 [어파이어]',to_date('23/09/13','RR/MM/DD'),to_date('23/10/01','RR/MM/DD'),null,null,'멤버십/CLUB');
Insert into CGV_DB.EVENT (EVENT_ID,EVENT_TITLE,EVENT_PERIOD,EVENT_END,EVENT_IMAGE,THEATER_ID,EVENT_CATE) values (20,'[이노센트] 아트하우스 클럽 굿즈',to_date('23/09/06','RR/MM/DD'),to_date('23/09/26','RR/MM/DD'),null,null,'멤버십/CLUB');
Insert into CGV_DB.EVENT (EVENT_ID,EVENT_TITLE,EVENT_PERIOD,EVENT_END,EVENT_IMAGE,THEATER_ID,EVENT_CATE) values (21,'[CGV VIP] 생일콤보',to_date('23/07/28','RR/MM/DD'),to_date('33/07/28','RR/MM/DD'),null,null,'멤버십/CLUB');
Insert into CGV_DB.EVENT (EVENT_ID,EVENT_TITLE,EVENT_PERIOD,EVENT_END,EVENT_IMAGE,THEATER_ID,EVENT_CATE) values (22,'[CGV VIP] SVIP 스페셜 기프트',to_date('23/01/05','RR/MM/DD'),to_date('33/01/05','RR/MM/DD'),null,null,'멤버십/CLUB');
Insert into CGV_DB.EVENT (EVENT_ID,EVENT_TITLE,EVENT_PERIOD,EVENT_END,EVENT_IMAGE,THEATER_ID,EVENT_CATE) values (23,'[CGV VIP] SVIP 만원의 행복',to_date('22/12/06','RR/MM/DD'),to_date('32/12/06','RR/MM/DD'),null,null,'멤버십/CLUB');
Insert into CGV_DB.EVENT (EVENT_ID,EVENT_TITLE,EVENT_PERIOD,EVENT_END,EVENT_IMAGE,THEATER_ID,EVENT_CATE) values (24,'[CGV VIP] SVIP/VVIP 원데이 프리패스',to_date('22/09/14','RR/MM/DD'),to_date('32/09/14','RR/MM/DD'),null,null,'멤버십/CLUB');
Insert into CGV_DB.EVENT (EVENT_ID,EVENT_TITLE,EVENT_PERIOD,EVENT_END,EVENT_IMAGE,THEATER_ID,EVENT_CATE) values (25,'[CGV VIP] 예매 오픈 알림 서비스',to_date('22/03/28','RR/MM/DD'),to_date('32/03/28','RR/MM/DD'),null,null,'멤버십/CLUB');
Insert into CGV_DB.EVENT (EVENT_ID,EVENT_TITLE,EVENT_PERIOD,EVENT_END,EVENT_IMAGE,THEATER_ID,EVENT_CATE) values (26,'[CGV VIP] 더블적립',to_date('22/03/28','RR/MM/DD'),to_date('32/03/28','RR/MM/DD'),null,null,'멤버십/CLUB');
Insert into CGV_DB.EVENT (EVENT_ID,EVENT_TITLE,EVENT_PERIOD,EVENT_END,EVENT_IMAGE,THEATER_ID,EVENT_CATE) values (27,'[CGV VIP] 리필적립',to_date('22/03/28','RR/MM/DD'),to_date('32/03/28','RR/MM/DD'),null,null,'멤버십/CLUB');
Insert into CGV_DB.EVENT (EVENT_ID,EVENT_TITLE,EVENT_PERIOD,EVENT_END,EVENT_IMAGE,THEATER_ID,EVENT_CATE) values (28,'투썸플레이스 한가위 프로모션',to_date('23/09/12','RR/MM/DD'),to_date('23/09/30','RR/MM/DD'),null,'13  ','CGV 극장별');
Insert into CGV_DB.EVENT (EVENT_ID,EVENT_TITLE,EVENT_PERIOD,EVENT_END,EVENT_IMAGE,THEATER_ID,EVENT_CATE) values (29,'사이다경제 9월19일 강연',to_date('23/09/19','RR/MM/DD'),to_date('23/09/19','RR/MM/DD'),null,'9   ','CGV 극장별');
Insert into CGV_DB.EVENT (EVENT_ID,EVENT_TITLE,EVENT_PERIOD,EVENT_END,EVENT_IMAGE,THEATER_ID,EVENT_CATE) values (30,'오펜하이머 원작도서 증정 회차 상영!',to_date('23/09/15','RR/MM/DD'),to_date('23/09/15','RR/MM/DD'),null,'9   ','CGV 극장별');
Insert into CGV_DB.EVENT (EVENT_ID,EVENT_TITLE,EVENT_PERIOD,EVENT_END,EVENT_IMAGE,THEATER_ID,EVENT_CATE) values (31,'초,중,고 단독특가!',to_date('23/09/11','RR/MM/DD'),to_date('23/11/30','RR/MM/DD'),null,'10  ','CGV 극장별');
Insert into CGV_DB.EVENT (EVENT_ID,EVENT_TITLE,EVENT_PERIOD,EVENT_END,EVENT_IMAGE,THEATER_ID,EVENT_CATE) values (32,'딜리버리 이용 시 랜덤 선물 증정 이벤트!',to_date('23/09/08','RR/MM/DD'),to_date('23/12/31','RR/MM/DD'),null,'1   ','CGV 극장별');
Insert into CGV_DB.EVENT (EVENT_ID,EVENT_TITLE,EVENT_PERIOD,EVENT_END,EVENT_IMAGE,THEATER_ID,EVENT_CATE) values (33,'CGV인천 카톡 채널 친구하면 매점/매표 할인!',to_date('23/09/05','RR/MM/DD'),to_date('23/09/27','RR/MM/DD'),null,'48  ','CGV 극장별');
Insert into CGV_DB.EVENT (EVENT_ID,EVENT_TITLE,EVENT_PERIOD,EVENT_END,EVENT_IMAGE,THEATER_ID,EVENT_CATE) values (34,'[콘서트/다이닝] 모네가 사랑한 것들',to_date('23/09/17','RR/MM/DD'),to_date('23/09/24','RR/MM/DD'),null,'18  ','CGV 극장별');
Insert into CGV_DB.EVENT (EVENT_ID,EVENT_TITLE,EVENT_PERIOD,EVENT_END,EVENT_IMAGE,THEATER_ID,EVENT_CATE) values (35,'[Whisky Master Class] 나만의 위스키 취향',to_date('23/09/15','RR/MM/DD'),to_date('23/09/15','RR/MM/DD'),null,'23  ','CGV 극장별');
Insert into CGV_DB.EVENT (EVENT_ID,EVENT_TITLE,EVENT_PERIOD,EVENT_END,EVENT_IMAGE,THEATER_ID,EVENT_CATE) values (36,'CGV센텀시티 X 나베이크 맛있고 즐거운 할인!',to_date('23/09/04','RR/MM/DD'),to_date('23/09/30','RR/MM/DD'),null,'84  ','CGV 극장별');
Insert into CGV_DB.EVENT (EVENT_ID,EVENT_TITLE,EVENT_PERIOD,EVENT_END,EVENT_IMAGE,THEATER_ID,EVENT_CATE) values (37,'CGV X 우리카드 PLCC 출시!',to_date('23/01/01','RR/MM/DD'),to_date('23/12/31','RR/MM/DD'),null,null,'제휴/할인');
Insert into CGV_DB.EVENT (EVENT_ID,EVENT_TITLE,EVENT_PERIOD,EVENT_END,EVENT_IMAGE,THEATER_ID,EVENT_CATE) values (38,'CGV와 해피포인트가 준비한 3가지 혜택!',to_date('23/07/03','RR/MM/DD'),to_date('23/09/30','RR/MM/DD'),null,null,'제휴/할인');
Insert into CGV_DB.EVENT (EVENT_ID,EVENT_TITLE,EVENT_PERIOD,EVENT_END,EVENT_IMAGE,THEATER_ID,EVENT_CATE) values (39,'해피포인트 회원이라면 상시 영화 할인!',to_date('23/06/12','RR/MM/DD'),to_date('23/12/31','RR/MM/DD'),null,null,'제휴/할인');
Insert into CGV_DB.EVENT (EVENT_ID,EVENT_TITLE,EVENT_PERIOD,EVENT_END,EVENT_IMAGE,THEATER_ID,EVENT_CATE) values (40,'삼성카드 결제 시 2D영화 6천원 즉시할인!!',to_date('23/09/04','RR/MM/DD'),to_date('23/09/30','RR/MM/DD'),null,null,'제휴/할인');
Insert into CGV_DB.EVENT (EVENT_ID,EVENT_TITLE,EVENT_PERIOD,EVENT_END,EVENT_IMAGE,THEATER_ID,EVENT_CATE) values (41,'LOCA LIKIT 롯데카드 프로모션',to_date('23/09/01','RR/MM/DD'),to_date('23/09/30','RR/MM/DD'),null,null,'제휴/할인');
Insert into CGV_DB.EVENT (EVENT_ID,EVENT_TITLE,EVENT_PERIOD,EVENT_END,EVENT_IMAGE,THEATER_ID,EVENT_CATE) values (42,'(강원)삼성카드 고객대상 2D영화5천원+콤보할인!',to_date('23/09/01','RR/MM/DD'),to_date('23/09/30','RR/MM/DD'),null,null,'제휴/할인');
Insert into CGV_DB.EVENT (EVENT_ID,EVENT_TITLE,EVENT_PERIOD,EVENT_END,EVENT_IMAGE,THEATER_ID,EVENT_CATE) values (43,'CJ 삼성 iD카드로 특별관포함 관람권 10장받기',to_date('23/09/01','RR/MM/DD'),to_date('23/09/30','RR/MM/DD'),null,null,'제휴/할인');
Insert into CGV_DB.EVENT (EVENT_ID,EVENT_TITLE,EVENT_PERIOD,EVENT_END,EVENT_IMAGE,THEATER_ID,EVENT_CATE) values (44,'CGV에서 TOSS 첫 결제 시 티켓 1천원 즉시할인!',to_date('23/09/01','RR/MM/DD'),to_date('23/09/30','RR/MM/DD'),null,null,'제휴/할인');
Insert into CGV_DB.EVENT (EVENT_ID,EVENT_TITLE,EVENT_PERIOD,EVENT_END,EVENT_IMAGE,THEATER_ID,EVENT_CATE) values (45,'CGV우리카드 이용 시 캐시백 최대 9만원 지급!',to_date('23/09/01','RR/MM/DD'),to_date('23/09/30','RR/MM/DD'),null,null,'제휴/할인');
REM INSERTING into CGV_DB.EVENT_PART
SET DEFINE OFF;
Insert into CGV_DB.EVENT_PART (USER_ID,EVENT_ID) values ('lyoungho',3);
Insert into CGV_DB.EVENT_PART (USER_ID,EVENT_ID) values ('lyoungho',6);
Insert into CGV_DB.EVENT_PART (USER_ID,EVENT_ID) values ('lyoungho',10);
Insert into CGV_DB.EVENT_PART (USER_ID,EVENT_ID) values ('lyoungho',11);
Insert into CGV_DB.EVENT_PART (USER_ID,EVENT_ID) values ('lyoungho',12);
Insert into CGV_DB.EVENT_PART (USER_ID,EVENT_ID) values ('lyoungho',14);
Insert into CGV_DB.EVENT_PART (USER_ID,EVENT_ID) values ('lyoungho',18);
Insert into CGV_DB.EVENT_PART (USER_ID,EVENT_ID) values ('lyoungho',28);
Insert into CGV_DB.EVENT_PART (USER_ID,EVENT_ID) values ('lyoungho',29);
Insert into CGV_DB.EVENT_PART (USER_ID,EVENT_ID) values ('lyoungho',30);
Insert into CGV_DB.EVENT_PART (USER_ID,EVENT_ID) values ('lyoungho',31);
Insert into CGV_DB.EVENT_PART (USER_ID,EVENT_ID) values ('lyoungho',33);
Insert into CGV_DB.EVENT_PART (USER_ID,EVENT_ID) values ('lyoungho',35);
Insert into CGV_DB.EVENT_PART (USER_ID,EVENT_ID) values ('lyoungho',36);
Insert into CGV_DB.EVENT_PART (USER_ID,EVENT_ID) values ('lyoungho',37);
Insert into CGV_DB.EVENT_PART (USER_ID,EVENT_ID) values ('lyoungho',39);
Insert into CGV_DB.EVENT_PART (USER_ID,EVENT_ID) values ('lyoungho',40);
Insert into CGV_DB.EVENT_PART (USER_ID,EVENT_ID) values ('lyoungho',43);
Insert into CGV_DB.EVENT_PART (USER_ID,EVENT_ID) values ('lyoungho',44);
Insert into CGV_DB.EVENT_PART (USER_ID,EVENT_ID) values ('lyoungho',45);
Insert into CGV_DB.EVENT_PART (USER_ID,EVENT_ID) values ('lyujin57',2);
Insert into CGV_DB.EVENT_PART (USER_ID,EVENT_ID) values ('lyujin57',4);
Insert into CGV_DB.EVENT_PART (USER_ID,EVENT_ID) values ('lyujin57',5);
Insert into CGV_DB.EVENT_PART (USER_ID,EVENT_ID) values ('lyujin57',6);
Insert into CGV_DB.EVENT_PART (USER_ID,EVENT_ID) values ('lyujin57',11);
Insert into CGV_DB.EVENT_PART (USER_ID,EVENT_ID) values ('lyujin57',13);
Insert into CGV_DB.EVENT_PART (USER_ID,EVENT_ID) values ('lyujin57',14);
Insert into CGV_DB.EVENT_PART (USER_ID,EVENT_ID) values ('lyujin57',18);
Insert into CGV_DB.EVENT_PART (USER_ID,EVENT_ID) values ('lyujin57',29);
Insert into CGV_DB.EVENT_PART (USER_ID,EVENT_ID) values ('lyujin57',30);
Insert into CGV_DB.EVENT_PART (USER_ID,EVENT_ID) values ('lyujin57',33);
Insert into CGV_DB.EVENT_PART (USER_ID,EVENT_ID) values ('lyujin57',35);
Insert into CGV_DB.EVENT_PART (USER_ID,EVENT_ID) values ('lyujin57',36);
Insert into CGV_DB.EVENT_PART (USER_ID,EVENT_ID) values ('lyujin57',39);
Insert into CGV_DB.EVENT_PART (USER_ID,EVENT_ID) values ('lyujin57',40);
Insert into CGV_DB.EVENT_PART (USER_ID,EVENT_ID) values ('lyujin57',43);
Insert into CGV_DB.EVENT_PART (USER_ID,EVENT_ID) values ('lyujin57',44);
Insert into CGV_DB.EVENT_PART (USER_ID,EVENT_ID) values ('missun',4);
Insert into CGV_DB.EVENT_PART (USER_ID,EVENT_ID) values ('missun',6);
Insert into CGV_DB.EVENT_PART (USER_ID,EVENT_ID) values ('missun',7);
Insert into CGV_DB.EVENT_PART (USER_ID,EVENT_ID) values ('missun',10);
Insert into CGV_DB.EVENT_PART (USER_ID,EVENT_ID) values ('missun',14);
Insert into CGV_DB.EVENT_PART (USER_ID,EVENT_ID) values ('missun',18);
Insert into CGV_DB.EVENT_PART (USER_ID,EVENT_ID) values ('missun',28);
Insert into CGV_DB.EVENT_PART (USER_ID,EVENT_ID) values ('missun',29);
Insert into CGV_DB.EVENT_PART (USER_ID,EVENT_ID) values ('missun',30);
Insert into CGV_DB.EVENT_PART (USER_ID,EVENT_ID) values ('missun',33);
Insert into CGV_DB.EVENT_PART (USER_ID,EVENT_ID) values ('missun',35);
Insert into CGV_DB.EVENT_PART (USER_ID,EVENT_ID) values ('missun',36);
Insert into CGV_DB.EVENT_PART (USER_ID,EVENT_ID) values ('missun',37);
Insert into CGV_DB.EVENT_PART (USER_ID,EVENT_ID) values ('missun',39);
Insert into CGV_DB.EVENT_PART (USER_ID,EVENT_ID) values ('missun',40);
Insert into CGV_DB.EVENT_PART (USER_ID,EVENT_ID) values ('missun',44);
Insert into CGV_DB.EVENT_PART (USER_ID,EVENT_ID) values ('missun',45);
Insert into CGV_DB.EVENT_PART (USER_ID,EVENT_ID) values ('mjew123',5);
Insert into CGV_DB.EVENT_PART (USER_ID,EVENT_ID) values ('mjew123',6);
Insert into CGV_DB.EVENT_PART (USER_ID,EVENT_ID) values ('mjew123',10);
Insert into CGV_DB.EVENT_PART (USER_ID,EVENT_ID) values ('mjew123',11);
Insert into CGV_DB.EVENT_PART (USER_ID,EVENT_ID) values ('mjew123',14);
Insert into CGV_DB.EVENT_PART (USER_ID,EVENT_ID) values ('mjew123',15);
Insert into CGV_DB.EVENT_PART (USER_ID,EVENT_ID) values ('mjew123',18);
Insert into CGV_DB.EVENT_PART (USER_ID,EVENT_ID) values ('mjew123',28);
Insert into CGV_DB.EVENT_PART (USER_ID,EVENT_ID) values ('mjew123',30);
Insert into CGV_DB.EVENT_PART (USER_ID,EVENT_ID) values ('mjew123',31);
Insert into CGV_DB.EVENT_PART (USER_ID,EVENT_ID) values ('mjew123',33);
Insert into CGV_DB.EVENT_PART (USER_ID,EVENT_ID) values ('mjew123',35);
Insert into CGV_DB.EVENT_PART (USER_ID,EVENT_ID) values ('mjew123',36);
Insert into CGV_DB.EVENT_PART (USER_ID,EVENT_ID) values ('mjew123',37);
Insert into CGV_DB.EVENT_PART (USER_ID,EVENT_ID) values ('mjew123',39);
Insert into CGV_DB.EVENT_PART (USER_ID,EVENT_ID) values ('mjew123',40);
Insert into CGV_DB.EVENT_PART (USER_ID,EVENT_ID) values ('mjew123',42);
Insert into CGV_DB.EVENT_PART (USER_ID,EVENT_ID) values ('mjew123',43);
Insert into CGV_DB.EVENT_PART (USER_ID,EVENT_ID) values ('mjew123',44);
Insert into CGV_DB.EVENT_PART (USER_ID,EVENT_ID) values ('moonlight12',13);
Insert into CGV_DB.EVENT_PART (USER_ID,EVENT_ID) values ('moonlight12',14);
Insert into CGV_DB.EVENT_PART (USER_ID,EVENT_ID) values ('moonlight12',18);
Insert into CGV_DB.EVENT_PART (USER_ID,EVENT_ID) values ('moonlight12',28);
Insert into CGV_DB.EVENT_PART (USER_ID,EVENT_ID) values ('moonlight12',29);
Insert into CGV_DB.EVENT_PART (USER_ID,EVENT_ID) values ('moonlight12',30);
Insert into CGV_DB.EVENT_PART (USER_ID,EVENT_ID) values ('moonlight12',31);
Insert into CGV_DB.EVENT_PART (USER_ID,EVENT_ID) values ('moonlight12',33);
Insert into CGV_DB.EVENT_PART (USER_ID,EVENT_ID) values ('moonlight12',34);
Insert into CGV_DB.EVENT_PART (USER_ID,EVENT_ID) values ('moonlight12',35);
Insert into CGV_DB.EVENT_PART (USER_ID,EVENT_ID) values ('moonlight12',36);
Insert into CGV_DB.EVENT_PART (USER_ID,EVENT_ID) values ('moonlight12',37);
Insert into CGV_DB.EVENT_PART (USER_ID,EVENT_ID) values ('moonlight12',38);
Insert into CGV_DB.EVENT_PART (USER_ID,EVENT_ID) values ('moonlight12',39);
Insert into CGV_DB.EVENT_PART (USER_ID,EVENT_ID) values ('moonlight12',40);
Insert into CGV_DB.EVENT_PART (USER_ID,EVENT_ID) values ('moonlight12',42);
Insert into CGV_DB.EVENT_PART (USER_ID,EVENT_ID) values ('moonlight12',43);
Insert into CGV_DB.EVENT_PART (USER_ID,EVENT_ID) values ('moonlight12',44);
Insert into CGV_DB.EVENT_PART (USER_ID,EVENT_ID) values ('moonlight12',45);
Insert into CGV_DB.EVENT_PART (USER_ID,EVENT_ID) values ('nhyuna',29);
Insert into CGV_DB.EVENT_PART (USER_ID,EVENT_ID) values ('nhyuna',32);
Insert into CGV_DB.EVENT_PART (USER_ID,EVENT_ID) values ('nhyuna',33);
Insert into CGV_DB.EVENT_PART (USER_ID,EVENT_ID) values ('nhyuna',37);
Insert into CGV_DB.EVENT_PART (USER_ID,EVENT_ID) values ('nhyuna',39);
Insert into CGV_DB.EVENT_PART (USER_ID,EVENT_ID) values ('nhyuna',40);
Insert into CGV_DB.EVENT_PART (USER_ID,EVENT_ID) values ('nhyuna',43);
Insert into CGV_DB.EVENT_PART (USER_ID,EVENT_ID) values ('nhyuna',44);
Insert into CGV_DB.EVENT_PART (USER_ID,EVENT_ID) values ('nhyuna',45);
Insert into CGV_DB.EVENT_PART (USER_ID,EVENT_ID) values ('ocaywon00',2);
Insert into CGV_DB.EVENT_PART (USER_ID,EVENT_ID) values ('ocaywon00',4);
Insert into CGV_DB.EVENT_PART (USER_ID,EVENT_ID) values ('ocaywon00',6);
Insert into CGV_DB.EVENT_PART (USER_ID,EVENT_ID) values ('ocaywon00',11);
Insert into CGV_DB.EVENT_PART (USER_ID,EVENT_ID) values ('ocaywon00',12);
Insert into CGV_DB.EVENT_PART (USER_ID,EVENT_ID) values ('ocaywon00',13);
Insert into CGV_DB.EVENT_PART (USER_ID,EVENT_ID) values ('ocaywon00',14);
Insert into CGV_DB.EVENT_PART (USER_ID,EVENT_ID) values ('ocaywon00',15);
Insert into CGV_DB.EVENT_PART (USER_ID,EVENT_ID) values ('ocaywon00',18);
Insert into CGV_DB.EVENT_PART (USER_ID,EVENT_ID) values ('ocaywon00',28);
Insert into CGV_DB.EVENT_PART (USER_ID,EVENT_ID) values ('ocaywon00',29);
Insert into CGV_DB.EVENT_PART (USER_ID,EVENT_ID) values ('ocaywon00',30);
Insert into CGV_DB.EVENT_PART (USER_ID,EVENT_ID) values ('ocaywon00',31);
Insert into CGV_DB.EVENT_PART (USER_ID,EVENT_ID) values ('ocaywon00',33);
Insert into CGV_DB.EVENT_PART (USER_ID,EVENT_ID) values ('ocaywon00',35);
Insert into CGV_DB.EVENT_PART (USER_ID,EVENT_ID) values ('ocaywon00',36);
Insert into CGV_DB.EVENT_PART (USER_ID,EVENT_ID) values ('ocaywon00',37);
Insert into CGV_DB.EVENT_PART (USER_ID,EVENT_ID) values ('ocaywon00',39);
Insert into CGV_DB.EVENT_PART (USER_ID,EVENT_ID) values ('ocaywon00',40);
Insert into CGV_DB.EVENT_PART (USER_ID,EVENT_ID) values ('ocaywon00',41);
Insert into CGV_DB.EVENT_PART (USER_ID,EVENT_ID) values ('ocaywon00',42);
Insert into CGV_DB.EVENT_PART (USER_ID,EVENT_ID) values ('ocaywon00',44);
Insert into CGV_DB.EVENT_PART (USER_ID,EVENT_ID) values ('ocaywon00',45);
Insert into CGV_DB.EVENT_PART (USER_ID,EVENT_ID) values ('oyoungho',29);
Insert into CGV_DB.EVENT_PART (USER_ID,EVENT_ID) values ('oyoungho',30);
Insert into CGV_DB.EVENT_PART (USER_ID,EVENT_ID) values ('oyoungho',43);
Insert into CGV_DB.EVENT_PART (USER_ID,EVENT_ID) values ('oyoungho',1);
Insert into CGV_DB.EVENT_PART (USER_ID,EVENT_ID) values ('oyoungho',6);
Insert into CGV_DB.EVENT_PART (USER_ID,EVENT_ID) values ('oyoungho',10);
Insert into CGV_DB.EVENT_PART (USER_ID,EVENT_ID) values ('oyoungho',15);
Insert into CGV_DB.EVENT_PART (USER_ID,EVENT_ID) values ('oyoungho',18);
Insert into CGV_DB.EVENT_PART (USER_ID,EVENT_ID) values ('oyoungho',33);
Insert into CGV_DB.EVENT_PART (USER_ID,EVENT_ID) values ('oyoungho',36);
Insert into CGV_DB.EVENT_PART (USER_ID,EVENT_ID) values ('parkyh45',1);
Insert into CGV_DB.EVENT_PART (USER_ID,EVENT_ID) values ('parkyh45',6);
Insert into CGV_DB.EVENT_PART (USER_ID,EVENT_ID) values ('parkyh45',18);
Insert into CGV_DB.EVENT_PART (USER_ID,EVENT_ID) values ('parkyh45',33);
Insert into CGV_DB.EVENT_PART (USER_ID,EVENT_ID) values ('parkyh45',35);
Insert into CGV_DB.EVENT_PART (USER_ID,EVENT_ID) values ('parkyh45',36);
Insert into CGV_DB.EVENT_PART (USER_ID,EVENT_ID) values ('parkyh45',39);
Insert into CGV_DB.EVENT_PART (USER_ID,EVENT_ID) values ('parkyh45',43);
Insert into CGV_DB.EVENT_PART (USER_ID,EVENT_ID) values ('pjihun23',4);
Insert into CGV_DB.EVENT_PART (USER_ID,EVENT_ID) values ('pjihun23',6);
Insert into CGV_DB.EVENT_PART (USER_ID,EVENT_ID) values ('pjihun23',8);
Insert into CGV_DB.EVENT_PART (USER_ID,EVENT_ID) values ('pjihun23',9);
Insert into CGV_DB.EVENT_PART (USER_ID,EVENT_ID) values ('pjihun23',11);
Insert into CGV_DB.EVENT_PART (USER_ID,EVENT_ID) values ('pjihun23',12);
Insert into CGV_DB.EVENT_PART (USER_ID,EVENT_ID) values ('pjihun23',13);
Insert into CGV_DB.EVENT_PART (USER_ID,EVENT_ID) values ('pjihun23',14);
Insert into CGV_DB.EVENT_PART (USER_ID,EVENT_ID) values ('pjihun23',15);
Insert into CGV_DB.EVENT_PART (USER_ID,EVENT_ID) values ('pjihun23',16);
Insert into CGV_DB.EVENT_PART (USER_ID,EVENT_ID) values ('pjihun23',17);
Insert into CGV_DB.EVENT_PART (USER_ID,EVENT_ID) values ('pjihun23',18);
Insert into CGV_DB.EVENT_PART (USER_ID,EVENT_ID) values ('pjihun23',29);
Insert into CGV_DB.EVENT_PART (USER_ID,EVENT_ID) values ('pjihun23',30);
Insert into CGV_DB.EVENT_PART (USER_ID,EVENT_ID) values ('pjihun23',31);
Insert into CGV_DB.EVENT_PART (USER_ID,EVENT_ID) values ('pjihun23',33);
Insert into CGV_DB.EVENT_PART (USER_ID,EVENT_ID) values ('pjihun23',34);
Insert into CGV_DB.EVENT_PART (USER_ID,EVENT_ID) values ('pjihun23',36);
Insert into CGV_DB.EVENT_PART (USER_ID,EVENT_ID) values ('pjihun23',37);
Insert into CGV_DB.EVENT_PART (USER_ID,EVENT_ID) values ('pjihun23',38);
Insert into CGV_DB.EVENT_PART (USER_ID,EVENT_ID) values ('pjihun23',39);
Insert into CGV_DB.EVENT_PART (USER_ID,EVENT_ID) values ('pjihun23',40);
Insert into CGV_DB.EVENT_PART (USER_ID,EVENT_ID) values ('pjihun23',41);
Insert into CGV_DB.EVENT_PART (USER_ID,EVENT_ID) values ('pjihun23',42);
Insert into CGV_DB.EVENT_PART (USER_ID,EVENT_ID) values ('pjihun23',43);
Insert into CGV_DB.EVENT_PART (USER_ID,EVENT_ID) values ('pjihun23',44);
Insert into CGV_DB.EVENT_PART (USER_ID,EVENT_ID) values ('pjihun23',45);
Insert into CGV_DB.EVENT_PART (USER_ID,EVENT_ID) values ('pjiyoung',1);
Insert into CGV_DB.EVENT_PART (USER_ID,EVENT_ID) values ('pjiyoung',2);
Insert into CGV_DB.EVENT_PART (USER_ID,EVENT_ID) values ('pjiyoung',3);
Insert into CGV_DB.EVENT_PART (USER_ID,EVENT_ID) values ('pjiyoung',4);
Insert into CGV_DB.EVENT_PART (USER_ID,EVENT_ID) values ('pjiyoung',5);
Insert into CGV_DB.EVENT_PART (USER_ID,EVENT_ID) values ('pjiyoung',6);
Insert into CGV_DB.EVENT_PART (USER_ID,EVENT_ID) values ('pjiyoung',12);
Insert into CGV_DB.EVENT_PART (USER_ID,EVENT_ID) values ('pjiyoung',14);
Insert into CGV_DB.EVENT_PART (USER_ID,EVENT_ID) values ('pjiyoung',15);
Insert into CGV_DB.EVENT_PART (USER_ID,EVENT_ID) values ('pjiyoung',18);
Insert into CGV_DB.EVENT_PART (USER_ID,EVENT_ID) values ('pjiyoung',29);
Insert into CGV_DB.EVENT_PART (USER_ID,EVENT_ID) values ('pjiyoung',30);
Insert into CGV_DB.EVENT_PART (USER_ID,EVENT_ID) values ('pjiyoung',31);
Insert into CGV_DB.EVENT_PART (USER_ID,EVENT_ID) values ('pjiyoung',33);
Insert into CGV_DB.EVENT_PART (USER_ID,EVENT_ID) values ('pjiyoung',34);
Insert into CGV_DB.EVENT_PART (USER_ID,EVENT_ID) values ('pjiyoung',35);
Insert into CGV_DB.EVENT_PART (USER_ID,EVENT_ID) values ('pjiyoung',36);
Insert into CGV_DB.EVENT_PART (USER_ID,EVENT_ID) values ('pjiyoung',37);
Insert into CGV_DB.EVENT_PART (USER_ID,EVENT_ID) values ('pjiyoung',38);
Insert into CGV_DB.EVENT_PART (USER_ID,EVENT_ID) values ('pjiyoung',39);
Insert into CGV_DB.EVENT_PART (USER_ID,EVENT_ID) values ('pjiyoung',40);
Insert into CGV_DB.EVENT_PART (USER_ID,EVENT_ID) values ('pjiyoung',41);
Insert into CGV_DB.EVENT_PART (USER_ID,EVENT_ID) values ('pjiyoung',43);
Insert into CGV_DB.EVENT_PART (USER_ID,EVENT_ID) values ('pjiyoung',44);
Insert into CGV_DB.EVENT_PART (USER_ID,EVENT_ID) values ('pjiyoung',45);
Insert into CGV_DB.EVENT_PART (USER_ID,EVENT_ID) values ('psangmin',35);
Insert into CGV_DB.EVENT_PART (USER_ID,EVENT_ID) values ('psangmin',30);
Insert into CGV_DB.EVENT_PART (USER_ID,EVENT_ID) values ('psangmin',33);
Insert into CGV_DB.EVENT_PART (USER_ID,EVENT_ID) values ('psangmin',36);
Insert into CGV_DB.EVENT_PART (USER_ID,EVENT_ID) values ('psangmin',39);
Insert into CGV_DB.EVENT_PART (USER_ID,EVENT_ID) values ('psangmin',40);
Insert into CGV_DB.EVENT_PART (USER_ID,EVENT_ID) values ('psangmin',43);
Insert into CGV_DB.EVENT_PART (USER_ID,EVENT_ID) values ('reallllmino',1);
Insert into CGV_DB.EVENT_PART (USER_ID,EVENT_ID) values ('reallllmino',4);
Insert into CGV_DB.EVENT_PART (USER_ID,EVENT_ID) values ('reallllmino',6);
Insert into CGV_DB.EVENT_PART (USER_ID,EVENT_ID) values ('reallllmino',14);
Insert into CGV_DB.EVENT_PART (USER_ID,EVENT_ID) values ('reallllmino',15);
Insert into CGV_DB.EVENT_PART (USER_ID,EVENT_ID) values ('reallllmino',18);
Insert into CGV_DB.EVENT_PART (USER_ID,EVENT_ID) values ('reallllmino',28);
Insert into CGV_DB.EVENT_PART (USER_ID,EVENT_ID) values ('reallllmino',30);
Insert into CGV_DB.EVENT_PART (USER_ID,EVENT_ID) values ('reallllmino',33);
Insert into CGV_DB.EVENT_PART (USER_ID,EVENT_ID) values ('reallllmino',34);
Insert into CGV_DB.EVENT_PART (USER_ID,EVENT_ID) values ('reallllmino',35);
Insert into CGV_DB.EVENT_PART (USER_ID,EVENT_ID) values ('reallllmino',36);
Insert into CGV_DB.EVENT_PART (USER_ID,EVENT_ID) values ('reallllmino',37);
Insert into CGV_DB.EVENT_PART (USER_ID,EVENT_ID) values ('reallllmino',39);
Insert into CGV_DB.EVENT_PART (USER_ID,EVENT_ID) values ('reallllmino',40);
Insert into CGV_DB.EVENT_PART (USER_ID,EVENT_ID) values ('reallllmino',43);
Insert into CGV_DB.EVENT_PART (USER_ID,EVENT_ID) values ('reallllmino',44);
Insert into CGV_DB.EVENT_PART (USER_ID,EVENT_ID) values ('reallllmino',45);
Insert into CGV_DB.EVENT_PART (USER_ID,EVENT_ID) values ('seeunk3',6);
Insert into CGV_DB.EVENT_PART (USER_ID,EVENT_ID) values ('seeunk3',14);
Insert into CGV_DB.EVENT_PART (USER_ID,EVENT_ID) values ('seeunk3',18);
Insert into CGV_DB.EVENT_PART (USER_ID,EVENT_ID) values ('seeunk3',29);
Insert into CGV_DB.EVENT_PART (USER_ID,EVENT_ID) values ('seeunk3',30);
Insert into CGV_DB.EVENT_PART (USER_ID,EVENT_ID) values ('seeunk3',33);
Insert into CGV_DB.EVENT_PART (USER_ID,EVENT_ID) values ('seeunk3',35);
Insert into CGV_DB.EVENT_PART (USER_ID,EVENT_ID) values ('seeunk3',36);
Insert into CGV_DB.EVENT_PART (USER_ID,EVENT_ID) values ('seeunk3',37);
Insert into CGV_DB.EVENT_PART (USER_ID,EVENT_ID) values ('seeunk3',39);
Insert into CGV_DB.EVENT_PART (USER_ID,EVENT_ID) values ('seeunk3',40);
Insert into CGV_DB.EVENT_PART (USER_ID,EVENT_ID) values ('seeunk3',44);
Insert into CGV_DB.EVENT_PART (USER_ID,EVENT_ID) values ('shysong',1);
Insert into CGV_DB.EVENT_PART (USER_ID,EVENT_ID) values ('shysong',19);
Insert into CGV_DB.EVENT_PART (USER_ID,EVENT_ID) values ('shysong',20);
Insert into CGV_DB.EVENT_PART (USER_ID,EVENT_ID) values ('shysong',21);
Insert into CGV_DB.EVENT_PART (USER_ID,EVENT_ID) values ('shysong',22);
Insert into CGV_DB.EVENT_PART (USER_ID,EVENT_ID) values ('shysong',23);
Insert into CGV_DB.EVENT_PART (USER_ID,EVENT_ID) values ('shysong',24);
Insert into CGV_DB.EVENT_PART (USER_ID,EVENT_ID) values ('shysong',25);
Insert into CGV_DB.EVENT_PART (USER_ID,EVENT_ID) values ('shysong',26);
Insert into CGV_DB.EVENT_PART (USER_ID,EVENT_ID) values ('shysong',27);
Insert into CGV_DB.EVENT_PART (USER_ID,EVENT_ID) values ('shysong',28);
Insert into CGV_DB.EVENT_PART (USER_ID,EVENT_ID) values ('shysong',33);
Insert into CGV_DB.EVENT_PART (USER_ID,EVENT_ID) values ('shysong',43);
Insert into CGV_DB.EVENT_PART (USER_ID,EVENT_ID) values ('sjaeho005',3);
Insert into CGV_DB.EVENT_PART (USER_ID,EVENT_ID) values ('sjaeho005',4);
Insert into CGV_DB.EVENT_PART (USER_ID,EVENT_ID) values ('sjaeho005',5);
Insert into CGV_DB.EVENT_PART (USER_ID,EVENT_ID) values ('sjaeho005',6);
Insert into CGV_DB.EVENT_PART (USER_ID,EVENT_ID) values ('sjaeho005',10);
Insert into CGV_DB.EVENT_PART (USER_ID,EVENT_ID) values ('sjaeho005',11);
Insert into CGV_DB.EVENT_PART (USER_ID,EVENT_ID) values ('sjaeho005',13);
Insert into CGV_DB.EVENT_PART (USER_ID,EVENT_ID) values ('sjaeho005',14);
Insert into CGV_DB.EVENT_PART (USER_ID,EVENT_ID) values ('sjaeho005',17);
Insert into CGV_DB.EVENT_PART (USER_ID,EVENT_ID) values ('sjaeho005',18);
Insert into CGV_DB.EVENT_PART (USER_ID,EVENT_ID) values ('sjaeho005',29);
Insert into CGV_DB.EVENT_PART (USER_ID,EVENT_ID) values ('sjaeho005',30);
Insert into CGV_DB.EVENT_PART (USER_ID,EVENT_ID) values ('sjaeho005',33);
Insert into CGV_DB.EVENT_PART (USER_ID,EVENT_ID) values ('sjaeho005',35);
Insert into CGV_DB.EVENT_PART (USER_ID,EVENT_ID) values ('sjaeho005',36);
Insert into CGV_DB.EVENT_PART (USER_ID,EVENT_ID) values ('sjaeho005',37);
Insert into CGV_DB.EVENT_PART (USER_ID,EVENT_ID) values ('sjaeho005',38);
Insert into CGV_DB.EVENT_PART (USER_ID,EVENT_ID) values ('sjaeho005',39);
Insert into CGV_DB.EVENT_PART (USER_ID,EVENT_ID) values ('sjaeho005',40);
Insert into CGV_DB.EVENT_PART (USER_ID,EVENT_ID) values ('sjaeho005',41);
Insert into CGV_DB.EVENT_PART (USER_ID,EVENT_ID) values ('sjaeho005',43);
Insert into CGV_DB.EVENT_PART (USER_ID,EVENT_ID) values ('sjaeho005',44);
Insert into CGV_DB.EVENT_PART (USER_ID,EVENT_ID) values ('sjaeho005',45);
Insert into CGV_DB.EVENT_PART (USER_ID,EVENT_ID) values ('sjew8545',1);
Insert into CGV_DB.EVENT_PART (USER_ID,EVENT_ID) values ('sjew8545',2);
Insert into CGV_DB.EVENT_PART (USER_ID,EVENT_ID) values ('sjew8545',14);
Insert into CGV_DB.EVENT_PART (USER_ID,EVENT_ID) values ('sjew8545',18);
Insert into CGV_DB.EVENT_PART (USER_ID,EVENT_ID) values ('sjew8545',33);
Insert into CGV_DB.EVENT_PART (USER_ID,EVENT_ID) values ('sjew8545',39);
Insert into CGV_DB.EVENT_PART (USER_ID,EVENT_ID) values ('sjew8545',40);
Insert into CGV_DB.EVENT_PART (USER_ID,EVENT_ID) values ('sjew8545',43);
Insert into CGV_DB.EVENT_PART (USER_ID,EVENT_ID) values ('sjew8545',44);
Insert into CGV_DB.EVENT_PART (USER_ID,EVENT_ID) values ('songjjmm',2);
Insert into CGV_DB.EVENT_PART (USER_ID,EVENT_ID) values ('songjjmm',3);
Insert into CGV_DB.EVENT_PART (USER_ID,EVENT_ID) values ('songjjmm',4);
Insert into CGV_DB.EVENT_PART (USER_ID,EVENT_ID) values ('songjjmm',6);
Insert into CGV_DB.EVENT_PART (USER_ID,EVENT_ID) values ('songjjmm',8);
Insert into CGV_DB.EVENT_PART (USER_ID,EVENT_ID) values ('songjjmm',10);
Insert into CGV_DB.EVENT_PART (USER_ID,EVENT_ID) values ('songjjmm',12);
Insert into CGV_DB.EVENT_PART (USER_ID,EVENT_ID) values ('songjjmm',14);
Insert into CGV_DB.EVENT_PART (USER_ID,EVENT_ID) values ('songjjmm',15);
Insert into CGV_DB.EVENT_PART (USER_ID,EVENT_ID) values ('songjjmm',18);
Insert into CGV_DB.EVENT_PART (USER_ID,EVENT_ID) values ('songjjmm',28);
Insert into CGV_DB.EVENT_PART (USER_ID,EVENT_ID) values ('songjjmm',33);
Insert into CGV_DB.EVENT_PART (USER_ID,EVENT_ID) values ('songjjmm',34);
Insert into CGV_DB.EVENT_PART (USER_ID,EVENT_ID) values ('songjjmm',35);
Insert into CGV_DB.EVENT_PART (USER_ID,EVENT_ID) values ('songjjmm',36);
Insert into CGV_DB.EVENT_PART (USER_ID,EVENT_ID) values ('songjjmm',37);
Insert into CGV_DB.EVENT_PART (USER_ID,EVENT_ID) values ('songjjmm',38);
Insert into CGV_DB.EVENT_PART (USER_ID,EVENT_ID) values ('songjjmm',39);
Insert into CGV_DB.EVENT_PART (USER_ID,EVENT_ID) values ('songjjmm',40);
Insert into CGV_DB.EVENT_PART (USER_ID,EVENT_ID) values ('songjjmm',44);
Insert into CGV_DB.EVENT_PART (USER_ID,EVENT_ID) values ('sseungho',6);
Insert into CGV_DB.EVENT_PART (USER_ID,EVENT_ID) values ('sseungho',9);
Insert into CGV_DB.EVENT_PART (USER_ID,EVENT_ID) values ('sseungho',12);
Insert into CGV_DB.EVENT_PART (USER_ID,EVENT_ID) values ('sseungho',13);
Insert into CGV_DB.EVENT_PART (USER_ID,EVENT_ID) values ('sseungho',14);
Insert into CGV_DB.EVENT_PART (USER_ID,EVENT_ID) values ('sseungho',15);
Insert into CGV_DB.EVENT_PART (USER_ID,EVENT_ID) values ('sseungho',29);
Insert into CGV_DB.EVENT_PART (USER_ID,EVENT_ID) values ('sseungho',33);
Insert into CGV_DB.EVENT_PART (USER_ID,EVENT_ID) values ('sseungho',34);
Insert into CGV_DB.EVENT_PART (USER_ID,EVENT_ID) values ('sseungho',35);
Insert into CGV_DB.EVENT_PART (USER_ID,EVENT_ID) values ('sseungho',37);
Insert into CGV_DB.EVENT_PART (USER_ID,EVENT_ID) values ('sseungho',38);
Insert into CGV_DB.EVENT_PART (USER_ID,EVENT_ID) values ('sseungho',40);
Insert into CGV_DB.EVENT_PART (USER_ID,EVENT_ID) values ('sseungho',43);
Insert into CGV_DB.EVENT_PART (USER_ID,EVENT_ID) values ('sseungho',44);
Insert into CGV_DB.EVENT_PART (USER_ID,EVENT_ID) values ('sseungho',45);
Insert into CGV_DB.EVENT_PART (USER_ID,EVENT_ID) values ('ssoobin',18);
Insert into CGV_DB.EVENT_PART (USER_ID,EVENT_ID) values ('ssoobin',33);
Insert into CGV_DB.EVENT_PART (USER_ID,EVENT_ID) values ('ssoobin',39);
Insert into CGV_DB.EVENT_PART (USER_ID,EVENT_ID) values ('ssoobin',43);
Insert into CGV_DB.EVENT_PART (USER_ID,EVENT_ID) values ('ssoobin',44);
Insert into CGV_DB.EVENT_PART (USER_ID,EVENT_ID) values ('ssoobin',45);
Insert into CGV_DB.EVENT_PART (USER_ID,EVENT_ID) values ('sungjun5',5);
Insert into CGV_DB.EVENT_PART (USER_ID,EVENT_ID) values ('sungjun5',6);
Insert into CGV_DB.EVENT_PART (USER_ID,EVENT_ID) values ('sungjun5',8);
Insert into CGV_DB.EVENT_PART (USER_ID,EVENT_ID) values ('sungjun5',13);
Insert into CGV_DB.EVENT_PART (USER_ID,EVENT_ID) values ('sungjun5',18);
Insert into CGV_DB.EVENT_PART (USER_ID,EVENT_ID) values ('sungjun5',29);
Insert into CGV_DB.EVENT_PART (USER_ID,EVENT_ID) values ('sungjun5',30);
Insert into CGV_DB.EVENT_PART (USER_ID,EVENT_ID) values ('sungjun5',33);
Insert into CGV_DB.EVENT_PART (USER_ID,EVENT_ID) values ('sungjun5',35);
Insert into CGV_DB.EVENT_PART (USER_ID,EVENT_ID) values ('sungjun5',36);
Insert into CGV_DB.EVENT_PART (USER_ID,EVENT_ID) values ('sungjun5',37);
Insert into CGV_DB.EVENT_PART (USER_ID,EVENT_ID) values ('sungjun5',39);
Insert into CGV_DB.EVENT_PART (USER_ID,EVENT_ID) values ('sungjun5',40);
Insert into CGV_DB.EVENT_PART (USER_ID,EVENT_ID) values ('sungjun5',41);
Insert into CGV_DB.EVENT_PART (USER_ID,EVENT_ID) values ('sungjun5',42);
Insert into CGV_DB.EVENT_PART (USER_ID,EVENT_ID) values ('yjaemin',6);
Insert into CGV_DB.EVENT_PART (USER_ID,EVENT_ID) values ('yjaemin',14);
Insert into CGV_DB.EVENT_PART (USER_ID,EVENT_ID) values ('yjaemin',15);
Insert into CGV_DB.EVENT_PART (USER_ID,EVENT_ID) values ('yjaemin',16);
Insert into CGV_DB.EVENT_PART (USER_ID,EVENT_ID) values ('yjaemin',18);
Insert into CGV_DB.EVENT_PART (USER_ID,EVENT_ID) values ('yjaemin',28);
Insert into CGV_DB.EVENT_PART (USER_ID,EVENT_ID) values ('yjaemin',33);
Insert into CGV_DB.EVENT_PART (USER_ID,EVENT_ID) values ('yjaemin',35);
Insert into CGV_DB.EVENT_PART (USER_ID,EVENT_ID) values ('yjaemin',36);
Insert into CGV_DB.EVENT_PART (USER_ID,EVENT_ID) values ('yjaemin',37);
Insert into CGV_DB.EVENT_PART (USER_ID,EVENT_ID) values ('yjaemin',39);
Insert into CGV_DB.EVENT_PART (USER_ID,EVENT_ID) values ('yjaemin',42);
Insert into CGV_DB.EVENT_PART (USER_ID,EVENT_ID) values ('youngh',33);
Insert into CGV_DB.EVENT_PART (USER_ID,EVENT_ID) values ('youngh',44);
Insert into CGV_DB.EVENT_PART (USER_ID,EVENT_ID) values ('yjaemin',29);
Insert into CGV_DB.EVENT_PART (USER_ID,EVENT_ID) values ('zerocoke2',1);
Insert into CGV_DB.EVENT_PART (USER_ID,EVENT_ID) values ('zerocoke2',6);
Insert into CGV_DB.EVENT_PART (USER_ID,EVENT_ID) values ('zerocoke2',11);
Insert into CGV_DB.EVENT_PART (USER_ID,EVENT_ID) values ('zerocoke2',14);
Insert into CGV_DB.EVENT_PART (USER_ID,EVENT_ID) values ('zerocoke2',33);
Insert into CGV_DB.EVENT_PART (USER_ID,EVENT_ID) values ('zerocoke2',37);
Insert into CGV_DB.EVENT_PART (USER_ID,EVENT_ID) values ('zerocoke2',39);
Insert into CGV_DB.EVENT_PART (USER_ID,EVENT_ID) values ('zerocoke2',40);
Insert into CGV_DB.EVENT_PART (USER_ID,EVENT_ID) values ('zerocoke2',43);
Insert into CGV_DB.EVENT_PART (USER_ID,EVENT_ID) values ('zerocoke2',44);
Insert into CGV_DB.EVENT_PART (USER_ID,EVENT_ID) values ('zzuro77',1);
Insert into CGV_DB.EVENT_PART (USER_ID,EVENT_ID) values ('zzuro77',8);
Insert into CGV_DB.EVENT_PART (USER_ID,EVENT_ID) values ('zzuro77',18);
Insert into CGV_DB.EVENT_PART (USER_ID,EVENT_ID) values ('zzuro77',19);
Insert into CGV_DB.EVENT_PART (USER_ID,EVENT_ID) values ('zzuro77',20);
Insert into CGV_DB.EVENT_PART (USER_ID,EVENT_ID) values ('zzuro77',21);
Insert into CGV_DB.EVENT_PART (USER_ID,EVENT_ID) values ('zzuro77',22);
Insert into CGV_DB.EVENT_PART (USER_ID,EVENT_ID) values ('zzuro77',23);
Insert into CGV_DB.EVENT_PART (USER_ID,EVENT_ID) values ('zzuro77',24);
Insert into CGV_DB.EVENT_PART (USER_ID,EVENT_ID) values ('zzuro77',25);
Insert into CGV_DB.EVENT_PART (USER_ID,EVENT_ID) values ('zzuro77',26);
Insert into CGV_DB.EVENT_PART (USER_ID,EVENT_ID) values ('zzuro77',27);
Insert into CGV_DB.EVENT_PART (USER_ID,EVENT_ID) values ('zzuro77',28);
Insert into CGV_DB.EVENT_PART (USER_ID,EVENT_ID) values ('zzuro77',33);
Insert into CGV_DB.EVENT_PART (USER_ID,EVENT_ID) values ('zzuro77',36);
Insert into CGV_DB.EVENT_PART (USER_ID,EVENT_ID) values ('zzuro77',39);
Insert into CGV_DB.EVENT_PART (USER_ID,EVENT_ID) values ('zzuro77',43);
Insert into CGV_DB.EVENT_PART (USER_ID,EVENT_ID) values ('hdongjun',33);
Insert into CGV_DB.EVENT_PART (USER_ID,EVENT_ID) values ('hdongjun',34);
Insert into CGV_DB.EVENT_PART (USER_ID,EVENT_ID) values ('hdongjun',35);
Insert into CGV_DB.EVENT_PART (USER_ID,EVENT_ID) values ('hdongjun',36);
Insert into CGV_DB.EVENT_PART (USER_ID,EVENT_ID) values ('hdongjun',37);
Insert into CGV_DB.EVENT_PART (USER_ID,EVENT_ID) values ('hdongjun',38);
Insert into CGV_DB.EVENT_PART (USER_ID,EVENT_ID) values ('hdongjun',39);
Insert into CGV_DB.EVENT_PART (USER_ID,EVENT_ID) values ('hdongjun',40);
Insert into CGV_DB.EVENT_PART (USER_ID,EVENT_ID) values ('hdongjun',42);
Insert into CGV_DB.EVENT_PART (USER_ID,EVENT_ID) values ('hdongjun',43);
Insert into CGV_DB.EVENT_PART (USER_ID,EVENT_ID) values ('hdongjun',44);
Insert into CGV_DB.EVENT_PART (USER_ID,EVENT_ID) values ('hdongjun',45);
Insert into CGV_DB.EVENT_PART (USER_ID,EVENT_ID) values ('hjiyoung9090',39);
Insert into CGV_DB.EVENT_PART (USER_ID,EVENT_ID) values ('hjiyoung9090',8);
Insert into CGV_DB.EVENT_PART (USER_ID,EVENT_ID) values ('hjiyoung9090',13);
Insert into CGV_DB.EVENT_PART (USER_ID,EVENT_ID) values ('hjiyoung9090',14);
Insert into CGV_DB.EVENT_PART (USER_ID,EVENT_ID) values ('hjiyoung9090',15);
Insert into CGV_DB.EVENT_PART (USER_ID,EVENT_ID) values ('hjiyoung9090',16);
Insert into CGV_DB.EVENT_PART (USER_ID,EVENT_ID) values ('hjiyoung9090',18);
Insert into CGV_DB.EVENT_PART (USER_ID,EVENT_ID) values ('hjiyoung9090',28);
Insert into CGV_DB.EVENT_PART (USER_ID,EVENT_ID) values ('hjiyoung9090',29);
Insert into CGV_DB.EVENT_PART (USER_ID,EVENT_ID) values ('hjiyoung9090',31);
Insert into CGV_DB.EVENT_PART (USER_ID,EVENT_ID) values ('hjiyoung9090',33);
Insert into CGV_DB.EVENT_PART (USER_ID,EVENT_ID) values ('hjiyoung9090',34);
Insert into CGV_DB.EVENT_PART (USER_ID,EVENT_ID) values ('hjiyoung9090',38);
Insert into CGV_DB.EVENT_PART (USER_ID,EVENT_ID) values ('hjiyoung9090',40);
Insert into CGV_DB.EVENT_PART (USER_ID,EVENT_ID) values ('hjiyoung9090',41);
Insert into CGV_DB.EVENT_PART (USER_ID,EVENT_ID) values ('hjiyoung9090',42);
Insert into CGV_DB.EVENT_PART (USER_ID,EVENT_ID) values ('hjiyoung9090',43);
Insert into CGV_DB.EVENT_PART (USER_ID,EVENT_ID) values ('hjiyoung9090',45);
Insert into CGV_DB.EVENT_PART (USER_ID,EVENT_ID) values ('hjiyoung9090',37);
Insert into CGV_DB.EVENT_PART (USER_ID,EVENT_ID) values ('hoho123',2);
Insert into CGV_DB.EVENT_PART (USER_ID,EVENT_ID) values ('hoho123',4);
Insert into CGV_DB.EVENT_PART (USER_ID,EVENT_ID) values ('hoho123',6);
Insert into CGV_DB.EVENT_PART (USER_ID,EVENT_ID) values ('hoho123',7);
Insert into CGV_DB.EVENT_PART (USER_ID,EVENT_ID) values ('hoho123',11);
Insert into CGV_DB.EVENT_PART (USER_ID,EVENT_ID) values ('hoho123',12);
Insert into CGV_DB.EVENT_PART (USER_ID,EVENT_ID) values ('hoho123',13);
Insert into CGV_DB.EVENT_PART (USER_ID,EVENT_ID) values ('hoho123',14);
Insert into CGV_DB.EVENT_PART (USER_ID,EVENT_ID) values ('hoho123',15);
Insert into CGV_DB.EVENT_PART (USER_ID,EVENT_ID) values ('hoho123',18);
Insert into CGV_DB.EVENT_PART (USER_ID,EVENT_ID) values ('hoho123',29);
Insert into CGV_DB.EVENT_PART (USER_ID,EVENT_ID) values ('hoho123',33);
Insert into CGV_DB.EVENT_PART (USER_ID,EVENT_ID) values ('hoho123',35);
Insert into CGV_DB.EVENT_PART (USER_ID,EVENT_ID) values ('hoho123',36);
Insert into CGV_DB.EVENT_PART (USER_ID,EVENT_ID) values ('hoho123',37);
Insert into CGV_DB.EVENT_PART (USER_ID,EVENT_ID) values ('hoho123',38);
Insert into CGV_DB.EVENT_PART (USER_ID,EVENT_ID) values ('hoho123',39);
Insert into CGV_DB.EVENT_PART (USER_ID,EVENT_ID) values ('hoho123',40);
Insert into CGV_DB.EVENT_PART (USER_ID,EVENT_ID) values ('hoho123',42);
Insert into CGV_DB.EVENT_PART (USER_ID,EVENT_ID) values ('hoho123',44);
Insert into CGV_DB.EVENT_PART (USER_ID,EVENT_ID) values ('hoho123',45);
Insert into CGV_DB.EVENT_PART (USER_ID,EVENT_ID) values ('honggd1',33);
Insert into CGV_DB.EVENT_PART (USER_ID,EVENT_ID) values ('honggd1',42);
Insert into CGV_DB.EVENT_PART (USER_ID,EVENT_ID) values ('honggd1',43);
Insert into CGV_DB.EVENT_PART (USER_ID,EVENT_ID) values ('honggd1',44);
Insert into CGV_DB.EVENT_PART (USER_ID,EVENT_ID) values ('jaegy112',1);
Insert into CGV_DB.EVENT_PART (USER_ID,EVENT_ID) values ('jaegy112',33);
Insert into CGV_DB.EVENT_PART (USER_ID,EVENT_ID) values ('jaegy112',38);
Insert into CGV_DB.EVENT_PART (USER_ID,EVENT_ID) values ('jaegy112',39);
Insert into CGV_DB.EVENT_PART (USER_ID,EVENT_ID) values ('jaegy112',43);
Insert into CGV_DB.EVENT_PART (USER_ID,EVENT_ID) values ('jaegy112',44);
Insert into CGV_DB.EVENT_PART (USER_ID,EVENT_ID) values ('jaegy112',35);
Insert into CGV_DB.EVENT_PART (USER_ID,EVENT_ID) values ('jaegy112',36);
Insert into CGV_DB.EVENT_PART (USER_ID,EVENT_ID) values ('jggap000',1);
Insert into CGV_DB.EVENT_PART (USER_ID,EVENT_ID) values ('jggap000',2);
Insert into CGV_DB.EVENT_PART (USER_ID,EVENT_ID) values ('jggap000',4);
Insert into CGV_DB.EVENT_PART (USER_ID,EVENT_ID) values ('jggap000',14);
Insert into CGV_DB.EVENT_PART (USER_ID,EVENT_ID) values ('jggap000',15);
Insert into CGV_DB.EVENT_PART (USER_ID,EVENT_ID) values ('jggap000',16);
Insert into CGV_DB.EVENT_PART (USER_ID,EVENT_ID) values ('jggap000',18);
Insert into CGV_DB.EVENT_PART (USER_ID,EVENT_ID) values ('jggap000',29);
Insert into CGV_DB.EVENT_PART (USER_ID,EVENT_ID) values ('jggap000',31);
Insert into CGV_DB.EVENT_PART (USER_ID,EVENT_ID) values ('jggap000',33);
Insert into CGV_DB.EVENT_PART (USER_ID,EVENT_ID) values ('jggap000',36);
Insert into CGV_DB.EVENT_PART (USER_ID,EVENT_ID) values ('jggap000',37);
Insert into CGV_DB.EVENT_PART (USER_ID,EVENT_ID) values ('jggap000',38);
Insert into CGV_DB.EVENT_PART (USER_ID,EVENT_ID) values ('jggap000',39);
Insert into CGV_DB.EVENT_PART (USER_ID,EVENT_ID) values ('jggap000',40);
Insert into CGV_DB.EVENT_PART (USER_ID,EVENT_ID) values ('jggap000',42);
Insert into CGV_DB.EVENT_PART (USER_ID,EVENT_ID) values ('jggap000',43);
Insert into CGV_DB.EVENT_PART (USER_ID,EVENT_ID) values ('jggap000',44);
Insert into CGV_DB.EVENT_PART (USER_ID,EVENT_ID) values ('jhyunjoo',2);
Insert into CGV_DB.EVENT_PART (USER_ID,EVENT_ID) values ('jhyunjoo',3);
Insert into CGV_DB.EVENT_PART (USER_ID,EVENT_ID) values ('jhyunjoo',6);
Insert into CGV_DB.EVENT_PART (USER_ID,EVENT_ID) values ('jhyunjoo',7);
Insert into CGV_DB.EVENT_PART (USER_ID,EVENT_ID) values ('jhyunjoo',11);
Insert into CGV_DB.EVENT_PART (USER_ID,EVENT_ID) values ('jhyunjoo',13);
Insert into CGV_DB.EVENT_PART (USER_ID,EVENT_ID) values ('jhyunjoo',14);
Insert into CGV_DB.EVENT_PART (USER_ID,EVENT_ID) values ('jhyunjoo',15);
Insert into CGV_DB.EVENT_PART (USER_ID,EVENT_ID) values ('jhyunjoo',18);
Insert into CGV_DB.EVENT_PART (USER_ID,EVENT_ID) values ('jhyunjoo',28);
Insert into CGV_DB.EVENT_PART (USER_ID,EVENT_ID) values ('jhyunjoo',29);
Insert into CGV_DB.EVENT_PART (USER_ID,EVENT_ID) values ('jhyunjoo',32);
Insert into CGV_DB.EVENT_PART (USER_ID,EVENT_ID) values ('jhyunjoo',33);
Insert into CGV_DB.EVENT_PART (USER_ID,EVENT_ID) values ('jhyunjoo',36);
Insert into CGV_DB.EVENT_PART (USER_ID,EVENT_ID) values ('jhyunjoo',37);
Insert into CGV_DB.EVENT_PART (USER_ID,EVENT_ID) values ('jhyunjoo',38);
Insert into CGV_DB.EVENT_PART (USER_ID,EVENT_ID) values ('jhyunjoo',39);
Insert into CGV_DB.EVENT_PART (USER_ID,EVENT_ID) values ('jhyunjoo',40);
Insert into CGV_DB.EVENT_PART (USER_ID,EVENT_ID) values ('jhyunjoo',43);
Insert into CGV_DB.EVENT_PART (USER_ID,EVENT_ID) values ('jhyunjoo',44);
Insert into CGV_DB.EVENT_PART (USER_ID,EVENT_ID) values ('jhyunjoo',45);
Insert into CGV_DB.EVENT_PART (USER_ID,EVENT_ID) values ('jjangguya',1);
Insert into CGV_DB.EVENT_PART (USER_ID,EVENT_ID) values ('jjangguya',2);
Insert into CGV_DB.EVENT_PART (USER_ID,EVENT_ID) values ('jjangguya',3);
Insert into CGV_DB.EVENT_PART (USER_ID,EVENT_ID) values ('jjangguya',4);
Insert into CGV_DB.EVENT_PART (USER_ID,EVENT_ID) values ('jjangguya',5);
Insert into CGV_DB.EVENT_PART (USER_ID,EVENT_ID) values ('jjangguya',6);
Insert into CGV_DB.EVENT_PART (USER_ID,EVENT_ID) values ('jjangguya',7);
Insert into CGV_DB.EVENT_PART (USER_ID,EVENT_ID) values ('jjangguya',9);
Insert into CGV_DB.EVENT_PART (USER_ID,EVENT_ID) values ('jjangguya',11);
Insert into CGV_DB.EVENT_PART (USER_ID,EVENT_ID) values ('jjangguya',13);
Insert into CGV_DB.EVENT_PART (USER_ID,EVENT_ID) values ('jjangguya',14);
Insert into CGV_DB.EVENT_PART (USER_ID,EVENT_ID) values ('jjangguya',15);
Insert into CGV_DB.EVENT_PART (USER_ID,EVENT_ID) values ('jjangguya',18);
Insert into CGV_DB.EVENT_PART (USER_ID,EVENT_ID) values ('jjangguya',29);
Insert into CGV_DB.EVENT_PART (USER_ID,EVENT_ID) values ('jjangguya',30);
Insert into CGV_DB.EVENT_PART (USER_ID,EVENT_ID) values ('jjangguya',33);
Insert into CGV_DB.EVENT_PART (USER_ID,EVENT_ID) values ('jjangguya',34);
Insert into CGV_DB.EVENT_PART (USER_ID,EVENT_ID) values ('jjangguya',35);
Insert into CGV_DB.EVENT_PART (USER_ID,EVENT_ID) values ('jjangguya',36);
Insert into CGV_DB.EVENT_PART (USER_ID,EVENT_ID) values ('jjangguya',37);
Insert into CGV_DB.EVENT_PART (USER_ID,EVENT_ID) values ('jjangguya',38);
Insert into CGV_DB.EVENT_PART (USER_ID,EVENT_ID) values ('jjangguya',39);
Insert into CGV_DB.EVENT_PART (USER_ID,EVENT_ID) values ('jjangguya',40);
Insert into CGV_DB.EVENT_PART (USER_ID,EVENT_ID) values ('jjangguya',43);
Insert into CGV_DB.EVENT_PART (USER_ID,EVENT_ID) values ('jjangguya',44);
Insert into CGV_DB.EVENT_PART (USER_ID,EVENT_ID) values ('jjangguya',45);
Insert into CGV_DB.EVENT_PART (USER_ID,EVENT_ID) values ('jjangyoung',14);
Insert into CGV_DB.EVENT_PART (USER_ID,EVENT_ID) values ('jjangyoung',18);
Insert into CGV_DB.EVENT_PART (USER_ID,EVENT_ID) values ('jjangyoung',29);
Insert into CGV_DB.EVENT_PART (USER_ID,EVENT_ID) values ('jjangyoung',30);
Insert into CGV_DB.EVENT_PART (USER_ID,EVENT_ID) values ('jjangyoung',33);
Insert into CGV_DB.EVENT_PART (USER_ID,EVENT_ID) values ('jjangyoung',35);
Insert into CGV_DB.EVENT_PART (USER_ID,EVENT_ID) values ('jjangyoung',36);
Insert into CGV_DB.EVENT_PART (USER_ID,EVENT_ID) values ('jjangyoung',37);
Insert into CGV_DB.EVENT_PART (USER_ID,EVENT_ID) values ('jjangyoung',39);
Insert into CGV_DB.EVENT_PART (USER_ID,EVENT_ID) values ('jjangyoung',40);
Insert into CGV_DB.EVENT_PART (USER_ID,EVENT_ID) values ('jjangyoung',42);
Insert into CGV_DB.EVENT_PART (USER_ID,EVENT_ID) values ('jjangyoung',43);
Insert into CGV_DB.EVENT_PART (USER_ID,EVENT_ID) values ('jjangyoung',44);
Insert into CGV_DB.EVENT_PART (USER_ID,EVENT_ID) values ('jjangyoung',45);
Insert into CGV_DB.EVENT_PART (USER_ID,EVENT_ID) values ('jjiniyou',1);
Insert into CGV_DB.EVENT_PART (USER_ID,EVENT_ID) values ('jjiniyou',2);
Insert into CGV_DB.EVENT_PART (USER_ID,EVENT_ID) values ('jjiniyou',4);
Insert into CGV_DB.EVENT_PART (USER_ID,EVENT_ID) values ('jjiniyou',5);
Insert into CGV_DB.EVENT_PART (USER_ID,EVENT_ID) values ('jjiniyou',6);
Insert into CGV_DB.EVENT_PART (USER_ID,EVENT_ID) values ('jjiniyou',7);
Insert into CGV_DB.EVENT_PART (USER_ID,EVENT_ID) values ('jjiniyou',11);
Insert into CGV_DB.EVENT_PART (USER_ID,EVENT_ID) values ('jjiniyou',13);
Insert into CGV_DB.EVENT_PART (USER_ID,EVENT_ID) values ('jjiniyou',14);
Insert into CGV_DB.EVENT_PART (USER_ID,EVENT_ID) values ('jjiniyou',15);
Insert into CGV_DB.EVENT_PART (USER_ID,EVENT_ID) values ('jjiniyou',18);
Insert into CGV_DB.EVENT_PART (USER_ID,EVENT_ID) values ('jjiniyou',30);
Insert into CGV_DB.EVENT_PART (USER_ID,EVENT_ID) values ('jjiniyou',31);
Insert into CGV_DB.EVENT_PART (USER_ID,EVENT_ID) values ('jjiniyou',32);
Insert into CGV_DB.EVENT_PART (USER_ID,EVENT_ID) values ('jjiniyou',33);
Insert into CGV_DB.EVENT_PART (USER_ID,EVENT_ID) values ('jjiniyou',35);
Insert into CGV_DB.EVENT_PART (USER_ID,EVENT_ID) values ('jjiniyou',36);
Insert into CGV_DB.EVENT_PART (USER_ID,EVENT_ID) values ('jjiniyou',37);
Insert into CGV_DB.EVENT_PART (USER_ID,EVENT_ID) values ('jjiniyou',38);
Insert into CGV_DB.EVENT_PART (USER_ID,EVENT_ID) values ('jjiniyou',39);
Insert into CGV_DB.EVENT_PART (USER_ID,EVENT_ID) values ('jjiniyou',40);
Insert into CGV_DB.EVENT_PART (USER_ID,EVENT_ID) values ('jjiniyou',42);
Insert into CGV_DB.EVENT_PART (USER_ID,EVENT_ID) values ('jjiniyou',43);
Insert into CGV_DB.EVENT_PART (USER_ID,EVENT_ID) values ('jjiniyou',44);
Insert into CGV_DB.EVENT_PART (USER_ID,EVENT_ID) values ('jjiniyou',45);
Insert into CGV_DB.EVENT_PART (USER_ID,EVENT_ID) values ('junwww',14);
Insert into CGV_DB.EVENT_PART (USER_ID,EVENT_ID) values ('junwww',18);
Insert into CGV_DB.EVENT_PART (USER_ID,EVENT_ID) values ('junwww',33);
Insert into CGV_DB.EVENT_PART (USER_ID,EVENT_ID) values ('junwww',36);
Insert into CGV_DB.EVENT_PART (USER_ID,EVENT_ID) values ('kdh987',2);
Insert into CGV_DB.EVENT_PART (USER_ID,EVENT_ID) values ('kdh987',3);
Insert into CGV_DB.EVENT_PART (USER_ID,EVENT_ID) values ('kdh987',4);
Insert into CGV_DB.EVENT_PART (USER_ID,EVENT_ID) values ('kdh987',6);
Insert into CGV_DB.EVENT_PART (USER_ID,EVENT_ID) values ('kdh987',11);
Insert into CGV_DB.EVENT_PART (USER_ID,EVENT_ID) values ('kdh987',14);
Insert into CGV_DB.EVENT_PART (USER_ID,EVENT_ID) values ('kdh987',15);
Insert into CGV_DB.EVENT_PART (USER_ID,EVENT_ID) values ('kdh987',18);
Insert into CGV_DB.EVENT_PART (USER_ID,EVENT_ID) values ('kdh987',28);
Insert into CGV_DB.EVENT_PART (USER_ID,EVENT_ID) values ('kdh987',30);
Insert into CGV_DB.EVENT_PART (USER_ID,EVENT_ID) values ('kdh987',33);
Insert into CGV_DB.EVENT_PART (USER_ID,EVENT_ID) values ('kdh987',35);
Insert into CGV_DB.EVENT_PART (USER_ID,EVENT_ID) values ('kdh987',36);
Insert into CGV_DB.EVENT_PART (USER_ID,EVENT_ID) values ('kdh987',38);
Insert into CGV_DB.EVENT_PART (USER_ID,EVENT_ID) values ('kdh987',39);
Insert into CGV_DB.EVENT_PART (USER_ID,EVENT_ID) values ('kdh987',41);
Insert into CGV_DB.EVENT_PART (USER_ID,EVENT_ID) values ('kdh987',42);
Insert into CGV_DB.EVENT_PART (USER_ID,EVENT_ID) values ('kdh987',44);
Insert into CGV_DB.EVENT_PART (USER_ID,EVENT_ID) values ('kjinyoung',4);
Insert into CGV_DB.EVENT_PART (USER_ID,EVENT_ID) values ('kjinyoung',7);
Insert into CGV_DB.EVENT_PART (USER_ID,EVENT_ID) values ('kjinyoung',28);
Insert into CGV_DB.EVENT_PART (USER_ID,EVENT_ID) values ('kjinyoung',29);
Insert into CGV_DB.EVENT_PART (USER_ID,EVENT_ID) values ('kjinyoung',30);
Insert into CGV_DB.EVENT_PART (USER_ID,EVENT_ID) values ('kjinyoung',31);
Insert into CGV_DB.EVENT_PART (USER_ID,EVENT_ID) values ('kjinyoung',33);
Insert into CGV_DB.EVENT_PART (USER_ID,EVENT_ID) values ('kjinyoung',35);
Insert into CGV_DB.EVENT_PART (USER_ID,EVENT_ID) values ('kjinyoung',40);
Insert into CGV_DB.EVENT_PART (USER_ID,EVENT_ID) values ('kjinyoung',43);
Insert into CGV_DB.EVENT_PART (USER_ID,EVENT_ID) values ('kjinyoung',45);
Insert into CGV_DB.EVENT_PART (USER_ID,EVENT_ID) values ('kjiya899',2);
Insert into CGV_DB.EVENT_PART (USER_ID,EVENT_ID) values ('kjiya899',3);
Insert into CGV_DB.EVENT_PART (USER_ID,EVENT_ID) values ('kjiya899',5);
Insert into CGV_DB.EVENT_PART (USER_ID,EVENT_ID) values ('kjiya899',6);
Insert into CGV_DB.EVENT_PART (USER_ID,EVENT_ID) values ('kjiya899',12);
Insert into CGV_DB.EVENT_PART (USER_ID,EVENT_ID) values ('kjiya899',13);
Insert into CGV_DB.EVENT_PART (USER_ID,EVENT_ID) values ('kjiya899',14);
Insert into CGV_DB.EVENT_PART (USER_ID,EVENT_ID) values ('kjiya899',15);
Insert into CGV_DB.EVENT_PART (USER_ID,EVENT_ID) values ('kjiya899',16);
Insert into CGV_DB.EVENT_PART (USER_ID,EVENT_ID) values ('kjiya899',18);
Insert into CGV_DB.EVENT_PART (USER_ID,EVENT_ID) values ('kjiya899',28);
Insert into CGV_DB.EVENT_PART (USER_ID,EVENT_ID) values ('kjiya899',29);
Insert into CGV_DB.EVENT_PART (USER_ID,EVENT_ID) values ('kjiya899',31);
Insert into CGV_DB.EVENT_PART (USER_ID,EVENT_ID) values ('kjiya899',33);
Insert into CGV_DB.EVENT_PART (USER_ID,EVENT_ID) values ('kjiya899',34);
Insert into CGV_DB.EVENT_PART (USER_ID,EVENT_ID) values ('kjiya899',35);
Insert into CGV_DB.EVENT_PART (USER_ID,EVENT_ID) values ('kjiya899',36);
Insert into CGV_DB.EVENT_PART (USER_ID,EVENT_ID) values ('kjiya899',37);
Insert into CGV_DB.EVENT_PART (USER_ID,EVENT_ID) values ('kjiya899',38);
Insert into CGV_DB.EVENT_PART (USER_ID,EVENT_ID) values ('kjiya899',39);
Insert into CGV_DB.EVENT_PART (USER_ID,EVENT_ID) values ('kjiya899',40);
Insert into CGV_DB.EVENT_PART (USER_ID,EVENT_ID) values ('kjiya899',42);
Insert into CGV_DB.EVENT_PART (USER_ID,EVENT_ID) values ('kjiya899',43);
Insert into CGV_DB.EVENT_PART (USER_ID,EVENT_ID) values ('kjiya899',44);
Insert into CGV_DB.EVENT_PART (USER_ID,EVENT_ID) values ('kjiya899',45);
Insert into CGV_DB.EVENT_PART (USER_ID,EVENT_ID) values ('kminji66',1);
Insert into CGV_DB.EVENT_PART (USER_ID,EVENT_ID) values ('kminji66',4);
Insert into CGV_DB.EVENT_PART (USER_ID,EVENT_ID) values ('kminji66',5);
Insert into CGV_DB.EVENT_PART (USER_ID,EVENT_ID) values ('kminji66',6);
Insert into CGV_DB.EVENT_PART (USER_ID,EVENT_ID) values ('kminji66',8);
Insert into CGV_DB.EVENT_PART (USER_ID,EVENT_ID) values ('kminji66',11);
Insert into CGV_DB.EVENT_PART (USER_ID,EVENT_ID) values ('kminji66',14);
Insert into CGV_DB.EVENT_PART (USER_ID,EVENT_ID) values ('kminji66',15);
Insert into CGV_DB.EVENT_PART (USER_ID,EVENT_ID) values ('kminji66',17);
Insert into CGV_DB.EVENT_PART (USER_ID,EVENT_ID) values ('kminji66',18);
Insert into CGV_DB.EVENT_PART (USER_ID,EVENT_ID) values ('kminji66',29);
Insert into CGV_DB.EVENT_PART (USER_ID,EVENT_ID) values ('kminji66',30);
Insert into CGV_DB.EVENT_PART (USER_ID,EVENT_ID) values ('kminji66',31);
Insert into CGV_DB.EVENT_PART (USER_ID,EVENT_ID) values ('kminji66',33);
Insert into CGV_DB.EVENT_PART (USER_ID,EVENT_ID) values ('kminji66',37);
Insert into CGV_DB.EVENT_PART (USER_ID,EVENT_ID) values ('kminji66',38);
Insert into CGV_DB.EVENT_PART (USER_ID,EVENT_ID) values ('kminji66',39);
Insert into CGV_DB.EVENT_PART (USER_ID,EVENT_ID) values ('kminji66',40);
Insert into CGV_DB.EVENT_PART (USER_ID,EVENT_ID) values ('kminji66',41);
Insert into CGV_DB.EVENT_PART (USER_ID,EVENT_ID) values ('kminji66',42);
Insert into CGV_DB.EVENT_PART (USER_ID,EVENT_ID) values ('kminji66',43);
Insert into CGV_DB.EVENT_PART (USER_ID,EVENT_ID) values ('kminji66',44);
Insert into CGV_DB.EVENT_PART (USER_ID,EVENT_ID) values ('kminji66',45);
Insert into CGV_DB.EVENT_PART (USER_ID,EVENT_ID) values ('ksumin7',1);
Insert into CGV_DB.EVENT_PART (USER_ID,EVENT_ID) values ('ksumin7',6);
Insert into CGV_DB.EVENT_PART (USER_ID,EVENT_ID) values ('ksumin7',10);
Insert into CGV_DB.EVENT_PART (USER_ID,EVENT_ID) values ('ksumin7',12);
Insert into CGV_DB.EVENT_PART (USER_ID,EVENT_ID) values ('ksumin7',13);
Insert into CGV_DB.EVENT_PART (USER_ID,EVENT_ID) values ('ksumin7',14);
Insert into CGV_DB.EVENT_PART (USER_ID,EVENT_ID) values ('ksumin7',30);
Insert into CGV_DB.EVENT_PART (USER_ID,EVENT_ID) values ('ksumin7',33);
Insert into CGV_DB.EVENT_PART (USER_ID,EVENT_ID) values ('ksumin7',35);
Insert into CGV_DB.EVENT_PART (USER_ID,EVENT_ID) values ('ksumin7',36);
Insert into CGV_DB.EVENT_PART (USER_ID,EVENT_ID) values ('ksumin7',37);
Insert into CGV_DB.EVENT_PART (USER_ID,EVENT_ID) values ('ksumin7',40);
Insert into CGV_DB.EVENT_PART (USER_ID,EVENT_ID) values ('ksumin7',42);
Insert into CGV_DB.EVENT_PART (USER_ID,EVENT_ID) values ('ksumin7',43);
Insert into CGV_DB.EVENT_PART (USER_ID,EVENT_ID) values ('kyounghui',1);
Insert into CGV_DB.EVENT_PART (USER_ID,EVENT_ID) values ('kyounghui',18);
Insert into CGV_DB.EVENT_PART (USER_ID,EVENT_ID) values ('kyounghui',29);
Insert into CGV_DB.EVENT_PART (USER_ID,EVENT_ID) values ('kyounghui',33);
Insert into CGV_DB.EVENT_PART (USER_ID,EVENT_ID) values ('kyounghui',43);
Insert into CGV_DB.EVENT_PART (USER_ID,EVENT_ID) values ('letsgo82',1);
Insert into CGV_DB.EVENT_PART (USER_ID,EVENT_ID) values ('letsgo82',2);
Insert into CGV_DB.EVENT_PART (USER_ID,EVENT_ID) values ('letsgo82',3);
Insert into CGV_DB.EVENT_PART (USER_ID,EVENT_ID) values ('letsgo82',4);
Insert into CGV_DB.EVENT_PART (USER_ID,EVENT_ID) values ('letsgo82',5);
Insert into CGV_DB.EVENT_PART (USER_ID,EVENT_ID) values ('letsgo82',6);
Insert into CGV_DB.EVENT_PART (USER_ID,EVENT_ID) values ('letsgo82',8);
Insert into CGV_DB.EVENT_PART (USER_ID,EVENT_ID) values ('letsgo82',10);
Insert into CGV_DB.EVENT_PART (USER_ID,EVENT_ID) values ('letsgo82',13);
Insert into CGV_DB.EVENT_PART (USER_ID,EVENT_ID) values ('letsgo82',14);
Insert into CGV_DB.EVENT_PART (USER_ID,EVENT_ID) values ('letsgo82',15);
Insert into CGV_DB.EVENT_PART (USER_ID,EVENT_ID) values ('letsgo82',18);
Insert into CGV_DB.EVENT_PART (USER_ID,EVENT_ID) values ('letsgo82',28);
Insert into CGV_DB.EVENT_PART (USER_ID,EVENT_ID) values ('letsgo82',29);
Insert into CGV_DB.EVENT_PART (USER_ID,EVENT_ID) values ('letsgo82',30);
Insert into CGV_DB.EVENT_PART (USER_ID,EVENT_ID) values ('letsgo82',31);
Insert into CGV_DB.EVENT_PART (USER_ID,EVENT_ID) values ('letsgo82',33);
Insert into CGV_DB.EVENT_PART (USER_ID,EVENT_ID) values ('letsgo82',35);
Insert into CGV_DB.EVENT_PART (USER_ID,EVENT_ID) values ('letsgo82',36);
Insert into CGV_DB.EVENT_PART (USER_ID,EVENT_ID) values ('letsgo82',37);
Insert into CGV_DB.EVENT_PART (USER_ID,EVENT_ID) values ('letsgo82',38);
Insert into CGV_DB.EVENT_PART (USER_ID,EVENT_ID) values ('letsgo82',39);
Insert into CGV_DB.EVENT_PART (USER_ID,EVENT_ID) values ('letsgo82',40);
Insert into CGV_DB.EVENT_PART (USER_ID,EVENT_ID) values ('letsgo82',42);
Insert into CGV_DB.EVENT_PART (USER_ID,EVENT_ID) values ('letsgo82',43);
Insert into CGV_DB.EVENT_PART (USER_ID,EVENT_ID) values ('letsgo82',44);
Insert into CGV_DB.EVENT_PART (USER_ID,EVENT_ID) values ('letsgo82',45);
Insert into CGV_DB.EVENT_PART (USER_ID,EVENT_ID) values ('ljewon8989',4);
Insert into CGV_DB.EVENT_PART (USER_ID,EVENT_ID) values ('ljewon8989',6);
Insert into CGV_DB.EVENT_PART (USER_ID,EVENT_ID) values ('ljewon8989',8);
Insert into CGV_DB.EVENT_PART (USER_ID,EVENT_ID) values ('ljewon8989',14);
Insert into CGV_DB.EVENT_PART (USER_ID,EVENT_ID) values ('ljewon8989',15);
Insert into CGV_DB.EVENT_PART (USER_ID,EVENT_ID) values ('ljewon8989',16);
Insert into CGV_DB.EVENT_PART (USER_ID,EVENT_ID) values ('ljewon8989',17);
Insert into CGV_DB.EVENT_PART (USER_ID,EVENT_ID) values ('ljewon8989',18);
Insert into CGV_DB.EVENT_PART (USER_ID,EVENT_ID) values ('ljewon8989',28);
Insert into CGV_DB.EVENT_PART (USER_ID,EVENT_ID) values ('ljewon8989',29);
Insert into CGV_DB.EVENT_PART (USER_ID,EVENT_ID) values ('ljewon8989',32);
Insert into CGV_DB.EVENT_PART (USER_ID,EVENT_ID) values ('ljewon8989',33);
Insert into CGV_DB.EVENT_PART (USER_ID,EVENT_ID) values ('ljewon8989',34);
Insert into CGV_DB.EVENT_PART (USER_ID,EVENT_ID) values ('ljewon8989',36);
Insert into CGV_DB.EVENT_PART (USER_ID,EVENT_ID) values ('ljewon8989',37);
Insert into CGV_DB.EVENT_PART (USER_ID,EVENT_ID) values ('ljewon8989',39);
Insert into CGV_DB.EVENT_PART (USER_ID,EVENT_ID) values ('ljewon8989',43);
Insert into CGV_DB.EVENT_PART (USER_ID,EVENT_ID) values ('ljewon8989',44);
Insert into CGV_DB.EVENT_PART (USER_ID,EVENT_ID) values ('ljewon8989',45);
Insert into CGV_DB.EVENT_PART (USER_ID,EVENT_ID) values ('lmikyung',7);
Insert into CGV_DB.EVENT_PART (USER_ID,EVENT_ID) values ('lmikyung',13);
Insert into CGV_DB.EVENT_PART (USER_ID,EVENT_ID) values ('lmikyung',18);
Insert into CGV_DB.EVENT_PART (USER_ID,EVENT_ID) values ('lmikyung',29);
Insert into CGV_DB.EVENT_PART (USER_ID,EVENT_ID) values ('lmikyung',33);
Insert into CGV_DB.EVENT_PART (USER_ID,EVENT_ID) values ('lmikyung',36);
Insert into CGV_DB.EVENT_PART (USER_ID,EVENT_ID) values ('lmikyung',37);
Insert into CGV_DB.EVENT_PART (USER_ID,EVENT_ID) values ('lmikyung',41);
Insert into CGV_DB.EVENT_PART (USER_ID,EVENT_ID) values ('lmikyung',43);
Insert into CGV_DB.EVENT_PART (USER_ID,EVENT_ID) values ('lseongmin',13);
Insert into CGV_DB.EVENT_PART (USER_ID,EVENT_ID) values ('lseongmin',14);
Insert into CGV_DB.EVENT_PART (USER_ID,EVENT_ID) values ('lseongmin',15);
Insert into CGV_DB.EVENT_PART (USER_ID,EVENT_ID) values ('lseongmin',16);
Insert into CGV_DB.EVENT_PART (USER_ID,EVENT_ID) values ('lseongmin',17);
Insert into CGV_DB.EVENT_PART (USER_ID,EVENT_ID) values ('lseongmin',18);
Insert into CGV_DB.EVENT_PART (USER_ID,EVENT_ID) values ('lseongmin',29);
Insert into CGV_DB.EVENT_PART (USER_ID,EVENT_ID) values ('lseongmin',30);
Insert into CGV_DB.EVENT_PART (USER_ID,EVENT_ID) values ('lseongmin',33);
Insert into CGV_DB.EVENT_PART (USER_ID,EVENT_ID) values ('lseongmin',35);
Insert into CGV_DB.EVENT_PART (USER_ID,EVENT_ID) values ('lseongmin',36);
Insert into CGV_DB.EVENT_PART (USER_ID,EVENT_ID) values ('lseongmin',37);
Insert into CGV_DB.EVENT_PART (USER_ID,EVENT_ID) values ('lseongmin',38);
Insert into CGV_DB.EVENT_PART (USER_ID,EVENT_ID) values ('lseongmin',39);
Insert into CGV_DB.EVENT_PART (USER_ID,EVENT_ID) values ('lseongmin',40);
Insert into CGV_DB.EVENT_PART (USER_ID,EVENT_ID) values ('lseongmin',42);
Insert into CGV_DB.EVENT_PART (USER_ID,EVENT_ID) values ('lseongmin',43);
Insert into CGV_DB.EVENT_PART (USER_ID,EVENT_ID) values ('lseongmin',44);
Insert into CGV_DB.EVENT_PART (USER_ID,EVENT_ID) values ('lyoungho',2);
Insert into CGV_DB.EVENT_PART (USER_ID,EVENT_ID) values ('beomzz6',1);
Insert into CGV_DB.EVENT_PART (USER_ID,EVENT_ID) values ('beomzz6',6);
Insert into CGV_DB.EVENT_PART (USER_ID,EVENT_ID) values ('beomzz6',33);
Insert into CGV_DB.EVENT_PART (USER_ID,EVENT_ID) values ('beomzz6',43);
Insert into CGV_DB.EVENT_PART (USER_ID,EVENT_ID) values ('beomzz6',44);
Insert into CGV_DB.EVENT_PART (USER_ID,EVENT_ID) values ('cyounghsu',1);
Insert into CGV_DB.EVENT_PART (USER_ID,EVENT_ID) values ('cyounghsu',4);
Insert into CGV_DB.EVENT_PART (USER_ID,EVENT_ID) values ('cyounghsu',5);
Insert into CGV_DB.EVENT_PART (USER_ID,EVENT_ID) values ('cyounghsu',6);
Insert into CGV_DB.EVENT_PART (USER_ID,EVENT_ID) values ('cyounghsu',8);
Insert into CGV_DB.EVENT_PART (USER_ID,EVENT_ID) values ('cyounghsu',10);
Insert into CGV_DB.EVENT_PART (USER_ID,EVENT_ID) values ('cyounghsu',11);
Insert into CGV_DB.EVENT_PART (USER_ID,EVENT_ID) values ('cyounghsu',14);
Insert into CGV_DB.EVENT_PART (USER_ID,EVENT_ID) values ('cyounghsu',16);
Insert into CGV_DB.EVENT_PART (USER_ID,EVENT_ID) values ('cyounghsu',18);
Insert into CGV_DB.EVENT_PART (USER_ID,EVENT_ID) values ('cyounghsu',28);
Insert into CGV_DB.EVENT_PART (USER_ID,EVENT_ID) values ('cyounghsu',29);
Insert into CGV_DB.EVENT_PART (USER_ID,EVENT_ID) values ('cyounghsu',30);
Insert into CGV_DB.EVENT_PART (USER_ID,EVENT_ID) values ('cyounghsu',31);
Insert into CGV_DB.EVENT_PART (USER_ID,EVENT_ID) values ('cyounghsu',33);
Insert into CGV_DB.EVENT_PART (USER_ID,EVENT_ID) values ('cyounghsu',35);
Insert into CGV_DB.EVENT_PART (USER_ID,EVENT_ID) values ('cyounghsu',36);
Insert into CGV_DB.EVENT_PART (USER_ID,EVENT_ID) values ('cyounghsu',37);
Insert into CGV_DB.EVENT_PART (USER_ID,EVENT_ID) values ('cyounghsu',39);
Insert into CGV_DB.EVENT_PART (USER_ID,EVENT_ID) values ('cyounghsu',40);
Insert into CGV_DB.EVENT_PART (USER_ID,EVENT_ID) values ('cyounghsu',42);
Insert into CGV_DB.EVENT_PART (USER_ID,EVENT_ID) values ('cyounghsu',43);
Insert into CGV_DB.EVENT_PART (USER_ID,EVENT_ID) values ('cyounghsu',44);
Insert into CGV_DB.EVENT_PART (USER_ID,EVENT_ID) values ('cyounghsu',45);
Insert into CGV_DB.EVENT_PART (USER_ID,EVENT_ID) values ('dlwlrma1',1);
Insert into CGV_DB.EVENT_PART (USER_ID,EVENT_ID) values ('dlwlrma1',2);
Insert into CGV_DB.EVENT_PART (USER_ID,EVENT_ID) values ('dlwlrma1',4);
Insert into CGV_DB.EVENT_PART (USER_ID,EVENT_ID) values ('dlwlrma1',6);
Insert into CGV_DB.EVENT_PART (USER_ID,EVENT_ID) values ('dlwlrma1',14);
Insert into CGV_DB.EVENT_PART (USER_ID,EVENT_ID) values ('dlwlrma1',18);
Insert into CGV_DB.EVENT_PART (USER_ID,EVENT_ID) values ('dlwlrma1',30);
Insert into CGV_DB.EVENT_PART (USER_ID,EVENT_ID) values ('dlwlrma1',33);
Insert into CGV_DB.EVENT_PART (USER_ID,EVENT_ID) values ('dlwlrma1',35);
Insert into CGV_DB.EVENT_PART (USER_ID,EVENT_ID) values ('dlwlrma1',36);
Insert into CGV_DB.EVENT_PART (USER_ID,EVENT_ID) values ('dlwlrma1',37);
Insert into CGV_DB.EVENT_PART (USER_ID,EVENT_ID) values ('dlwlrma1',38);
Insert into CGV_DB.EVENT_PART (USER_ID,EVENT_ID) values ('dlwlrma1',40);
Insert into CGV_DB.EVENT_PART (USER_ID,EVENT_ID) values ('dlwlrma1',43);
Insert into CGV_DB.EVENT_PART (USER_ID,EVENT_ID) values ('dlwlrma1',44);
Insert into CGV_DB.EVENT_PART (USER_ID,EVENT_ID) values ('gseoo1209',1);
Insert into CGV_DB.EVENT_PART (USER_ID,EVENT_ID) values ('gseoo1209',6);
Insert into CGV_DB.EVENT_PART (USER_ID,EVENT_ID) values ('gseoo1209',10);
Insert into CGV_DB.EVENT_PART (USER_ID,EVENT_ID) values ('gseoo1209',18);
Insert into CGV_DB.EVENT_PART (USER_ID,EVENT_ID) values ('gseoo1209',19);
Insert into CGV_DB.EVENT_PART (USER_ID,EVENT_ID) values ('gseoo1209',20);
Insert into CGV_DB.EVENT_PART (USER_ID,EVENT_ID) values ('gseoo1209',21);
Insert into CGV_DB.EVENT_PART (USER_ID,EVENT_ID) values ('gseoo1209',22);
Insert into CGV_DB.EVENT_PART (USER_ID,EVENT_ID) values ('gseoo1209',23);
Insert into CGV_DB.EVENT_PART (USER_ID,EVENT_ID) values ('gseoo1209',24);
Insert into CGV_DB.EVENT_PART (USER_ID,EVENT_ID) values ('gseoo1209',25);
Insert into CGV_DB.EVENT_PART (USER_ID,EVENT_ID) values ('gseoo1209',26);
Insert into CGV_DB.EVENT_PART (USER_ID,EVENT_ID) values ('gseoo1209',27);
Insert into CGV_DB.EVENT_PART (USER_ID,EVENT_ID) values ('gseoo1209',28);
Insert into CGV_DB.EVENT_PART (USER_ID,EVENT_ID) values ('gseoo1209',29);
Insert into CGV_DB.EVENT_PART (USER_ID,EVENT_ID) values ('gseoo1209',30);
Insert into CGV_DB.EVENT_PART (USER_ID,EVENT_ID) values ('gseoo1209',33);
Insert into CGV_DB.EVENT_PART (USER_ID,EVENT_ID) values ('gseoo1209',36);
Insert into CGV_DB.EVENT_PART (USER_ID,EVENT_ID) values ('gseoo1209',37);
Insert into CGV_DB.EVENT_PART (USER_ID,EVENT_ID) values ('gseoo1209',39);
Insert into CGV_DB.EVENT_PART (USER_ID,EVENT_ID) values ('gseoo1209',40);
Insert into CGV_DB.EVENT_PART (USER_ID,EVENT_ID) values ('gseoo1209',41);
Insert into CGV_DB.EVENT_PART (USER_ID,EVENT_ID) values ('gseoo1209',42);
Insert into CGV_DB.EVENT_PART (USER_ID,EVENT_ID) values ('gseoo1209',43);
Insert into CGV_DB.EVENT_PART (USER_ID,EVENT_ID) values ('gseoo1209',44);
Insert into CGV_DB.EVENT_PART (USER_ID,EVENT_ID) values ('gseoo1209',45);
Insert into CGV_DB.EVENT_PART (USER_ID,EVENT_ID) values ('hdongjun',13);
Insert into CGV_DB.EVENT_PART (USER_ID,EVENT_ID) values ('hdongjun',14);
Insert into CGV_DB.EVENT_PART (USER_ID,EVENT_ID) values ('hdongjun',15);
Insert into CGV_DB.EVENT_PART (USER_ID,EVENT_ID) values ('hdongjun',18);
Insert into CGV_DB.EVENT_PART (USER_ID,EVENT_ID) values ('hdongjun',29);
REM INSERTING into CGV_DB.GIFTCARD
SET DEFINE OFF;
Insert into CGV_DB.GIFTCARD (GIFTCARD_ID,GIFTCARD_NAME,GIFTCARD_TYPE,GIFTCARD_MONEYTYPE) values (1,'CJ상품권','CJ상품권',5000);
Insert into CGV_DB.GIFTCARD (GIFTCARD_ID,GIFTCARD_NAME,GIFTCARD_TYPE,GIFTCARD_MONEYTYPE) values (2,'CJ상품권','CJ상품권',10000);
Insert into CGV_DB.GIFTCARD (GIFTCARD_ID,GIFTCARD_NAME,GIFTCARD_TYPE,GIFTCARD_MONEYTYPE) values (3,'CJ상품권','CJ상품권',50000);
Insert into CGV_DB.GIFTCARD (GIFTCARD_ID,GIFTCARD_NAME,GIFTCARD_TYPE,GIFTCARD_MONEYTYPE) values (4,'CJ상품권','CJ상품권',100000);
Insert into CGV_DB.GIFTCARD (GIFTCARD_ID,GIFTCARD_NAME,GIFTCARD_TYPE,GIFTCARD_MONEYTYPE) values (5,'도서상품권 ','그 외 상품권',3000);
Insert into CGV_DB.GIFTCARD (GIFTCARD_ID,GIFTCARD_NAME,GIFTCARD_TYPE,GIFTCARD_MONEYTYPE) values (6,'도서상품권','그 외 상품권',5000);
Insert into CGV_DB.GIFTCARD (GIFTCARD_ID,GIFTCARD_NAME,GIFTCARD_TYPE,GIFTCARD_MONEYTYPE) values (7,'도서상품권','그 외 상품권',10000);
Insert into CGV_DB.GIFTCARD (GIFTCARD_ID,GIFTCARD_NAME,GIFTCARD_TYPE,GIFTCARD_MONEYTYPE) values (8,'문화상품권','그 외 상품권',3000);
Insert into CGV_DB.GIFTCARD (GIFTCARD_ID,GIFTCARD_NAME,GIFTCARD_TYPE,GIFTCARD_MONEYTYPE) values (9,'문화상품권','그 외 상품권',5000);
Insert into CGV_DB.GIFTCARD (GIFTCARD_ID,GIFTCARD_NAME,GIFTCARD_TYPE,GIFTCARD_MONEYTYPE) values (10,'문화상품권','그 외 상품권',10000);
Insert into CGV_DB.GIFTCARD (GIFTCARD_ID,GIFTCARD_NAME,GIFTCARD_TYPE,GIFTCARD_MONEYTYPE) values (11,'해피머니 상품권','그 외 상품권',3000);
Insert into CGV_DB.GIFTCARD (GIFTCARD_ID,GIFTCARD_NAME,GIFTCARD_TYPE,GIFTCARD_MONEYTYPE) values (12,'해피머니 상품권','그 외 상품권',5000);
Insert into CGV_DB.GIFTCARD (GIFTCARD_ID,GIFTCARD_NAME,GIFTCARD_TYPE,GIFTCARD_MONEYTYPE) values (13,'해피머니 상품권','그 외 상품권',10000);
Insert into CGV_DB.GIFTCARD (GIFTCARD_ID,GIFTCARD_NAME,GIFTCARD_TYPE,GIFTCARD_MONEYTYPE) values (14,'쇼핑문화상품권','그 외 상품권',30000);
Insert into CGV_DB.GIFTCARD (GIFTCARD_ID,GIFTCARD_NAME,GIFTCARD_TYPE,GIFTCARD_MONEYTYPE) values (15,'쇼핑문화상품권','그 외 상품권',50000);
Insert into CGV_DB.GIFTCARD (GIFTCARD_ID,GIFTCARD_NAME,GIFTCARD_TYPE,GIFTCARD_MONEYTYPE) values (16,'홈플러스 상품권','그 외 상품권',2000);
Insert into CGV_DB.GIFTCARD (GIFTCARD_ID,GIFTCARD_NAME,GIFTCARD_TYPE,GIFTCARD_MONEYTYPE) values (17,'홈플러스 상품권','그 외 상품권',5000);
Insert into CGV_DB.GIFTCARD (GIFTCARD_ID,GIFTCARD_NAME,GIFTCARD_TYPE,GIFTCARD_MONEYTYPE) values (18,'홈플러스 상품권','그 외 상품권',10000);
Insert into CGV_DB.GIFTCARD (GIFTCARD_ID,GIFTCARD_NAME,GIFTCARD_TYPE,GIFTCARD_MONEYTYPE) values (19,'홈플러스 상품권','그 외 상품권',30000);
Insert into CGV_DB.GIFTCARD (GIFTCARD_ID,GIFTCARD_NAME,GIFTCARD_TYPE,GIFTCARD_MONEYTYPE) values (20,'홈플러스 상품권','그 외 상품권',50000);
Insert into CGV_DB.GIFTCARD (GIFTCARD_ID,GIFTCARD_NAME,GIFTCARD_TYPE,GIFTCARD_MONEYTYPE) values (21,'애경상품권','그 외 상품권',5000);
Insert into CGV_DB.GIFTCARD (GIFTCARD_ID,GIFTCARD_NAME,GIFTCARD_TYPE,GIFTCARD_MONEYTYPE) values (22,'애경상품권','그 외 상품권',10000);
Insert into CGV_DB.GIFTCARD (GIFTCARD_ID,GIFTCARD_NAME,GIFTCARD_TYPE,GIFTCARD_MONEYTYPE) values (23,'신세계상품권','그 외 상품권',2000);
Insert into CGV_DB.GIFTCARD (GIFTCARD_ID,GIFTCARD_NAME,GIFTCARD_TYPE,GIFTCARD_MONEYTYPE) values (24,'신세계상품권','그 외 상품권',5000);
Insert into CGV_DB.GIFTCARD (GIFTCARD_ID,GIFTCARD_NAME,GIFTCARD_TYPE,GIFTCARD_MONEYTYPE) values (25,'신세계상품권','그 외 상품권',10000);
Insert into CGV_DB.GIFTCARD (GIFTCARD_ID,GIFTCARD_NAME,GIFTCARD_TYPE,GIFTCARD_MONEYTYPE) values (26,'신세계상품권','그 외 상품권',30000);
Insert into CGV_DB.GIFTCARD (GIFTCARD_ID,GIFTCARD_NAME,GIFTCARD_TYPE,GIFTCARD_MONEYTYPE) values (27,'신세계상품권','그 외 상품권',50000);
REM INSERTING into CGV_DB.MOVIE
SET DEFINE OFF;
Insert into CGV_DB.MOVIE (MV_ID,MV_TITLE,MV_OPEN,MV_RT,MV_NATION,MV_GENRE,MV_SUMMARY,MV_GRADE,MV_GOLEGG) values (3,'잠',to_date('23/09/06','RR/MM/DD'),'94','한국','미스터리','행복한 신혼부부 ‘현수’(이선균)와 ‘수진’(정유미).어느 날, 옆에 잠든 남편 ‘현수’가 이상한 말을 중얼거린다.','15세이상관람가','88');
Insert into CGV_DB.MOVIE (MV_ID,MV_TITLE,MV_OPEN,MV_RT,MV_NATION,MV_GENRE,MV_SUMMARY,MV_GRADE,MV_GOLEGG) values (1,'아이유 콘서트 : 더 골든 아워 ',to_date('23/09/13','RR/MM/DD'),'172','한국',null,'데뷔 15주년 기념, <아이유 콘서트 : 더 골든 아워> CGV 개봉!

한국 여자 가수 최초로 올림픽주경기장에 입성한
아이유의 단독 콘서트 ''The Golden Hour''를 극장에서 만난다!

전율을 선사한 무반주 오프닝을 시작으로 우리가 사랑한 노래들로 꽉 채워진 셋 리스트,
올림픽주경기장에 뜬 스트로베리 문 열기구부터 불꽃놀이,
드론 쇼까지 눈과 귀를 황홀하게 만드는 마법 같은 무대연출!

레전드 무대와 꽉 찬 라이브로 행복했던 우리들의 ‘골든 아워’
2023년 9월, 잊지 못할 감동이 스크린에서 펼쳐진다!','ALL','99');
Insert into CGV_DB.MOVIE (MV_ID,MV_TITLE,MV_OPEN,MV_RT,MV_NATION,MV_GENRE,MV_SUMMARY,MV_GRADE,MV_GOLEGG) values (2,'베니스 유령 살인사건',to_date('23/09/13','RR/MM/DD'),'103','미국','미스터리, 드라마, 범죄, 스릴러','세계적 명탐정 ''에르큘 포와로''는 오랜 탐정 생활에서 은퇴하여 아름다운 도시 베니스에서 평범한 삶을 살아가고 있다.','12세이상관람가','96');
Insert into CGV_DB.MOVIE (MV_ID,MV_TITLE,MV_OPEN,MV_RT,MV_NATION,MV_GENRE,MV_SUMMARY,MV_GRADE,MV_GOLEGG) values (4,'여름을 향한 터널, 이별의 출구',to_date('23/09/14','RR/MM/DD'),'83','일본','애니메이션','터널 안 10초, 바깥 세상에선 6시간...','12세이상관람가','99');
Insert into CGV_DB.MOVIE (MV_ID,MV_TITLE,MV_OPEN,MV_RT,MV_NATION,MV_GENRE,MV_SUMMARY,MV_GRADE,MV_GOLEGG) values (5,'해리 포터와 혼혈 왕자',to_date('23/09/06','RR/MM/DD'),'153','미국, 영국','어드벤처, 액션, 가족','어둠의 세력이 더욱 강력해져 머글 세계와 호그와트까지 위협해온다.','전체관람가','96');
Insert into CGV_DB.MOVIE (MV_ID,MV_TITLE,MV_OPEN,MV_RT,MV_NATION,MV_GENRE,MV_SUMMARY,MV_GRADE,MV_GOLEGG) values (7,'거미집',to_date('23/09/27','RR/MM/DD'),'132','한국','코미디, 드라마','“결말만 바꾸면 걸작이 된다, 딱 이틀이면 돼!”','15세이상관람가','99');
Insert into CGV_DB.MOVIE (MV_ID,MV_TITLE,MV_OPEN,MV_RT,MV_NATION,MV_GENRE,MV_SUMMARY,MV_GRADE,MV_GOLEGG) values (8,'천박사 퇴마 연구소-설경의 비밀',to_date('23/09/27','RR/MM/DD'),'98','한국',null,'대대로 마을을 지켜 온 당주집 장손이지만 정작 귀신은 믿지 않는 가짜 퇴마사 ‘천박사’(강동원).','12세이상관람가','99');
Insert into CGV_DB.MOVIE (MV_ID,MV_TITLE,MV_OPEN,MV_RT,MV_NATION,MV_GENRE,MV_SUMMARY,MV_GRADE,MV_GOLEGG) values (9,'오펜하이머',to_date('23/08/15','RR/MM/DD'),'180','미국, 영국','스릴러, 드라마','세상을 구하기 위해 세상을 파괴할 지도 모르는 선택을 해야 하는 천재 과학자의 핵개발 프로젝트.','15세이상관람가','93');
Insert into CGV_DB.MOVIE (MV_ID,MV_TITLE,MV_OPEN,MV_RT,MV_NATION,MV_GENRE,MV_SUMMARY,MV_GRADE,MV_GOLEGG) values (10,'어파이어',to_date('23/09/13','RR/MM/DD'),'102','독일','드라마','뜨겁고 건조한 여름 발트해 해변.','12세이상관람가','97');
Insert into CGV_DB.MOVIE (MV_ID,MV_TITLE,MV_OPEN,MV_RT,MV_NATION,MV_GENRE,MV_SUMMARY,MV_GRADE,MV_GOLEGG) values (11,'마야 3-숲속 왕국의 위기',to_date('23/08/24','RR/MM/DD'),'88','독일','애니메이션','환상의 그린리프를 찾아 떠나는','전체관람가','95');
Insert into CGV_DB.MOVIE (MV_ID,MV_TITLE,MV_OPEN,MV_RT,MV_NATION,MV_GENRE,MV_SUMMARY,MV_GRADE,MV_GOLEGG) values (12,'그란 투리스모',to_date('23/09/20','RR/MM/DD'),'134','미국','액션','“게임이나 하던 애를 데려다 시속 320km 로켓에 앉히겠다고?”','12세이상관람가','99');
Insert into CGV_DB.MOVIE (MV_ID,MV_TITLE,MV_OPEN,MV_RT,MV_NATION,MV_GENRE,MV_SUMMARY,MV_GRADE,MV_GOLEGG) values (13,'신체모음.zip',to_date('23/08/30','RR/MM/DD'),'104','한국','호러','“마지막 조각은 바로 너야”','15세이상관람가','74');
Insert into CGV_DB.MOVIE (MV_ID,MV_TITLE,MV_OPEN,MV_RT,MV_NATION,MV_GENRE,MV_SUMMARY,MV_GRADE,MV_GOLEGG) values (15,'이세계 페스티벌 - 버추얼 Part',to_date('23/09/23','RR/MM/DD'),'100',null,null,'메타버스가 현실이 되고, 현실이 메타버스가 되는','전체관람가','99');
Insert into CGV_DB.MOVIE (MV_ID,MV_TITLE,MV_OPEN,MV_RT,MV_NATION,MV_GENRE,MV_SUMMARY,MV_GRADE,MV_GOLEGG) values (16,'콘크리트 유토피아',to_date('23/08/09','RR/MM/DD'),'130','한국','드라마','“아파트는 주민의 것”','15세이상관람가','89');
Insert into CGV_DB.MOVIE (MV_ID,MV_TITLE,MV_OPEN,MV_RT,MV_NATION,MV_GENRE,MV_SUMMARY,MV_GRADE,MV_GOLEGG) values (17,'달짝지근해-7510',to_date('23/08/15','RR/MM/DD'),'119','한국','코미디','타고난 미각 100%, 현실 감각은 0% 제과 연구원 ‘치호’(유해진).','12세이상관람가','94');
Insert into CGV_DB.MOVIE (MV_ID,MV_TITLE,MV_OPEN,MV_RT,MV_NATION,MV_GENRE,MV_SUMMARY,MV_GRADE,MV_GOLEGG) values (18,'닌자터틀-뮤턴트 대소동',to_date('23/09/14','RR/MM/DD'),'99','미국','애니메이션','뉴욕의 하수구로 스며든 미스터리한 녹색 액체, ‘우즈’로 인해','전체관람가','99');
Insert into CGV_DB.MOVIE (MV_ID,MV_TITLE,MV_OPEN,MV_RT,MV_NATION,MV_GENRE,MV_SUMMARY,MV_GRADE,MV_GOLEGG) values (19,'스즈메의 문단속',to_date('23/03/08','RR/MM/DD'),'122','일본','애니메이션','규슈의 한적한 마을에 살고 있는 소녀 ‘스즈메’는 문을 찾아 여행 중인 청년 ‘소타’를 만난다.','12세이상관람가','94');
Insert into CGV_DB.MOVIE (MV_ID,MV_TITLE,MV_OPEN,MV_RT,MV_NATION,MV_GENRE,MV_SUMMARY,MV_GRADE,MV_GOLEGG) values (14,'(라이브뷰잉) Project SEKAI 3rd ANNIVERSARY Thanks Festival Live Viewing',to_date('23/09/16','RR/MM/DD'),'180',null,null,'도쿄돔에서 개최되는 프로젝트 세카이 3주년 감사제!','15세이상관람가','99');
Insert into CGV_DB.MOVIE (MV_ID,MV_TITLE,MV_OPEN,MV_RT,MV_NATION,MV_GENRE,MV_SUMMARY,MV_GRADE,MV_GOLEGG) values (6,'더 퍼스트 슬램덩크',to_date('23/01/04','RR/MM/DD'),'124','일본','애니메이션','전국 제패를 꿈꾸는 북산고 농구부 5인방의 꿈과 열정, 멈추지 않는 도전을 그린 영화','12세이상관람가,','97');
REM INSERTING into CGV_DB.MOVIE_PAY
SET DEFINE OFF;
Insert into CGV_DB.MOVIE_PAY (MV_PAY_ID,USER_ID,SHOW_ID,GIFTCARD_ID,PAY_WAY,POINT,COUP_ID,PAY_DATE,PAY_CAN_DATE,PAY_MONEY,MVRS_ID,POINT_PAY) values (46,'shysong',10004,1,1,990,null,to_date('23/09/18','RR/MM/DD'),null,33000,'100068',0);
Insert into CGV_DB.MOVIE_PAY (MV_PAY_ID,USER_ID,SHOW_ID,GIFTCARD_ID,PAY_WAY,POINT,COUP_ID,PAY_DATE,PAY_CAN_DATE,PAY_MONEY,MVRS_ID,POINT_PAY) values (47,'shysong',10004,1,1,987,null,to_date('23/09/18','RR/MM/DD'),null,32900,'100068',100);
Insert into CGV_DB.MOVIE_PAY (MV_PAY_ID,USER_ID,SHOW_ID,GIFTCARD_ID,PAY_WAY,POINT,COUP_ID,PAY_DATE,PAY_CAN_DATE,PAY_MONEY,MVRS_ID,POINT_PAY) values (48,'shysong',10004,1,1,1884,null,to_date('23/09/18','RR/MM/DD'),null,62800,'100070',200);
Insert into CGV_DB.MOVIE_PAY (MV_PAY_ID,USER_ID,SHOW_ID,GIFTCARD_ID,PAY_WAY,POINT,COUP_ID,PAY_DATE,PAY_CAN_DATE,PAY_MONEY,MVRS_ID,POINT_PAY) values (49,'shysong',10040,1,1,3480,null,to_date('23/09/18','RR/MM/DD'),null,116000,'100071',0);
Insert into CGV_DB.MOVIE_PAY (MV_PAY_ID,USER_ID,SHOW_ID,GIFTCARD_ID,PAY_WAY,POINT,COUP_ID,PAY_DATE,PAY_CAN_DATE,PAY_MONEY,MVRS_ID,POINT_PAY) values (50,'shysong',10040,1,1,3030,null,to_date('23/09/18','RR/MM/DD'),null,101000,'100072',0);
Insert into CGV_DB.MOVIE_PAY (MV_PAY_ID,USER_ID,SHOW_ID,GIFTCARD_ID,PAY_WAY,POINT,COUP_ID,PAY_DATE,PAY_CAN_DATE,PAY_MONEY,MVRS_ID,POINT_PAY) values (53,'shysong',10040,1,1,3480,null,to_date('23/09/18','RR/MM/DD'),null,116000,'100073',0);
Insert into CGV_DB.MOVIE_PAY (MV_PAY_ID,USER_ID,SHOW_ID,GIFTCARD_ID,PAY_WAY,POINT,COUP_ID,PAY_DATE,PAY_CAN_DATE,PAY_MONEY,MVRS_ID,POINT_PAY) values (54,'shysong',10004,1,1,990,null,to_date('23/09/18','RR/MM/DD'),null,33000,'100074',0);
REM INSERTING into CGV_DB.MOVIE_RS
SET DEFINE OFF;
Insert into CGV_DB.MOVIE_RS (MVRS_ID,SHOW_ID,USER_ID,MVRS_DATE,MVRS_PRICE,SCREEN_ID,TOTCNT) values ('100070',10004,'shysong',to_date('23/09/18','RR/MM/DD'),80000,1002,2);
Insert into CGV_DB.MOVIE_RS (MVRS_ID,SHOW_ID,USER_ID,MVRS_DATE,MVRS_PRICE,SCREEN_ID,TOTCNT) values ('100071',10040,'shysong',to_date('23/09/18','RR/MM/DD'),120000,1002,3);
Insert into CGV_DB.MOVIE_RS (MVRS_ID,SHOW_ID,USER_ID,MVRS_DATE,MVRS_PRICE,SCREEN_ID,TOTCNT) values ('100068',10004,'shysong',to_date('23/09/18','RR/MM/DD'),40000,1002,1);
Insert into CGV_DB.MOVIE_RS (MVRS_ID,SHOW_ID,USER_ID,MVRS_DATE,MVRS_PRICE,SCREEN_ID,TOTCNT) values ('100069',10004,'shysong',to_date('23/09/18','RR/MM/DD'),80000,1002,2);
Insert into CGV_DB.MOVIE_RS (MVRS_ID,SHOW_ID,USER_ID,MVRS_DATE,MVRS_PRICE,SCREEN_ID,TOTCNT) values ('100072',10040,'shysong',to_date('23/09/18','RR/MM/DD'),120000,1002,3);
Insert into CGV_DB.MOVIE_RS (MVRS_ID,SHOW_ID,USER_ID,MVRS_DATE,MVRS_PRICE,SCREEN_ID,TOTCNT) values ('100073',10040,'shysong',to_date('23/09/18','RR/MM/DD'),120000,1002,3);
Insert into CGV_DB.MOVIE_RS (MVRS_ID,SHOW_ID,USER_ID,MVRS_DATE,MVRS_PRICE,SCREEN_ID,TOTCNT) values ('100074',10004,'shysong',to_date('23/09/18','RR/MM/DD'),40000,1002,1);
REM INSERTING into CGV_DB.MY_LOST
SET DEFINE OFF;
Insert into CGV_DB.MY_LOST (USER_ID,LOST_ID,CINEMA_ID,LOST_DATE,LOST_STATE) values ('shysong','1   ','82  ',to_date('18/06/03','RR/MM/DD'),'답변완료');
Insert into CGV_DB.MY_LOST (USER_ID,LOST_ID,CINEMA_ID,LOST_DATE,LOST_STATE) values ('moonlight12','2   ','38  ',to_date('19/02/18','RR/MM/DD'),'답변완료');
Insert into CGV_DB.MY_LOST (USER_ID,LOST_ID,CINEMA_ID,LOST_DATE,LOST_STATE) values ('jjangguya','3   ','7   ',to_date('19/08/07','RR/MM/DD'),'답변완료');
Insert into CGV_DB.MY_LOST (USER_ID,LOST_ID,CINEMA_ID,LOST_DATE,LOST_STATE) values ('dlwlrma1','4   ','20  ',to_date('20/01/25','RR/MM/DD'),'답변완료');
Insert into CGV_DB.MY_LOST (USER_ID,LOST_ID,CINEMA_ID,LOST_DATE,LOST_STATE) values ('lseongmin','5   ','39  ',to_date('20/04/19','RR/MM/DD'),'답변완료');
Insert into CGV_DB.MY_LOST (USER_ID,LOST_ID,CINEMA_ID,LOST_DATE,LOST_STATE) values ('jjangyoung','6   ','54  ',to_date('20/09/14','RR/MM/DD'),'답변완료');
Insert into CGV_DB.MY_LOST (USER_ID,LOST_ID,CINEMA_ID,LOST_DATE,LOST_STATE) values ('ksumin7','7   ','50  ',to_date('20/11/28','RR/MM/DD'),'답변완료');
Insert into CGV_DB.MY_LOST (USER_ID,LOST_ID,CINEMA_ID,LOST_DATE,LOST_STATE) values ('sjew8545','8   ','23  ',to_date('21/03/09','RR/MM/DD'),'답변완료');
Insert into CGV_DB.MY_LOST (USER_ID,LOST_ID,CINEMA_ID,LOST_DATE,LOST_STATE) values ('nhyuna','9   ','36  ',to_date('21/06/26','RR/MM/DD'),'답변완료');
Insert into CGV_DB.MY_LOST (USER_ID,LOST_ID,CINEMA_ID,LOST_DATE,LOST_STATE) values ('lmikyung','10  ','87  ',to_date('21/09/07','RR/MM/DD'),'답변완료');
Insert into CGV_DB.MY_LOST (USER_ID,LOST_ID,CINEMA_ID,LOST_DATE,LOST_STATE) values ('sseungho','11  ','71  ',to_date('22/02/08','RR/MM/DD'),'답변완료');
Insert into CGV_DB.MY_LOST (USER_ID,LOST_ID,CINEMA_ID,LOST_DATE,LOST_STATE) values ('lyujin57','12  ','45  ',to_date('22/06/15','RR/MM/DD'),'답변완료');
Insert into CGV_DB.MY_LOST (USER_ID,LOST_ID,CINEMA_ID,LOST_DATE,LOST_STATE) values ('jhyunjoo','13  ','94  ',to_date('22/10/22','RR/MM/DD'),'답변완료');
Insert into CGV_DB.MY_LOST (USER_ID,LOST_ID,CINEMA_ID,LOST_DATE,LOST_STATE) values ('kjinyoung','14  ','58  ',to_date('23/09/12','RR/MM/DD'),'접수완료');
Insert into CGV_DB.MY_LOST (USER_ID,LOST_ID,CINEMA_ID,LOST_DATE,LOST_STATE) values ('missun','15  ','2   ',to_date('23/09/13','RR/MM/DD'),'접수완료');
REM INSERTING into CGV_DB.MY_QNA
SET DEFINE OFF;
Insert into CGV_DB.MY_QNA (USER_ID,QNA_ID,CINEMA_ID,QNA_TYPE,QNA_TITLE,QNA_DATE,QNA_STATE,QNA_SATISF) values ('beomzz6',8392457,'76  ','칭찬','직원들이 너무 친절해요.',to_date('21/07/10','RR/MM/DD'),'답변완료','만족  ');
Insert into CGV_DB.MY_QNA (USER_ID,QNA_ID,CINEMA_ID,QNA_TYPE,QNA_TITLE,QNA_DATE,QNA_STATE,QNA_SATISF) values ('shysong',5029138,'42  ','문의','영화표 예매 방법 문의.',to_date('19/09/05','RR/MM/DD'),'답변완료',' 매우만족');
Insert into CGV_DB.MY_QNA (USER_ID,QNA_ID,CINEMA_ID,QNA_TYPE,QNA_TITLE,QNA_DATE,QNA_STATE,QNA_SATISF) values ('letsgo82',7268419,'95  ','문의','영화관에 파는 음식 메뉴와 가격 좀 알려주세요.',to_date('23/09/07','RR/MM/DD'),'접수완료',null);
Insert into CGV_DB.MY_QNA (USER_ID,QNA_ID,CINEMA_ID,QNA_TYPE,QNA_TITLE,QNA_DATE,QNA_STATE,QNA_SATISF) values ('moonlight12',3650248,'21  ','문의','상영 중인 영화에 대한 리뷰는 어디서 볼 수 있죠?',to_date('20/10/17','RR/MM/DD'),'답변완료','매우불만족');
Insert into CGV_DB.MY_QNA (USER_ID,QNA_ID,CINEMA_ID,QNA_TYPE,QNA_TITLE,QNA_DATE,QNA_STATE,QNA_SATISF) values ('honggd1',1984725,'5   ','문의','주차장 위치와 주차 관련 정보 문의합니다.',to_date('18/07/14','RR/MM/DD'),'답변완료','매우만족  ');
Insert into CGV_DB.MY_QNA (USER_ID,QNA_ID,CINEMA_ID,QNA_TYPE,QNA_TITLE,QNA_DATE,QNA_STATE,QNA_SATISF) values ('dlwlrma1',6741209,'68  ','문의','영화표 예매 취소하고 싶어요.',to_date('18/04/11','RR/MM/DD'),'답변완료','매우불만족');
Insert into CGV_DB.MY_QNA (USER_ID,QNA_ID,CINEMA_ID,QNA_TYPE,QNA_TITLE,QNA_DATE,QNA_STATE,QNA_SATISF) values ('kminji66',4873615,'32  ','문의','영화표 할인 혜택을 받는 방법을 설명해 주실 수 있을까요?',to_date('22/09/03','RR/MM/DD'),'접수완료',null);
Insert into CGV_DB.MY_QNA (USER_ID,QNA_ID,CINEMA_ID,QNA_TYPE,QNA_TITLE,QNA_DATE,QNA_STATE,QNA_SATISF) values ('jjangyoung',5928731,'81  ','문의','VIP 멤버십이 뭐죠?',to_date('18/05/03','RR/MM/DD'),'답변완료','만족  ');
Insert into CGV_DB.MY_QNA (USER_ID,QNA_ID,CINEMA_ID,QNA_TYPE,QNA_TITLE,QNA_DATE,QNA_STATE,QNA_SATISF) values ('oyoungho',3147592,'70  ','문의','무료 주차 시설에 대한 정보를 얻을 수 있을까요?',to_date('19/03/23','RR/MM/DD'),'답변완료','매우만족  ');
Insert into CGV_DB.MY_QNA (USER_ID,QNA_ID,CINEMA_ID,QNA_TYPE,QNA_TITLE,QNA_DATE,QNA_STATE,QNA_SATISF) values ('sjew8545',9286473,'56  ','문의','영화 자막과 해설 서비스를 제공하나요?',to_date('18/09/21','RR/MM/DD'),'답변완료','보통  ');
Insert into CGV_DB.MY_QNA (USER_ID,QNA_ID,CINEMA_ID,QNA_TYPE,QNA_TITLE,QNA_DATE,QNA_STATE,QNA_SATISF) values ('jggap000',1539827,'99  ','불만','영화 시작 전에 예고편이랑 광고.',to_date('21/04/01','RR/MM/DD'),'답변완료','보통  ');
Insert into CGV_DB.MY_QNA (USER_ID,QNA_ID,CINEMA_ID,QNA_TYPE,QNA_TITLE,QNA_DATE,QNA_STATE,QNA_SATISF) values ('lmikyung',4782359,'60  ','문의','영화 업데이트되면 알림 해주는 것도 있나요?',to_date('19/07/11','RR/MM/DD'),'답변완료','만족  ');
Insert into CGV_DB.MY_QNA (USER_ID,QNA_ID,CINEMA_ID,QNA_TYPE,QNA_TITLE,QNA_DATE,QNA_STATE,QNA_SATISF) values ('hdongjun',6958741,'88  ','문의','클래식 영화 상영 일정을 알 수 있을까요?',to_date('22/11/14','RR/MM/DD'),'답변완료','매우불만족');
Insert into CGV_DB.MY_QNA (USER_ID,QNA_ID,CINEMA_ID,QNA_TYPE,QNA_TITLE,QNA_DATE,QNA_STATE,QNA_SATISF) values ('hjiyoung9090',2367194,'15  ','불만','영화관이 너무 지저분해요!',to_date('21/12/13','RR/MM/DD'),'답변완료','보통  ');
Insert into CGV_DB.MY_QNA (USER_ID,QNA_ID,CINEMA_ID,QNA_TYPE,QNA_TITLE,QNA_DATE,QNA_STATE,QNA_SATISF) values ('lyujin57',8107263,'47  ','문의','스크린 크기랑 음향 문의',to_date('19/01/09','RR/MM/DD'),'답변완료','만족  ');
Insert into CGV_DB.MY_QNA (USER_ID,QNA_ID,CINEMA_ID,QNA_TYPE,QNA_TITLE,QNA_DATE,QNA_STATE,QNA_SATISF) values ('lyoungho',2475981,'10  ','문의','영화 상영 시간 변경 가능한가요?',to_date('23/09/13','RR/MM/DD'),'접수완료',null);
Insert into CGV_DB.MY_QNA (USER_ID,QNA_ID,CINEMA_ID,QNA_TYPE,QNA_TITLE,QNA_DATE,QNA_STATE,QNA_SATISF) values ('ssoobin',6839127,'29  ','문의','영화 예매 결제 수단을 어떻게 선택하나요?',to_date('19/11/19','RR/MM/DD'),'답변완료','만족  ');
Insert into CGV_DB.MY_QNA (USER_ID,QNA_ID,CINEMA_ID,QNA_TYPE,QNA_TITLE,QNA_DATE,QNA_STATE,QNA_SATISF) values ('kjiya899',5194286,'51  ','문의','포토존과 셀카 스팟이 있나요?',to_date('18/10/31','RR/MM/DD'),'답변완료','보통  ');
Insert into CGV_DB.MY_QNA (USER_ID,QNA_ID,CINEMA_ID,QNA_TYPE,QNA_TITLE,QNA_DATE,QNA_STATE,QNA_SATISF) values ('ljewon8989',3749261,'100 ','문의','미니언즈 굿즈 사려는데요',to_date('23/09/05','RR/MM/DD'),'접수완료',null);
Insert into CGV_DB.MY_QNA (USER_ID,QNA_ID,CINEMA_ID,QNA_TYPE,QNA_TITLE,QNA_DATE,QNA_STATE,QNA_SATISF) values ('ocaywon00',9627184,'83  ','문의','클럽 회원 혜택이 있나요?',to_date('20/02/01','RR/MM/DD'),'답변완료','보통  ');
Insert into CGV_DB.MY_QNA (USER_ID,QNA_ID,CINEMA_ID,QNA_TYPE,QNA_TITLE,QNA_DATE,QNA_STATE,QNA_SATISF) values ('seeunk3',4378962,'64  ','불만','팝콘과 음료수가 너무 비싸요.',to_date('22/07/25','RR/MM/DD'),'답변완료','매우불만족');
Insert into CGV_DB.MY_QNA (USER_ID,QNA_ID,CINEMA_ID,QNA_TYPE,QNA_TITLE,QNA_DATE,QNA_STATE,QNA_SATISF) values ('songjjmm',1857462,'93  ','문의','영화 보는데 불나면 어디로 대피하죠?',to_date('21/11/26','RR/MM/DD'),'답변완료','보통  ');
Insert into CGV_DB.MY_QNA (USER_ID,QNA_ID,CINEMA_ID,QNA_TYPE,QNA_TITLE,QNA_DATE,QNA_STATE,QNA_SATISF) values ('missun',7264913,'77  ','문의','15세 미만 관람불가 영화',to_date('23/09/02','RR/MM/DD'),'접수완료',null);
Insert into CGV_DB.MY_QNA (USER_ID,QNA_ID,CINEMA_ID,QNA_TYPE,QNA_TITLE,QNA_DATE,QNA_STATE,QNA_SATISF) values ('kdh987',5948362,'8   ','문의','영화표 살 때 할인 혜택을 받을 수 있을까요?',to_date('18/07/29','RR/MM/DD'),'답변완료','매우만족  ');
Insert into CGV_DB.MY_QNA (USER_ID,QNA_ID,CINEMA_ID,QNA_TYPE,QNA_TITLE,QNA_DATE,QNA_STATE,QNA_SATISF) values ('sungjun5',3276159,'35  ','불만 ','영화 상영 중에 휴대전화 사용하는 사람 내보낼 수 있나요?',to_date('23/09/11','RR/MM/DD'),'접수완료',null);
REM INSERTING into CGV_DB.MY_REVIEW
SET DEFINE OFF;
Insert into CGV_DB.MY_REVIEW (USER_ID,MV_ID,RV_DATE,EMOTION_2,EMOTION_3,EMOTION_4,EMOTION_5,EMOTION_1,CHARM_1,CHARM_2,CHARM_3,CHARM_4,CHARM_5,RV_RECOM) values ('shysong',1,to_date('23/09/18','RR/MM/DD'),0,0,0,0,0,0,0,0,0,0,null);
REM INSERTING into CGV_DB.M_DIRECTOR
SET DEFINE OFF;
Insert into CGV_DB.M_DIRECTOR (M_ID,DT_ID,MV_ID) values (1,1,2);
Insert into CGV_DB.M_DIRECTOR (M_ID,DT_ID,MV_ID) values (2,2,3);
Insert into CGV_DB.M_DIRECTOR (M_ID,DT_ID,MV_ID) values (3,3,4);
Insert into CGV_DB.M_DIRECTOR (M_ID,DT_ID,MV_ID) values (4,4,5);
Insert into CGV_DB.M_DIRECTOR (M_ID,DT_ID,MV_ID) values (5,5,6);
Insert into CGV_DB.M_DIRECTOR (M_ID,DT_ID,MV_ID) values (6,6,7);
Insert into CGV_DB.M_DIRECTOR (M_ID,DT_ID,MV_ID) values (7,7,8);
Insert into CGV_DB.M_DIRECTOR (M_ID,DT_ID,MV_ID) values (8,8,9);
Insert into CGV_DB.M_DIRECTOR (M_ID,DT_ID,MV_ID) values (9,9,10);
Insert into CGV_DB.M_DIRECTOR (M_ID,DT_ID,MV_ID) values (10,10,11);
Insert into CGV_DB.M_DIRECTOR (M_ID,DT_ID,MV_ID) values (11,11,12);
Insert into CGV_DB.M_DIRECTOR (M_ID,DT_ID,MV_ID) values (12,12,13);
Insert into CGV_DB.M_DIRECTOR (M_ID,DT_ID,MV_ID) values (13,13,13);
Insert into CGV_DB.M_DIRECTOR (M_ID,DT_ID,MV_ID) values (14,14,13);
Insert into CGV_DB.M_DIRECTOR (M_ID,DT_ID,MV_ID) values (15,15,13);
Insert into CGV_DB.M_DIRECTOR (M_ID,DT_ID,MV_ID) values (16,16,13);
Insert into CGV_DB.M_DIRECTOR (M_ID,DT_ID,MV_ID) values (17,17,13);
Insert into CGV_DB.M_DIRECTOR (M_ID,DT_ID,MV_ID) values (18,18,16);
Insert into CGV_DB.M_DIRECTOR (M_ID,DT_ID,MV_ID) values (19,19,17);
Insert into CGV_DB.M_DIRECTOR (M_ID,DT_ID,MV_ID) values (20,20,18);
Insert into CGV_DB.M_DIRECTOR (M_ID,DT_ID,MV_ID) values (21,21,19);
REM INSERTING into CGV_DB.PAYCARD_COUP
SET DEFINE OFF;
Insert into CGV_DB.PAYCARD_COUP (USER_ID,COUP_ID,USED_DATE,CINEMA_ID) values ('beomzz6',36,null,null);
Insert into CGV_DB.PAYCARD_COUP (USER_ID,COUP_ID,USED_DATE,CINEMA_ID) values ('shysong',37,null,null);
Insert into CGV_DB.PAYCARD_COUP (USER_ID,COUP_ID,USED_DATE,CINEMA_ID) values ('letsgo82',38,null,null);
Insert into CGV_DB.PAYCARD_COUP (USER_ID,COUP_ID,USED_DATE,CINEMA_ID) values ('jaegy112',39,null,null);
Insert into CGV_DB.PAYCARD_COUP (USER_ID,COUP_ID,USED_DATE,CINEMA_ID) values ('gseoo1209',40,null,null);
Insert into CGV_DB.PAYCARD_COUP (USER_ID,COUP_ID,USED_DATE,CINEMA_ID) values ('zzuro77',41,null,null);
Insert into CGV_DB.PAYCARD_COUP (USER_ID,COUP_ID,USED_DATE,CINEMA_ID) values ('zerocoke2',42,null,null);
Insert into CGV_DB.PAYCARD_COUP (USER_ID,COUP_ID,USED_DATE,CINEMA_ID) values ('jjiniyou',43,null,null);
Insert into CGV_DB.PAYCARD_COUP (USER_ID,COUP_ID,USED_DATE,CINEMA_ID) values ('honggd1',44,null,null);
Insert into CGV_DB.PAYCARD_COUP (USER_ID,COUP_ID,USED_DATE,CINEMA_ID) values ('jjangguya',45,null,null);
Insert into CGV_DB.PAYCARD_COUP (USER_ID,COUP_ID,USED_DATE,CINEMA_ID) values ('parkyh45',46,null,null);
Insert into CGV_DB.PAYCARD_COUP (USER_ID,COUP_ID,USED_DATE,CINEMA_ID) values ('dlwlrma1',47,null,null);
Insert into CGV_DB.PAYCARD_COUP (USER_ID,COUP_ID,USED_DATE,CINEMA_ID) values ('reallllmino',48,null,null);
Insert into CGV_DB.PAYCARD_COUP (USER_ID,COUP_ID,USED_DATE,CINEMA_ID) values ('kyounghui',49,null,null);
Insert into CGV_DB.PAYCARD_COUP (USER_ID,COUP_ID,USED_DATE,CINEMA_ID) values ('cyounghsu',50,null,null);
Insert into CGV_DB.PAYCARD_COUP (USER_ID,COUP_ID,USED_DATE,CINEMA_ID) values ('pjiyoung',51,null,null);
REM INSERTING into CGV_DB.POINT_HISTORY
SET DEFINE OFF;
Insert into CGV_DB.POINT_HISTORY (HISTORY_ID,USER_ID,POINT_UPDATED,UPDATE_DATE) values (1,'shysong',980,to_date('23/09/17','RR/MM/DD'));
REM INSERTING into CGV_DB.REGION
SET DEFINE OFF;
Insert into CGV_DB.REGION (REGION_ID,REGION_NAME) values (10,'서울');
Insert into CGV_DB.REGION (REGION_ID,REGION_NAME) values (20,'경기');
Insert into CGV_DB.REGION (REGION_ID,REGION_NAME) values (30,'인천');
Insert into CGV_DB.REGION (REGION_ID,REGION_NAME) values (40,'강원');
Insert into CGV_DB.REGION (REGION_ID,REGION_NAME) values (50,'대전/충청');
Insert into CGV_DB.REGION (REGION_ID,REGION_NAME) values (60,'대구');
Insert into CGV_DB.REGION (REGION_ID,REGION_NAME) values (70,'부산/울산');
Insert into CGV_DB.REGION (REGION_ID,REGION_NAME) values (80,'경상');
Insert into CGV_DB.REGION (REGION_ID,REGION_NAME) values (90,'광주/전라/제주');
REM INSERTING into CGV_DB.SCREEN
SET DEFINE OFF;
Insert into CGV_DB.SCREEN (SCREEN_ID,SCREEN_CATEGORY_ID,THEATER_ID,SCREEN_ALLCNT) values (1000,100,'23  ',180);
Insert into CGV_DB.SCREEN (SCREEN_ID,SCREEN_CATEGORY_ID,THEATER_ID,SCREEN_ALLCNT) values (1001,102,'23  ',144);
Insert into CGV_DB.SCREEN (SCREEN_ID,SCREEN_CATEGORY_ID,THEATER_ID,SCREEN_ALLCNT) values (1002,111,'23  ',50);
Insert into CGV_DB.SCREEN (SCREEN_ID,SCREEN_CATEGORY_ID,THEATER_ID,SCREEN_ALLCNT) values (1003,109,'23  ',8);
Insert into CGV_DB.SCREEN (SCREEN_ID,SCREEN_CATEGORY_ID,THEATER_ID,SCREEN_ALLCNT) values (1004,113,'23  ',40);
Insert into CGV_DB.SCREEN (SCREEN_ID,SCREEN_CATEGORY_ID,THEATER_ID,SCREEN_ALLCNT) values (1005,105,'25  ',213);
Insert into CGV_DB.SCREEN (SCREEN_ID,SCREEN_CATEGORY_ID,THEATER_ID,SCREEN_ALLCNT) values (1006,106,'19  ',48);
Insert into CGV_DB.SCREEN (SCREEN_ID,SCREEN_CATEGORY_ID,THEATER_ID,SCREEN_ALLCNT) values (1007,107,'84  ',381);
Insert into CGV_DB.SCREEN (SCREEN_ID,SCREEN_CATEGORY_ID,THEATER_ID,SCREEN_ALLCNT) values (1008,108,'21  ',183);
Insert into CGV_DB.SCREEN (SCREEN_ID,SCREEN_CATEGORY_ID,THEATER_ID,SCREEN_ALLCNT) values (1009,115,'17  ',16);
Insert into CGV_DB.SCREEN (SCREEN_ID,SCREEN_CATEGORY_ID,THEATER_ID,SCREEN_ALLCNT) values (1010,113,'22  ',30);
Insert into CGV_DB.SCREEN (SCREEN_ID,SCREEN_CATEGORY_ID,THEATER_ID,SCREEN_ALLCNT) values (1011,112,'30  ',30);
Insert into CGV_DB.SCREEN (SCREEN_ID,SCREEN_CATEGORY_ID,THEATER_ID,SCREEN_ALLCNT) values (1012,104,'25  ',162);
Insert into CGV_DB.SCREEN (SCREEN_ID,SCREEN_CATEGORY_ID,THEATER_ID,SCREEN_ALLCNT) values (1013,101,'25  ',347);
Insert into CGV_DB.SCREEN (SCREEN_ID,SCREEN_CATEGORY_ID,THEATER_ID,SCREEN_ALLCNT) values (1014,100,'25  ',162);
Insert into CGV_DB.SCREEN (SCREEN_ID,SCREEN_CATEGORY_ID,THEATER_ID,SCREEN_ALLCNT) values (1015,112,'19  ',48);
Insert into CGV_DB.SCREEN (SCREEN_ID,SCREEN_CATEGORY_ID,THEATER_ID,SCREEN_ALLCNT) values (1016,102,'19  ',120);
Insert into CGV_DB.SCREEN (SCREEN_ID,SCREEN_CATEGORY_ID,THEATER_ID,SCREEN_ALLCNT) values (1017,113,'21  ',48);
Insert into CGV_DB.SCREEN (SCREEN_ID,SCREEN_CATEGORY_ID,THEATER_ID,SCREEN_ALLCNT) values (1018,105,'21  ',387);
Insert into CGV_DB.SCREEN (SCREEN_ID,SCREEN_CATEGORY_ID,THEATER_ID,SCREEN_ALLCNT) values (1019,102,'21  ',144);
Insert into CGV_DB.SCREEN (SCREEN_ID,SCREEN_CATEGORY_ID,THEATER_ID,SCREEN_ALLCNT) values (1020,102,'2   ',108);
Insert into CGV_DB.SCREEN (SCREEN_ID,SCREEN_CATEGORY_ID,THEATER_ID,SCREEN_ALLCNT) values (1021,102,'11  ',96);
Insert into CGV_DB.SCREEN (SCREEN_ID,SCREEN_CATEGORY_ID,THEATER_ID,SCREEN_ALLCNT) values (1022,100,'11  ',132);
Insert into CGV_DB.SCREEN (SCREEN_ID,SCREEN_CATEGORY_ID,THEATER_ID,SCREEN_ALLCNT) values (1023,100,'12  ',162);
Insert into CGV_DB.SCREEN (SCREEN_ID,SCREEN_CATEGORY_ID,THEATER_ID,SCREEN_ALLCNT) values (1024,102,'13  ',120);
Insert into CGV_DB.SCREEN (SCREEN_ID,SCREEN_CATEGORY_ID,THEATER_ID,SCREEN_ALLCNT) values (1025,100,'13  ',321);
Insert into CGV_DB.SCREEN (SCREEN_ID,SCREEN_CATEGORY_ID,THEATER_ID,SCREEN_ALLCNT) values (1026,100,'14  ',142);
Insert into CGV_DB.SCREEN (SCREEN_ID,SCREEN_CATEGORY_ID,THEATER_ID,SCREEN_ALLCNT) values (1027,105,'15  ',73);
Insert into CGV_DB.SCREEN (SCREEN_ID,SCREEN_CATEGORY_ID,THEATER_ID,SCREEN_ALLCNT) values (1028,102,'15  ',72);
Insert into CGV_DB.SCREEN (SCREEN_ID,SCREEN_CATEGORY_ID,THEATER_ID,SCREEN_ALLCNT) values (1029,100,'15  ',183);
Insert into CGV_DB.SCREEN (SCREEN_ID,SCREEN_CATEGORY_ID,THEATER_ID,SCREEN_ALLCNT) values (1030,100,'16  ',117);
Insert into CGV_DB.SCREEN (SCREEN_ID,SCREEN_CATEGORY_ID,THEATER_ID,SCREEN_ALLCNT) values (1031,102,'20  ',116);
Insert into CGV_DB.SCREEN (SCREEN_ID,SCREEN_CATEGORY_ID,THEATER_ID,SCREEN_ALLCNT) values (1032,110,'20  ',20);
Insert into CGV_DB.SCREEN (SCREEN_ID,SCREEN_CATEGORY_ID,THEATER_ID,SCREEN_ALLCNT) values (1033,100,'20  ',188);
Insert into CGV_DB.SCREEN (SCREEN_ID,SCREEN_CATEGORY_ID,THEATER_ID,SCREEN_ALLCNT) values (1034,102,'24  ',108);
Insert into CGV_DB.SCREEN (SCREEN_ID,SCREEN_CATEGORY_ID,THEATER_ID,SCREEN_ALLCNT) values (1035,104,'24  ',214);
Insert into CGV_DB.SCREEN (SCREEN_ID,SCREEN_CATEGORY_ID,THEATER_ID,SCREEN_ALLCNT) values (1036,100,'24  ',102);
Insert into CGV_DB.SCREEN (SCREEN_ID,SCREEN_CATEGORY_ID,THEATER_ID,SCREEN_ALLCNT) values (1037,102,'26  ',144);
Insert into CGV_DB.SCREEN (SCREEN_ID,SCREEN_CATEGORY_ID,THEATER_ID,SCREEN_ALLCNT) values (1038,100,'27  ',160);
Insert into CGV_DB.SCREEN (SCREEN_ID,SCREEN_CATEGORY_ID,THEATER_ID,SCREEN_ALLCNT) values (1039,100,'28  ',269);
Insert into CGV_DB.SCREEN (SCREEN_ID,SCREEN_CATEGORY_ID,THEATER_ID,SCREEN_ALLCNT) values (1040,104,'29  ',178);
Insert into CGV_DB.SCREEN (SCREEN_ID,SCREEN_CATEGORY_ID,THEATER_ID,SCREEN_ALLCNT) values (1041,100,'29  ',134);
Insert into CGV_DB.SCREEN (SCREEN_ID,SCREEN_CATEGORY_ID,THEATER_ID,SCREEN_ALLCNT) values (1042,101,'30  ',170);
REM INSERTING into CGV_DB.SCREEN_CAT
SET DEFINE OFF;
Insert into CGV_DB.SCREEN_CAT (SCREEN_CATEGORY_ID,SCREEN_CATEGORY,NORMAL,PREFER,OLD,CHILD) values (100,'2D',15000,8000,9000,12000);
Insert into CGV_DB.SCREEN_CAT (SCREEN_CATEGORY_ID,SCREEN_CATEGORY,NORMAL,PREFER,OLD,CHILD) values (101,'IMAX',24000,24000,24000,24000);
Insert into CGV_DB.SCREEN_CAT (SCREEN_CATEGORY_ID,SCREEN_CATEGORY,NORMAL,PREFER,OLD,CHILD) values (102,'4DX',19000,10000,12000,13000);
Insert into CGV_DB.SCREEN_CAT (SCREEN_CATEGORY_ID,SCREEN_CATEGORY,NORMAL,PREFER,OLD,CHILD) values (103,'4DX SCREEN',21000,21000,21000,15000);
Insert into CGV_DB.SCREEN_CAT (SCREEN_CATEGORY_ID,SCREEN_CATEGORY,NORMAL,PREFER,OLD,CHILD) values (104,'SCREENX',15000,8000,9000,12000);
Insert into CGV_DB.SCREEN_CAT (SCREEN_CATEGORY_ID,SCREEN_CATEGORY,NORMAL,PREFER,OLD,CHILD) values (105,'SPHEREX',16000,16000,16000,13000);
Insert into CGV_DB.SCREEN_CAT (SCREEN_CATEGORY_ID,SCREEN_CATEGORY,NORMAL,PREFER,OLD,CHILD) values (106,'SOUNDX',14000,14000,14000,12000);
Insert into CGV_DB.SCREEN_CAT (SCREEN_CATEGORY_ID,SCREEN_CATEGORY,NORMAL,PREFER,OLD,CHILD) values (107,'STARIUM',16000,16000,16000,13000);
Insert into CGV_DB.SCREEN_CAT (SCREEN_CATEGORY_ID,SCREEN_CATEGORY,NORMAL,PREFER,OLD,CHILD) values (108,'DOLBY ATMOS',15000,15000,15000,13000);
Insert into CGV_DB.SCREEN_CAT (SCREEN_CATEGORY_ID,SCREEN_CATEGORY,NORMAL,PREFER,OLD,CHILD) values (109,'PRIVATE BOX',50000,50000,50000,50000);
Insert into CGV_DB.SCREEN_CAT (SCREEN_CATEGORY_ID,SCREEN_CATEGORY,NORMAL,PREFER,OLD,CHILD) values (110,'SUITE CINEMA',40000,40000,40000,40000);
Insert into CGV_DB.SCREEN_CAT (SCREEN_CATEGORY_ID,SCREEN_CATEGORY,NORMAL,PREFER,OLD,CHILD) values (111,'CINE DE CHEF',40000,40000,40000,30000);
Insert into CGV_DB.SCREEN_CAT (SCREEN_CATEGORY_ID,SCREEN_CATEGORY,NORMAL,PREFER,OLD,CHILD) values (112,'TEMPUR CINEMA',45000,45000,45000,35000);
Insert into CGV_DB.SCREEN_CAT (SCREEN_CATEGORY_ID,SCREEN_CATEGORY,NORMAL,PREFER,OLD,CHILD) values (113,'GOLD CLASS',40000,40000,40000,35000);
Insert into CGV_DB.SCREEN_CAT (SCREEN_CATEGORY_ID,SCREEN_CATEGORY,NORMAL,PREFER,OLD,CHILD) values (115,'PREMIUM',16000,16000,16000,13000);
Insert into CGV_DB.SCREEN_CAT (SCREEN_CATEGORY_ID,SCREEN_CATEGORY,NORMAL,PREFER,OLD,CHILD) values (114,'THE PRIVATE CINEMA',null,null,null,null);
REM INSERTING into CGV_DB.SEAT
SET DEFINE OFF;
Insert into CGV_DB.SEAT (SCREEN_ID,SEAT_CODE,SEAT_GRADE,SEAT_CATEGORY) values (1000,'A-1','LIGHT','-1000');
Insert into CGV_DB.SEAT (SCREEN_ID,SEAT_CODE,SEAT_GRADE,SEAT_CATEGORY) values (1000,'A-2','LIGHT','-1000');
Insert into CGV_DB.SEAT (SCREEN_ID,SEAT_CODE,SEAT_GRADE,SEAT_CATEGORY) values (1000,'A-3','LIGHT','-1000');
Insert into CGV_DB.SEAT (SCREEN_ID,SEAT_CODE,SEAT_GRADE,SEAT_CATEGORY) values (1000,'D-1','NORMAL','0');
Insert into CGV_DB.SEAT (SCREEN_ID,SEAT_CODE,SEAT_GRADE,SEAT_CATEGORY) values (1000,'D-2','NORMAL','0');
Insert into CGV_DB.SEAT (SCREEN_ID,SEAT_CODE,SEAT_GRADE,SEAT_CATEGORY) values (1000,'D-3','NORMAL','0');
Insert into CGV_DB.SEAT (SCREEN_ID,SEAT_CODE,SEAT_GRADE,SEAT_CATEGORY) values (1000,'K-1','NORMAL','0');
Insert into CGV_DB.SEAT (SCREEN_ID,SEAT_CODE,SEAT_GRADE,SEAT_CATEGORY) values (1000,'K-2','NORMAL','0');
Insert into CGV_DB.SEAT (SCREEN_ID,SEAT_CODE,SEAT_GRADE,SEAT_CATEGORY) values (1000,'K-3','NORMAL','0');
Insert into CGV_DB.SEAT (SCREEN_ID,SEAT_CODE,SEAT_GRADE,SEAT_CATEGORY) values (1001,'A-1','NORMAL','0');
Insert into CGV_DB.SEAT (SCREEN_ID,SEAT_CODE,SEAT_GRADE,SEAT_CATEGORY) values (1001,'A-2','NORMAL','0');
Insert into CGV_DB.SEAT (SCREEN_ID,SEAT_CODE,SEAT_GRADE,SEAT_CATEGORY) values (1001,'A-3','NORMAL','0');
Insert into CGV_DB.SEAT (SCREEN_ID,SEAT_CODE,SEAT_GRADE,SEAT_CATEGORY) values (1001,'D-1','NORMAL','0');
Insert into CGV_DB.SEAT (SCREEN_ID,SEAT_CODE,SEAT_GRADE,SEAT_CATEGORY) values (1001,'D-2','NORMAL','0');
Insert into CGV_DB.SEAT (SCREEN_ID,SEAT_CODE,SEAT_GRADE,SEAT_CATEGORY) values (1001,'D-3','NORMAL','0');
Insert into CGV_DB.SEAT (SCREEN_ID,SEAT_CODE,SEAT_GRADE,SEAT_CATEGORY) values (1001,'K-1','NORMAL','0');
Insert into CGV_DB.SEAT (SCREEN_ID,SEAT_CODE,SEAT_GRADE,SEAT_CATEGORY) values (1001,'K-2','NORMAL','0');
Insert into CGV_DB.SEAT (SCREEN_ID,SEAT_CODE,SEAT_GRADE,SEAT_CATEGORY) values (1001,'K-3','NORMAL','0');
Insert into CGV_DB.SEAT (SCREEN_ID,SEAT_CODE,SEAT_GRADE,SEAT_CATEGORY) values (1002,'A-1','recliner','0');
Insert into CGV_DB.SEAT (SCREEN_ID,SEAT_CODE,SEAT_GRADE,SEAT_CATEGORY) values (1002,'A-2','recliner','0');
Insert into CGV_DB.SEAT (SCREEN_ID,SEAT_CODE,SEAT_GRADE,SEAT_CATEGORY) values (1002,'A-3','recliner','0');
Insert into CGV_DB.SEAT (SCREEN_ID,SEAT_CODE,SEAT_GRADE,SEAT_CATEGORY) values (1002,'D-1','recliner','0');
Insert into CGV_DB.SEAT (SCREEN_ID,SEAT_CODE,SEAT_GRADE,SEAT_CATEGORY) values (1002,'D-2','recliner','0');
Insert into CGV_DB.SEAT (SCREEN_ID,SEAT_CODE,SEAT_GRADE,SEAT_CATEGORY) values (1002,'D-3','recliner','0');
Insert into CGV_DB.SEAT (SCREEN_ID,SEAT_CODE,SEAT_GRADE,SEAT_CATEGORY) values (1002,'H-1','F_recliner','-5000');
Insert into CGV_DB.SEAT (SCREEN_ID,SEAT_CODE,SEAT_GRADE,SEAT_CATEGORY) values (1002,'H-2','F_recliner','-5000');
Insert into CGV_DB.SEAT (SCREEN_ID,SEAT_CODE,SEAT_GRADE,SEAT_CATEGORY) values (1002,'H-3','F_recliner','-5000');
Insert into CGV_DB.SEAT (SCREEN_ID,SEAT_CODE,SEAT_GRADE,SEAT_CATEGORY) values (1003,'H-1','PRIVATE','0');
Insert into CGV_DB.SEAT (SCREEN_ID,SEAT_CODE,SEAT_GRADE,SEAT_CATEGORY) values (1003,'H-2','PRIVATE','0');
Insert into CGV_DB.SEAT (SCREEN_ID,SEAT_CODE,SEAT_GRADE,SEAT_CATEGORY) values (1003,'H-3','PRIVATE','0');
Insert into CGV_DB.SEAT (SCREEN_ID,SEAT_CODE,SEAT_GRADE,SEAT_CATEGORY) values (1003,'H-4','PRIVATE','0');
Insert into CGV_DB.SEAT (SCREEN_ID,SEAT_CODE,SEAT_GRADE,SEAT_CATEGORY) values (1003,'H-5','PRIVATE','0');
Insert into CGV_DB.SEAT (SCREEN_ID,SEAT_CODE,SEAT_GRADE,SEAT_CATEGORY) values (1003,'H-6','PRIVATE','0');
Insert into CGV_DB.SEAT (SCREEN_ID,SEAT_CODE,SEAT_GRADE,SEAT_CATEGORY) values (1003,'H-7','PRIVATE','0');
Insert into CGV_DB.SEAT (SCREEN_ID,SEAT_CODE,SEAT_GRADE,SEAT_CATEGORY) values (1003,'H-8','PRIVATE','0');
Insert into CGV_DB.SEAT (SCREEN_ID,SEAT_CODE,SEAT_GRADE,SEAT_CATEGORY) values (1004,'A-1','GOLD','0');
Insert into CGV_DB.SEAT (SCREEN_ID,SEAT_CODE,SEAT_GRADE,SEAT_CATEGORY) values (1004,'A-2','GOLD','0');
Insert into CGV_DB.SEAT (SCREEN_ID,SEAT_CODE,SEAT_GRADE,SEAT_CATEGORY) values (1004,'A-3','GOLD','0');
Insert into CGV_DB.SEAT (SCREEN_ID,SEAT_CODE,SEAT_GRADE,SEAT_CATEGORY) values (1004,'B-1','GOLD','0');
Insert into CGV_DB.SEAT (SCREEN_ID,SEAT_CODE,SEAT_GRADE,SEAT_CATEGORY) values (1004,'B-2','GOLD','0');
Insert into CGV_DB.SEAT (SCREEN_ID,SEAT_CODE,SEAT_GRADE,SEAT_CATEGORY) values (1004,'B-3','GOLD','0');
Insert into CGV_DB.SEAT (SCREEN_ID,SEAT_CODE,SEAT_GRADE,SEAT_CATEGORY) values (1004,'F-1','GOLD','0');
Insert into CGV_DB.SEAT (SCREEN_ID,SEAT_CODE,SEAT_GRADE,SEAT_CATEGORY) values (1004,'F-2','GOLD','0');
Insert into CGV_DB.SEAT (SCREEN_ID,SEAT_CODE,SEAT_GRADE,SEAT_CATEGORY) values (1004,'F-3','GOLD','0');
Insert into CGV_DB.SEAT (SCREEN_ID,SEAT_CODE,SEAT_GRADE,SEAT_CATEGORY) values (1005,'A-1','LIGHT','-1000');
Insert into CGV_DB.SEAT (SCREEN_ID,SEAT_CODE,SEAT_GRADE,SEAT_CATEGORY) values (1005,'A-2','LIGHT','-1000');
Insert into CGV_DB.SEAT (SCREEN_ID,SEAT_CODE,SEAT_GRADE,SEAT_CATEGORY) values (1005,'A-3','LIGHT','-1000');
Insert into CGV_DB.SEAT (SCREEN_ID,SEAT_CODE,SEAT_GRADE,SEAT_CATEGORY) values (1005,'D-1','NORMAL','0');
Insert into CGV_DB.SEAT (SCREEN_ID,SEAT_CODE,SEAT_GRADE,SEAT_CATEGORY) values (1005,'D-2','NORMAL','0');
Insert into CGV_DB.SEAT (SCREEN_ID,SEAT_CODE,SEAT_GRADE,SEAT_CATEGORY) values (1005,'D-3','NORMAL','0');
Insert into CGV_DB.SEAT (SCREEN_ID,SEAT_CODE,SEAT_GRADE,SEAT_CATEGORY) values (1005,'K-1','NORMAL','0');
Insert into CGV_DB.SEAT (SCREEN_ID,SEAT_CODE,SEAT_GRADE,SEAT_CATEGORY) values (1005,'K-2','NORMAL','0');
Insert into CGV_DB.SEAT (SCREEN_ID,SEAT_CODE,SEAT_GRADE,SEAT_CATEGORY) values (1005,'K-3','NORMAL','0');
Insert into CGV_DB.SEAT (SCREEN_ID,SEAT_CODE,SEAT_GRADE,SEAT_CATEGORY) values (1006,'A-1','LIGHT','-1000');
Insert into CGV_DB.SEAT (SCREEN_ID,SEAT_CODE,SEAT_GRADE,SEAT_CATEGORY) values (1006,'A-2','LIGHT','-1000');
Insert into CGV_DB.SEAT (SCREEN_ID,SEAT_CODE,SEAT_GRADE,SEAT_CATEGORY) values (1006,'A-3','LIGHT','-1000');
Insert into CGV_DB.SEAT (SCREEN_ID,SEAT_CODE,SEAT_GRADE,SEAT_CATEGORY) values (1006,'D-1','NORMAL','0');
Insert into CGV_DB.SEAT (SCREEN_ID,SEAT_CODE,SEAT_GRADE,SEAT_CATEGORY) values (1006,'D-2','NORMAL','0');
Insert into CGV_DB.SEAT (SCREEN_ID,SEAT_CODE,SEAT_GRADE,SEAT_CATEGORY) values (1006,'D-3','NORMAL','0');
Insert into CGV_DB.SEAT (SCREEN_ID,SEAT_CODE,SEAT_GRADE,SEAT_CATEGORY) values (1006,'I-1','NORMAL','0');
Insert into CGV_DB.SEAT (SCREEN_ID,SEAT_CODE,SEAT_GRADE,SEAT_CATEGORY) values (1006,'I-2','NORMAL','0');
Insert into CGV_DB.SEAT (SCREEN_ID,SEAT_CODE,SEAT_GRADE,SEAT_CATEGORY) values (1006,'I-3','NORMAL','0');
Insert into CGV_DB.SEAT (SCREEN_ID,SEAT_CODE,SEAT_GRADE,SEAT_CATEGORY) values (1007,'A-1','LIGHT','-1000');
Insert into CGV_DB.SEAT (SCREEN_ID,SEAT_CODE,SEAT_GRADE,SEAT_CATEGORY) values (1007,'A-2','LIGHT','-1000');
Insert into CGV_DB.SEAT (SCREEN_ID,SEAT_CODE,SEAT_GRADE,SEAT_CATEGORY) values (1007,'A-3','LIGHT','-1000');
Insert into CGV_DB.SEAT (SCREEN_ID,SEAT_CODE,SEAT_GRADE,SEAT_CATEGORY) values (1007,'D-1','NORMAL','0');
Insert into CGV_DB.SEAT (SCREEN_ID,SEAT_CODE,SEAT_GRADE,SEAT_CATEGORY) values (1007,'D-2','NORMAL','0');
Insert into CGV_DB.SEAT (SCREEN_ID,SEAT_CODE,SEAT_GRADE,SEAT_CATEGORY) values (1007,'D-3','NORMAL','0');
Insert into CGV_DB.SEAT (SCREEN_ID,SEAT_CODE,SEAT_GRADE,SEAT_CATEGORY) values (1007,'I-1','NORMAL','0');
Insert into CGV_DB.SEAT (SCREEN_ID,SEAT_CODE,SEAT_GRADE,SEAT_CATEGORY) values (1007,'I-2','NORMAL','0');
Insert into CGV_DB.SEAT (SCREEN_ID,SEAT_CODE,SEAT_GRADE,SEAT_CATEGORY) values (1007,'I-3','NORMAL','0');
Insert into CGV_DB.SEAT (SCREEN_ID,SEAT_CODE,SEAT_GRADE,SEAT_CATEGORY) values (1008,'A-1','LIGHT','-1000');
Insert into CGV_DB.SEAT (SCREEN_ID,SEAT_CODE,SEAT_GRADE,SEAT_CATEGORY) values (1008,'A-2','LIGHT','-1000');
Insert into CGV_DB.SEAT (SCREEN_ID,SEAT_CODE,SEAT_GRADE,SEAT_CATEGORY) values (1008,'A-3','LIGHT','-1000');
Insert into CGV_DB.SEAT (SCREEN_ID,SEAT_CODE,SEAT_GRADE,SEAT_CATEGORY) values (1008,'D-1','NORMAL','0');
Insert into CGV_DB.SEAT (SCREEN_ID,SEAT_CODE,SEAT_GRADE,SEAT_CATEGORY) values (1008,'D-2','NORMAL','0');
Insert into CGV_DB.SEAT (SCREEN_ID,SEAT_CODE,SEAT_GRADE,SEAT_CATEGORY) values (1008,'D-3','NORMAL','0');
Insert into CGV_DB.SEAT (SCREEN_ID,SEAT_CODE,SEAT_GRADE,SEAT_CATEGORY) values (1008,'K-5','SWEETBOX','1000');
Insert into CGV_DB.SEAT (SCREEN_ID,SEAT_CODE,SEAT_GRADE,SEAT_CATEGORY) values (1008,'K-6','SWEETBOX','1000');
Insert into CGV_DB.SEAT (SCREEN_ID,SEAT_CODE,SEAT_GRADE,SEAT_CATEGORY) values (1008,'K-7','SWEETBOX','1000');
Insert into CGV_DB.SEAT (SCREEN_ID,SEAT_CODE,SEAT_GRADE,SEAT_CATEGORY) values (1009,'C-1','PREMIUM','0');
Insert into CGV_DB.SEAT (SCREEN_ID,SEAT_CODE,SEAT_GRADE,SEAT_CATEGORY) values (1009,'C-2','PREMIUM','0');
Insert into CGV_DB.SEAT (SCREEN_ID,SEAT_CODE,SEAT_GRADE,SEAT_CATEGORY) values (1009,'C-3','PREMIUM','0');
Insert into CGV_DB.SEAT (SCREEN_ID,SEAT_CODE,SEAT_GRADE,SEAT_CATEGORY) values (1009,'C-4','PREMIUM','0');
Insert into CGV_DB.SEAT (SCREEN_ID,SEAT_CODE,SEAT_GRADE,SEAT_CATEGORY) values (1009,'D-1','PREMIUM','0');
Insert into CGV_DB.SEAT (SCREEN_ID,SEAT_CODE,SEAT_GRADE,SEAT_CATEGORY) values (1009,'D-2','PREMIUM','0');
Insert into CGV_DB.SEAT (SCREEN_ID,SEAT_CODE,SEAT_GRADE,SEAT_CATEGORY) values (1009,'D-3','PREMIUM','0');
Insert into CGV_DB.SEAT (SCREEN_ID,SEAT_CODE,SEAT_GRADE,SEAT_CATEGORY) values (1009,'D-4','PREMIUM','0');
Insert into CGV_DB.SEAT (SCREEN_ID,SEAT_CODE,SEAT_GRADE,SEAT_CATEGORY) values (1009,'D-5','PREMIUM','0');
Insert into CGV_DB.SEAT (SCREEN_ID,SEAT_CODE,SEAT_GRADE,SEAT_CATEGORY) values (1010,'A-1','GOLD','0');
Insert into CGV_DB.SEAT (SCREEN_ID,SEAT_CODE,SEAT_GRADE,SEAT_CATEGORY) values (1010,'A-2','GOLD','0');
Insert into CGV_DB.SEAT (SCREEN_ID,SEAT_CODE,SEAT_GRADE,SEAT_CATEGORY) values (1010,'A-3','GOLD','0');
Insert into CGV_DB.SEAT (SCREEN_ID,SEAT_CODE,SEAT_GRADE,SEAT_CATEGORY) values (1010,'B-1','GOLD','0');
Insert into CGV_DB.SEAT (SCREEN_ID,SEAT_CODE,SEAT_GRADE,SEAT_CATEGORY) values (1010,'B-2','GOLD','0');
Insert into CGV_DB.SEAT (SCREEN_ID,SEAT_CODE,SEAT_GRADE,SEAT_CATEGORY) values (1010,'B-3','GOLD','0');
Insert into CGV_DB.SEAT (SCREEN_ID,SEAT_CODE,SEAT_GRADE,SEAT_CATEGORY) values (1010,'F-1','GOLD','0');
Insert into CGV_DB.SEAT (SCREEN_ID,SEAT_CODE,SEAT_GRADE,SEAT_CATEGORY) values (1010,'F-2','GOLD','0');
Insert into CGV_DB.SEAT (SCREEN_ID,SEAT_CODE,SEAT_GRADE,SEAT_CATEGORY) values (1010,'F-3','GOLD','0');
Insert into CGV_DB.SEAT (SCREEN_ID,SEAT_CODE,SEAT_GRADE,SEAT_CATEGORY) values (1011,'A-1','MOTION','0');
Insert into CGV_DB.SEAT (SCREEN_ID,SEAT_CODE,SEAT_GRADE,SEAT_CATEGORY) values (1011,'A-2','MOTION','0');
Insert into CGV_DB.SEAT (SCREEN_ID,SEAT_CODE,SEAT_GRADE,SEAT_CATEGORY) values (1011,'A-3','MOTION','0');
Insert into CGV_DB.SEAT (SCREEN_ID,SEAT_CODE,SEAT_GRADE,SEAT_CATEGORY) values (1011,'B-1','MOTION','0');
Insert into CGV_DB.SEAT (SCREEN_ID,SEAT_CODE,SEAT_GRADE,SEAT_CATEGORY) values (1011,'B-2','MOTION','0');
Insert into CGV_DB.SEAT (SCREEN_ID,SEAT_CODE,SEAT_GRADE,SEAT_CATEGORY) values (1011,'B-3','MOTION','0');
Insert into CGV_DB.SEAT (SCREEN_ID,SEAT_CODE,SEAT_GRADE,SEAT_CATEGORY) values (1011,'C-1','MOTION','0');
Insert into CGV_DB.SEAT (SCREEN_ID,SEAT_CODE,SEAT_GRADE,SEAT_CATEGORY) values (1011,'C-2','MOTION','0');
Insert into CGV_DB.SEAT (SCREEN_ID,SEAT_CODE,SEAT_GRADE,SEAT_CATEGORY) values (1011,'C-3','MOTION','0');
REM INSERTING into CGV_DB.SEAT_RS
SET DEFINE OFF;
Insert into CGV_DB.SEAT_RS (SHOW_ID,SEAT_CODE,SEAT_RS_ID,MVRS_ID,SCREEN_ID) values (10040,'D-2',71,'100071',1002);
Insert into CGV_DB.SEAT_RS (SHOW_ID,SEAT_CODE,SEAT_RS_ID,MVRS_ID,SCREEN_ID) values (10004,'H-1',68,'100070',1002);
Insert into CGV_DB.SEAT_RS (SHOW_ID,SEAT_CODE,SEAT_RS_ID,MVRS_ID,SCREEN_ID) values (10004,'A-1',65,'100068',1002);
Insert into CGV_DB.SEAT_RS (SHOW_ID,SEAT_CODE,SEAT_RS_ID,MVRS_ID,SCREEN_ID) values (10004,'A-2',66,'100069',1002);
Insert into CGV_DB.SEAT_RS (SHOW_ID,SEAT_CODE,SEAT_RS_ID,MVRS_ID,SCREEN_ID) values (10004,'H-2',69,'100070',1002);
Insert into CGV_DB.SEAT_RS (SHOW_ID,SEAT_CODE,SEAT_RS_ID,MVRS_ID,SCREEN_ID) values (10040,'D-1',70,'100071',1002);
Insert into CGV_DB.SEAT_RS (SHOW_ID,SEAT_CODE,SEAT_RS_ID,MVRS_ID,SCREEN_ID) values (10040,'D-3',72,'100071',1002);
Insert into CGV_DB.SEAT_RS (SHOW_ID,SEAT_CODE,SEAT_RS_ID,MVRS_ID,SCREEN_ID) values (10040,'H-1',73,'100072',1002);
Insert into CGV_DB.SEAT_RS (SHOW_ID,SEAT_CODE,SEAT_RS_ID,MVRS_ID,SCREEN_ID) values (10040,'H-2',74,'100072',1002);
Insert into CGV_DB.SEAT_RS (SHOW_ID,SEAT_CODE,SEAT_RS_ID,MVRS_ID,SCREEN_ID) values (10040,'H-3',75,'100072',1002);
Insert into CGV_DB.SEAT_RS (SHOW_ID,SEAT_CODE,SEAT_RS_ID,MVRS_ID,SCREEN_ID) values (10040,'A-1',76,'100073',1002);
Insert into CGV_DB.SEAT_RS (SHOW_ID,SEAT_CODE,SEAT_RS_ID,MVRS_ID,SCREEN_ID) values (10040,'A-2',77,'100073',1002);
Insert into CGV_DB.SEAT_RS (SHOW_ID,SEAT_CODE,SEAT_RS_ID,MVRS_ID,SCREEN_ID) values (10040,'A-3',78,'100073',1002);
Insert into CGV_DB.SEAT_RS (SHOW_ID,SEAT_CODE,SEAT_RS_ID,MVRS_ID,SCREEN_ID) values (10004,'A-3',79,'100074',1002);
REM INSERTING into CGV_DB.SHOW
SET DEFINE OFF;
Insert into CGV_DB.SHOW (SHOW_ID,SCREEN_ID,MOVIE_ID,END_TIME,START_TIME) values (10000,1000,1,to_date('23/09/14','RR/MM/DD'),to_date('23/09/14','RR/MM/DD'));
Insert into CGV_DB.SHOW (SHOW_ID,SCREEN_ID,MOVIE_ID,END_TIME,START_TIME) values (10001,1000,5,to_date('23/09/14','RR/MM/DD'),to_date('23/09/14','RR/MM/DD'));
Insert into CGV_DB.SHOW (SHOW_ID,SCREEN_ID,MOVIE_ID,END_TIME,START_TIME) values (10002,1001,3,to_date('23/09/14','RR/MM/DD'),to_date('23/09/14','RR/MM/DD'));
Insert into CGV_DB.SHOW (SHOW_ID,SCREEN_ID,MOVIE_ID,END_TIME,START_TIME) values (10003,1001,4,to_date('23/09/14','RR/MM/DD'),to_date('23/09/14','RR/MM/DD'));
Insert into CGV_DB.SHOW (SHOW_ID,SCREEN_ID,MOVIE_ID,END_TIME,START_TIME) values (10004,1002,1,to_date('23/09/14','RR/MM/DD'),to_date('23/09/14','RR/MM/DD'));
Insert into CGV_DB.SHOW (SHOW_ID,SCREEN_ID,MOVIE_ID,END_TIME,START_TIME) values (10005,1002,7,to_date('23/09/14','RR/MM/DD'),to_date('23/09/14','RR/MM/DD'));
Insert into CGV_DB.SHOW (SHOW_ID,SCREEN_ID,MOVIE_ID,END_TIME,START_TIME) values (10006,1003,5,to_date('23/09/14','RR/MM/DD'),to_date('23/09/14','RR/MM/DD'));
Insert into CGV_DB.SHOW (SHOW_ID,SCREEN_ID,MOVIE_ID,END_TIME,START_TIME) values (10007,1003,8,to_date('23/09/14','RR/MM/DD'),to_date('23/09/14','RR/MM/DD'));
Insert into CGV_DB.SHOW (SHOW_ID,SCREEN_ID,MOVIE_ID,END_TIME,START_TIME) values (10008,1004,2,to_date('23/09/15','RR/MM/DD'),to_date('23/09/14','RR/MM/DD'));
Insert into CGV_DB.SHOW (SHOW_ID,SCREEN_ID,MOVIE_ID,END_TIME,START_TIME) values (10009,1004,4,to_date('23/09/14','RR/MM/DD'),to_date('23/09/14','RR/MM/DD'));
Insert into CGV_DB.SHOW (SHOW_ID,SCREEN_ID,MOVIE_ID,END_TIME,START_TIME) values (10010,1005,1,to_date('23/09/14','RR/MM/DD'),to_date('23/09/14','RR/MM/DD'));
Insert into CGV_DB.SHOW (SHOW_ID,SCREEN_ID,MOVIE_ID,END_TIME,START_TIME) values (10011,1005,9,to_date('23/09/15','RR/MM/DD'),to_date('23/09/14','RR/MM/DD'));
Insert into CGV_DB.SHOW (SHOW_ID,SCREEN_ID,MOVIE_ID,END_TIME,START_TIME) values (10012,1006,13,to_date('23/09/14','RR/MM/DD'),to_date('23/09/14','RR/MM/DD'));
Insert into CGV_DB.SHOW (SHOW_ID,SCREEN_ID,MOVIE_ID,END_TIME,START_TIME) values (10013,1006,6,to_date('23/09/14','RR/MM/DD'),to_date('23/09/14','RR/MM/DD'));
Insert into CGV_DB.SHOW (SHOW_ID,SCREEN_ID,MOVIE_ID,END_TIME,START_TIME) values (10014,1007,15,to_date('23/09/14','RR/MM/DD'),to_date('23/09/14','RR/MM/DD'));
Insert into CGV_DB.SHOW (SHOW_ID,SCREEN_ID,MOVIE_ID,END_TIME,START_TIME) values (10015,1007,4,to_date('23/09/14','RR/MM/DD'),to_date('23/09/14','RR/MM/DD'));
Insert into CGV_DB.SHOW (SHOW_ID,SCREEN_ID,MOVIE_ID,END_TIME,START_TIME) values (10016,1008,3,to_date('23/09/14','RR/MM/DD'),to_date('23/09/14','RR/MM/DD'));
Insert into CGV_DB.SHOW (SHOW_ID,SCREEN_ID,MOVIE_ID,END_TIME,START_TIME) values (10017,1008,6,to_date('23/09/14','RR/MM/DD'),to_date('23/09/14','RR/MM/DD'));
Insert into CGV_DB.SHOW (SHOW_ID,SCREEN_ID,MOVIE_ID,END_TIME,START_TIME) values (10018,1009,8,to_date('23/09/14','RR/MM/DD'),to_date('23/09/14','RR/MM/DD'));
Insert into CGV_DB.SHOW (SHOW_ID,SCREEN_ID,MOVIE_ID,END_TIME,START_TIME) values (10019,1009,2,to_date('23/09/14','RR/MM/DD'),to_date('23/09/14','RR/MM/DD'));
Insert into CGV_DB.SHOW (SHOW_ID,SCREEN_ID,MOVIE_ID,END_TIME,START_TIME) values (10020,1010,8,to_date('23/09/14','RR/MM/DD'),to_date('23/09/14','RR/MM/DD'));
Insert into CGV_DB.SHOW (SHOW_ID,SCREEN_ID,MOVIE_ID,END_TIME,START_TIME) values (10021,1010,11,to_date('23/09/14','RR/MM/DD'),to_date('23/09/14','RR/MM/DD'));
Insert into CGV_DB.SHOW (SHOW_ID,SCREEN_ID,MOVIE_ID,END_TIME,START_TIME) values (10022,1011,10,to_date('23/09/14','RR/MM/DD'),to_date('23/09/14','RR/MM/DD'));
Insert into CGV_DB.SHOW (SHOW_ID,SCREEN_ID,MOVIE_ID,END_TIME,START_TIME) values (10023,1011,14,to_date('23/09/14','RR/MM/DD'),to_date('23/09/14','RR/MM/DD'));
Insert into CGV_DB.SHOW (SHOW_ID,SCREEN_ID,MOVIE_ID,END_TIME,START_TIME) values (10025,1009,8,to_date('23/09/15','RR/MM/DD'),to_date('23/09/15','RR/MM/DD'));
Insert into CGV_DB.SHOW (SHOW_ID,SCREEN_ID,MOVIE_ID,END_TIME,START_TIME) values (10026,1008,3,to_date('23/09/15','RR/MM/DD'),to_date('23/09/15','RR/MM/DD'));
Insert into CGV_DB.SHOW (SHOW_ID,SCREEN_ID,MOVIE_ID,END_TIME,START_TIME) values (10027,1003,15,to_date('23/09/15','RR/MM/DD'),to_date('23/09/15','RR/MM/DD'));
Insert into CGV_DB.SHOW (SHOW_ID,SCREEN_ID,MOVIE_ID,END_TIME,START_TIME) values (10028,1005,3,to_date('23/09/15','RR/MM/DD'),to_date('23/09/15','RR/MM/DD'));
Insert into CGV_DB.SHOW (SHOW_ID,SCREEN_ID,MOVIE_ID,END_TIME,START_TIME) values (10029,1007,13,to_date('23/09/15','RR/MM/DD'),to_date('23/09/15','RR/MM/DD'));
Insert into CGV_DB.SHOW (SHOW_ID,SCREEN_ID,MOVIE_ID,END_TIME,START_TIME) values (10030,1002,3,to_date('23/09/15','RR/MM/DD'),to_date('23/09/15','RR/MM/DD'));
Insert into CGV_DB.SHOW (SHOW_ID,SCREEN_ID,MOVIE_ID,END_TIME,START_TIME) values (10031,1011,2,to_date('23/09/15','RR/MM/DD'),to_date('23/09/15','RR/MM/DD'));
Insert into CGV_DB.SHOW (SHOW_ID,SCREEN_ID,MOVIE_ID,END_TIME,START_TIME) values (10032,1002,11,to_date('23/09/15','RR/MM/DD'),to_date('23/09/15','RR/MM/DD'));
Insert into CGV_DB.SHOW (SHOW_ID,SCREEN_ID,MOVIE_ID,END_TIME,START_TIME) values (10033,1001,16,to_date('23/09/15','RR/MM/DD'),to_date('23/09/15','RR/MM/DD'));
Insert into CGV_DB.SHOW (SHOW_ID,SCREEN_ID,MOVIE_ID,END_TIME,START_TIME) values (10034,1000,8,to_date('23/09/15','RR/MM/DD'),to_date('23/09/15','RR/MM/DD'));
Insert into CGV_DB.SHOW (SHOW_ID,SCREEN_ID,MOVIE_ID,END_TIME,START_TIME) values (10035,1000,1,to_date('23/09/15','RR/MM/DD'),to_date('23/09/15','RR/MM/DD'));
Insert into CGV_DB.SHOW (SHOW_ID,SCREEN_ID,MOVIE_ID,END_TIME,START_TIME) values (10036,1000,2,to_date('23/09/15','RR/MM/DD'),to_date('23/09/15','RR/MM/DD'));
Insert into CGV_DB.SHOW (SHOW_ID,SCREEN_ID,MOVIE_ID,END_TIME,START_TIME) values (10037,1001,5,to_date('23/09/15','RR/MM/DD'),to_date('23/09/15','RR/MM/DD'));
Insert into CGV_DB.SHOW (SHOW_ID,SCREEN_ID,MOVIE_ID,END_TIME,START_TIME) values (10038,1003,7,to_date('23/09/15','RR/MM/DD'),to_date('23/09/15','RR/MM/DD'));
Insert into CGV_DB.SHOW (SHOW_ID,SCREEN_ID,MOVIE_ID,END_TIME,START_TIME) values (10039,1003,17,to_date('23/09/15','RR/MM/DD'),to_date('23/09/15','RR/MM/DD'));
Insert into CGV_DB.SHOW (SHOW_ID,SCREEN_ID,MOVIE_ID,END_TIME,START_TIME) values (10040,1002,16,to_date('23/09/16','RR/MM/DD'),to_date('23/09/15','RR/MM/DD'));
Insert into CGV_DB.SHOW (SHOW_ID,SCREEN_ID,MOVIE_ID,END_TIME,START_TIME) values (10041,1003,6,to_date('23/09/15','RR/MM/DD'),to_date('23/09/15','RR/MM/DD'));
Insert into CGV_DB.SHOW (SHOW_ID,SCREEN_ID,MOVIE_ID,END_TIME,START_TIME) values (10042,1002,19,to_date('23/09/15','RR/MM/DD'),to_date('23/09/15','RR/MM/DD'));
Insert into CGV_DB.SHOW (SHOW_ID,SCREEN_ID,MOVIE_ID,END_TIME,START_TIME) values (10043,1001,1,to_date('23/09/16','RR/MM/DD'),to_date('23/09/15','RR/MM/DD'));
Insert into CGV_DB.SHOW (SHOW_ID,SCREEN_ID,MOVIE_ID,END_TIME,START_TIME) values (10044,1002,6,to_date('23/09/15','RR/MM/DD'),to_date('23/09/15','RR/MM/DD'));
Insert into CGV_DB.SHOW (SHOW_ID,SCREEN_ID,MOVIE_ID,END_TIME,START_TIME) values (10045,1003,14,to_date('23/09/15','RR/MM/DD'),to_date('23/09/15','RR/MM/DD'));
Insert into CGV_DB.SHOW (SHOW_ID,SCREEN_ID,MOVIE_ID,END_TIME,START_TIME) values (10046,1003,13,to_date('23/09/15','RR/MM/DD'),to_date('23/09/15','RR/MM/DD'));
Insert into CGV_DB.SHOW (SHOW_ID,SCREEN_ID,MOVIE_ID,END_TIME,START_TIME) values (10047,1002,7,to_date('23/09/15','RR/MM/DD'),to_date('23/09/15','RR/MM/DD'));
Insert into CGV_DB.SHOW (SHOW_ID,SCREEN_ID,MOVIE_ID,END_TIME,START_TIME) values (10048,1001,2,to_date('23/09/17','RR/MM/DD'),to_date('23/09/16','RR/MM/DD'));
Insert into CGV_DB.SHOW (SHOW_ID,SCREEN_ID,MOVIE_ID,END_TIME,START_TIME) values (10049,1001,1,to_date('23/09/16','RR/MM/DD'),to_date('23/09/16','RR/MM/DD'));
Insert into CGV_DB.SHOW (SHOW_ID,SCREEN_ID,MOVIE_ID,END_TIME,START_TIME) values (10050,1000,13,to_date('23/09/16','RR/MM/DD'),to_date('23/09/16','RR/MM/DD'));
Insert into CGV_DB.SHOW (SHOW_ID,SCREEN_ID,MOVIE_ID,END_TIME,START_TIME) values (10051,1001,17,to_date('23/09/16','RR/MM/DD'),to_date('23/09/16','RR/MM/DD'));
Insert into CGV_DB.SHOW (SHOW_ID,SCREEN_ID,MOVIE_ID,END_TIME,START_TIME) values (10052,1003,15,to_date('23/09/16','RR/MM/DD'),to_date('23/09/16','RR/MM/DD'));
Insert into CGV_DB.SHOW (SHOW_ID,SCREEN_ID,MOVIE_ID,END_TIME,START_TIME) values (10053,1002,3,to_date('23/09/16','RR/MM/DD'),to_date('23/09/16','RR/MM/DD'));
Insert into CGV_DB.SHOW (SHOW_ID,SCREEN_ID,MOVIE_ID,END_TIME,START_TIME) values (10054,1002,14,to_date('23/09/16','RR/MM/DD'),to_date('23/09/16','RR/MM/DD'));
Insert into CGV_DB.SHOW (SHOW_ID,SCREEN_ID,MOVIE_ID,END_TIME,START_TIME) values (10055,1003,4,to_date('23/09/16','RR/MM/DD'),to_date('23/09/16','RR/MM/DD'));
Insert into CGV_DB.SHOW (SHOW_ID,SCREEN_ID,MOVIE_ID,END_TIME,START_TIME) values (10056,1000,19,to_date('23/09/16','RR/MM/DD'),to_date('23/09/16','RR/MM/DD'));
Insert into CGV_DB.SHOW (SHOW_ID,SCREEN_ID,MOVIE_ID,END_TIME,START_TIME) values (10057,1000,3,to_date('23/09/16','RR/MM/DD'),to_date('23/09/16','RR/MM/DD'));
Insert into CGV_DB.SHOW (SHOW_ID,SCREEN_ID,MOVIE_ID,END_TIME,START_TIME) values (10058,1004,4,to_date('23/09/16','RR/MM/DD'),to_date('23/09/16','RR/MM/DD'));
Insert into CGV_DB.SHOW (SHOW_ID,SCREEN_ID,MOVIE_ID,END_TIME,START_TIME) values (10059,1002,13,to_date('23/09/16','RR/MM/DD'),to_date('23/09/16','RR/MM/DD'));
Insert into CGV_DB.SHOW (SHOW_ID,SCREEN_ID,MOVIE_ID,END_TIME,START_TIME) values (10060,1002,7,to_date('23/09/15','RR/MM/DD'),to_date('23/09/15','RR/MM/DD'));
Insert into CGV_DB.SHOW (SHOW_ID,SCREEN_ID,MOVIE_ID,END_TIME,START_TIME) values (10061,1002,14,to_date('23/09/15','RR/MM/DD'),to_date('23/09/15','RR/MM/DD'));
Insert into CGV_DB.SHOW (SHOW_ID,SCREEN_ID,MOVIE_ID,END_TIME,START_TIME) values (10062,1003,18,to_date('23/09/15','RR/MM/DD'),to_date('23/09/15','RR/MM/DD'));
Insert into CGV_DB.SHOW (SHOW_ID,SCREEN_ID,MOVIE_ID,END_TIME,START_TIME) values (10063,1003,2,to_date('23/09/15','RR/MM/DD'),to_date('23/09/15','RR/MM/DD'));
Insert into CGV_DB.SHOW (SHOW_ID,SCREEN_ID,MOVIE_ID,END_TIME,START_TIME) values (10064,1002,6,to_date('23/09/15','RR/MM/DD'),to_date('23/09/15','RR/MM/DD'));
Insert into CGV_DB.SHOW (SHOW_ID,SCREEN_ID,MOVIE_ID,END_TIME,START_TIME) values (10065,1004,18,to_date('23/09/15','RR/MM/DD'),to_date('23/09/15','RR/MM/DD'));
Insert into CGV_DB.SHOW (SHOW_ID,SCREEN_ID,MOVIE_ID,END_TIME,START_TIME) values (10066,1000,17,to_date('23/09/15','RR/MM/DD'),to_date('23/09/15','RR/MM/DD'));
Insert into CGV_DB.SHOW (SHOW_ID,SCREEN_ID,MOVIE_ID,END_TIME,START_TIME) values (10067,1004,2,to_date('23/09/15','RR/MM/DD'),to_date('23/09/15','RR/MM/DD'));
Insert into CGV_DB.SHOW (SHOW_ID,SCREEN_ID,MOVIE_ID,END_TIME,START_TIME) values (10068,1003,16,to_date('23/09/16','RR/MM/DD'),to_date('23/09/16','RR/MM/DD'));
Insert into CGV_DB.SHOW (SHOW_ID,SCREEN_ID,MOVIE_ID,END_TIME,START_TIME) values (10069,1002,5,to_date('23/09/16','RR/MM/DD'),to_date('23/09/16','RR/MM/DD'));
Insert into CGV_DB.SHOW (SHOW_ID,SCREEN_ID,MOVIE_ID,END_TIME,START_TIME) values (10070,1004,12,to_date('23/09/16','RR/MM/DD'),to_date('23/09/16','RR/MM/DD'));
Insert into CGV_DB.SHOW (SHOW_ID,SCREEN_ID,MOVIE_ID,END_TIME,START_TIME) values (10071,1002,17,to_date('23/09/16','RR/MM/DD'),to_date('23/09/16','RR/MM/DD'));
REM INSERTING into CGV_DB.STORE
SET DEFINE OFF;
Insert into CGV_DB.STORE (STORE_ID,S_PRICE,ST_DISC_RATE,S_DATE,S_TITLE,S_CATEGORY) values (21,10000,0,to_date('23/09/18','RR/MM/DD'),'파코니야 여름을부탁해','기프트카드');
Insert into CGV_DB.STORE (STORE_ID,S_PRICE,ST_DISC_RATE,S_DATE,S_TITLE,S_CATEGORY) values (22,20000,0,to_date('23/09/18','RR/MM/DD'),'파코니야 여름을부탁해','기프트카드');
Insert into CGV_DB.STORE (STORE_ID,S_PRICE,ST_DISC_RATE,S_DATE,S_TITLE,S_CATEGORY) values (23,30000,0,to_date('23/09/18','RR/MM/DD'),'파코니야 여름을부탁해','기프트카드');
Insert into CGV_DB.STORE (STORE_ID,S_PRICE,ST_DISC_RATE,S_DATE,S_TITLE,S_CATEGORY) values (24,50000,0,to_date('23/09/18','RR/MM/DD'),'파코니야 여름을부탁해','기프트카드');
Insert into CGV_DB.STORE (STORE_ID,S_PRICE,ST_DISC_RATE,S_DATE,S_TITLE,S_CATEGORY) values (25,70000,0,to_date('23/09/18','RR/MM/DD'),'파코니야 여름을부탁해','기프트카드');
Insert into CGV_DB.STORE (STORE_ID,S_PRICE,ST_DISC_RATE,S_DATE,S_TITLE,S_CATEGORY) values (26,100000,0,to_date('23/09/18','RR/MM/DD'),'파코니야 여름을부탁해','기프트카드');
Insert into CGV_DB.STORE (STORE_ID,S_PRICE,ST_DISC_RATE,S_DATE,S_TITLE,S_CATEGORY) values (27,10000,0,to_date('23/09/18','RR/MM/DD'),'파코니야 여름을부탁해','기프트카드');
Insert into CGV_DB.STORE (STORE_ID,S_PRICE,ST_DISC_RATE,S_DATE,S_TITLE,S_CATEGORY) values (28,20000,0,to_date('23/09/18','RR/MM/DD'),'파코니야 여름을부탁해','기프트카드');
Insert into CGV_DB.STORE (STORE_ID,S_PRICE,ST_DISC_RATE,S_DATE,S_TITLE,S_CATEGORY) values (29,30000,0,to_date('23/09/18','RR/MM/DD'),'파코니야 여름을부탁해','기프트카드');
Insert into CGV_DB.STORE (STORE_ID,S_PRICE,ST_DISC_RATE,S_DATE,S_TITLE,S_CATEGORY) values (30,50000,0,to_date('23/09/18','RR/MM/DD'),'파코니야 여름을부탁해','기프트카드');
Insert into CGV_DB.STORE (STORE_ID,S_PRICE,ST_DISC_RATE,S_DATE,S_TITLE,S_CATEGORY) values (31,70000,0,to_date('23/09/18','RR/MM/DD'),'파코니야 여름을부탁해','기프트카드');
Insert into CGV_DB.STORE (STORE_ID,S_PRICE,ST_DISC_RATE,S_DATE,S_TITLE,S_CATEGORY) values (32,100000,0,to_date('23/09/18','RR/MM/DD'),'파코니야 여름을부탁해','기프트카드');
Insert into CGV_DB.STORE (STORE_ID,S_PRICE,ST_DISC_RATE,S_DATE,S_TITLE,S_CATEGORY) values (33,10000,0,to_date('23/09/18','RR/MM/DD'),'파코니의 썸머파티','기프트카드');
Insert into CGV_DB.STORE (STORE_ID,S_PRICE,ST_DISC_RATE,S_DATE,S_TITLE,S_CATEGORY) values (34,20000,0,to_date('23/09/18','RR/MM/DD'),'파코니의 썸머파티','기프트카드');
Insert into CGV_DB.STORE (STORE_ID,S_PRICE,ST_DISC_RATE,S_DATE,S_TITLE,S_CATEGORY) values (35,30000,0,to_date('23/09/18','RR/MM/DD'),'파코니의 썸머파티','기프트카드');
Insert into CGV_DB.STORE (STORE_ID,S_PRICE,ST_DISC_RATE,S_DATE,S_TITLE,S_CATEGORY) values (36,50000,0,to_date('23/09/18','RR/MM/DD'),'파코니의 썸머파티','기프트카드');
Insert into CGV_DB.STORE (STORE_ID,S_PRICE,ST_DISC_RATE,S_DATE,S_TITLE,S_CATEGORY) values (37,70000,0,to_date('23/09/18','RR/MM/DD'),'파코니의 썸머파티','기프트카드');
Insert into CGV_DB.STORE (STORE_ID,S_PRICE,ST_DISC_RATE,S_DATE,S_TITLE,S_CATEGORY) values (38,100000,0,to_date('23/09/18','RR/MM/DD'),'파코니의 썸머파티','기프트카드');
Insert into CGV_DB.STORE (STORE_ID,S_PRICE,ST_DISC_RATE,S_DATE,S_TITLE,S_CATEGORY) values (39,10000,0,to_date('23/09/18','RR/MM/DD'),'PACONNIE A형','기프트카드');
Insert into CGV_DB.STORE (STORE_ID,S_PRICE,ST_DISC_RATE,S_DATE,S_TITLE,S_CATEGORY) values (40,20000,0,to_date('23/09/18','RR/MM/DD'),'PACONNIE A형','기프트카드');
Insert into CGV_DB.STORE (STORE_ID,S_PRICE,ST_DISC_RATE,S_DATE,S_TITLE,S_CATEGORY) values (41,30000,0,to_date('23/09/18','RR/MM/DD'),'PACONNIE A형','기프트카드');
Insert into CGV_DB.STORE (STORE_ID,S_PRICE,ST_DISC_RATE,S_DATE,S_TITLE,S_CATEGORY) values (42,50000,0,to_date('23/09/18','RR/MM/DD'),'PACONNIE A형','기프트카드');
Insert into CGV_DB.STORE (STORE_ID,S_PRICE,ST_DISC_RATE,S_DATE,S_TITLE,S_CATEGORY) values (43,70000,0,to_date('23/09/18','RR/MM/DD'),'PACONNIE A형','기프트카드');
Insert into CGV_DB.STORE (STORE_ID,S_PRICE,ST_DISC_RATE,S_DATE,S_TITLE,S_CATEGORY) values (44,100000,0,to_date('23/09/18','RR/MM/DD'),'PACONNIE A형','기프트카드');
Insert into CGV_DB.STORE (STORE_ID,S_PRICE,ST_DISC_RATE,S_DATE,S_TITLE,S_CATEGORY) values (45,10000,0,to_date('23/09/18','RR/MM/DD'),'PACONNIE B형','기프트카드');
Insert into CGV_DB.STORE (STORE_ID,S_PRICE,ST_DISC_RATE,S_DATE,S_TITLE,S_CATEGORY) values (46,20000,0,to_date('23/09/18','RR/MM/DD'),'PACONNIE B형','기프트카드');
Insert into CGV_DB.STORE (STORE_ID,S_PRICE,ST_DISC_RATE,S_DATE,S_TITLE,S_CATEGORY) values (47,30000,0,to_date('23/09/18','RR/MM/DD'),'PACONNIE B형','기프트카드');
Insert into CGV_DB.STORE (STORE_ID,S_PRICE,ST_DISC_RATE,S_DATE,S_TITLE,S_CATEGORY) values (48,50000,0,to_date('23/09/18','RR/MM/DD'),'PACONNIE B형','기프트카드');
Insert into CGV_DB.STORE (STORE_ID,S_PRICE,ST_DISC_RATE,S_DATE,S_TITLE,S_CATEGORY) values (49,70000,0,to_date('23/09/18','RR/MM/DD'),'PACONNIE B형','기프트카드');
Insert into CGV_DB.STORE (STORE_ID,S_PRICE,ST_DISC_RATE,S_DATE,S_TITLE,S_CATEGORY) values (50,100000,0,to_date('23/09/18','RR/MM/DD'),'PACONNIE B형','기프트카드');
Insert into CGV_DB.STORE (STORE_ID,S_PRICE,ST_DISC_RATE,S_DATE,S_TITLE,S_CATEGORY) values (51,10000,0,to_date('23/09/18','RR/MM/DD'),'PACONNIE C형','기프트카드');
Insert into CGV_DB.STORE (STORE_ID,S_PRICE,ST_DISC_RATE,S_DATE,S_TITLE,S_CATEGORY) values (52,20000,0,to_date('23/09/18','RR/MM/DD'),'PACONNIE C형','기프트카드');
Insert into CGV_DB.STORE (STORE_ID,S_PRICE,ST_DISC_RATE,S_DATE,S_TITLE,S_CATEGORY) values (53,30000,0,to_date('23/09/18','RR/MM/DD'),'PACONNIE C형','기프트카드');
Insert into CGV_DB.STORE (STORE_ID,S_PRICE,ST_DISC_RATE,S_DATE,S_TITLE,S_CATEGORY) values (54,50000,0,to_date('23/09/18','RR/MM/DD'),'PACONNIE C형','기프트카드');
Insert into CGV_DB.STORE (STORE_ID,S_PRICE,ST_DISC_RATE,S_DATE,S_TITLE,S_CATEGORY) values (55,70000,0,to_date('23/09/18','RR/MM/DD'),'PACONNIE C형','기프트카드');
Insert into CGV_DB.STORE (STORE_ID,S_PRICE,ST_DISC_RATE,S_DATE,S_TITLE,S_CATEGORY) values (56,100000,0,to_date('23/09/18','RR/MM/DD'),'PACONNIE C형','기프트카드');
Insert into CGV_DB.STORE (STORE_ID,S_PRICE,ST_DISC_RATE,S_DATE,S_TITLE,S_CATEGORY) values (57,13000,0,to_date('23/09/18','RR/MM/DD'),'더블콤보','콤보');
Insert into CGV_DB.STORE (STORE_ID,S_PRICE,ST_DISC_RATE,S_DATE,S_TITLE,S_CATEGORY) values (58,15000,0,to_date('23/09/18','RR/MM/DD'),'라지콤보','콤보');
Insert into CGV_DB.STORE (STORE_ID,S_PRICE,ST_DISC_RATE,S_DATE,S_TITLE,S_CATEGORY) values (59,7000,0,to_date('23/09/18','RR/MM/DD'),'스몰세트','콤보');
Insert into CGV_DB.STORE (STORE_ID,S_PRICE,ST_DISC_RATE,S_DATE,S_TITLE,S_CATEGORY) values (60,10000,0,to_date('23/09/18','RR/MM/DD'),'라지세트','콤보');
Insert into CGV_DB.STORE (STORE_ID,S_PRICE,ST_DISC_RATE,S_DATE,S_TITLE,S_CATEGORY) values (61,6000,0,to_date('23/09/18','RR/MM/DD'),'더블치즈팝콘(M)','팝콘');
Insert into CGV_DB.STORE (STORE_ID,S_PRICE,ST_DISC_RATE,S_DATE,S_TITLE,S_CATEGORY) values (62,6000,0,to_date('23/09/18','RR/MM/DD'),'바질어니언팝콘(M)','팝콘');
Insert into CGV_DB.STORE (STORE_ID,S_PRICE,ST_DISC_RATE,S_DATE,S_TITLE,S_CATEGORY) values (63,6000,0,to_date('23/09/18','RR/MM/DD'),'달콤팝콘(M)','팝콘');
Insert into CGV_DB.STORE (STORE_ID,S_PRICE,ST_DISC_RATE,S_DATE,S_TITLE,S_CATEGORY) values (64,5000,0,to_date('23/09/18','RR/MM/DD'),'고소팝콘(M)','팝콘');
Insert into CGV_DB.STORE (STORE_ID,S_PRICE,ST_DISC_RATE,S_DATE,S_TITLE,S_CATEGORY) values (65,6500,0,to_date('23/09/18','RR/MM/DD'),'더블치즈팝콘(L)','팝콘');
Insert into CGV_DB.STORE (STORE_ID,S_PRICE,ST_DISC_RATE,S_DATE,S_TITLE,S_CATEGORY) values (66,6500,0,to_date('23/09/18','RR/MM/DD'),'바질어니언팝콘(L)','팝콘');
Insert into CGV_DB.STORE (STORE_ID,S_PRICE,ST_DISC_RATE,S_DATE,S_TITLE,S_CATEGORY) values (67,6500,0,to_date('23/09/18','RR/MM/DD'),'달콤팝콘(L)','팝콘');
Insert into CGV_DB.STORE (STORE_ID,S_PRICE,ST_DISC_RATE,S_DATE,S_TITLE,S_CATEGORY) values (68,5500,0,to_date('23/09/18','RR/MM/DD'),'고소팝콘(L)','팝콘');
Insert into CGV_DB.STORE (STORE_ID,S_PRICE,ST_DISC_RATE,S_DATE,S_TITLE,S_CATEGORY) values (69,4500,0,to_date('23/09/18','RR/MM/DD'),'디카페인 콜드브루','음료');
Insert into CGV_DB.STORE (STORE_ID,S_PRICE,ST_DISC_RATE,S_DATE,S_TITLE,S_CATEGORY) values (70,5000,0,to_date('23/09/18','RR/MM/DD'),'핑크레몬에이드','음료');
Insert into CGV_DB.STORE (STORE_ID,S_PRICE,ST_DISC_RATE,S_DATE,S_TITLE,S_CATEGORY) values (71,5000,0,to_date('23/09/18','RR/MM/DD'),'에이드','음료');
Insert into CGV_DB.STORE (STORE_ID,S_PRICE,ST_DISC_RATE,S_DATE,S_TITLE,S_CATEGORY) values (72,2500,0,to_date('23/09/18','RR/MM/DD'),'탄산음료(M)','음료');
Insert into CGV_DB.STORE (STORE_ID,S_PRICE,ST_DISC_RATE,S_DATE,S_TITLE,S_CATEGORY) values (73,3500,0,to_date('23/09/18','RR/MM/DD'),'아메리카노(HOT)','음료');
Insert into CGV_DB.STORE (STORE_ID,S_PRICE,ST_DISC_RATE,S_DATE,S_TITLE,S_CATEGORY) values (74,4000,0,to_date('23/09/18','RR/MM/DD'),'아메리카노(ICE)','음료');
Insert into CGV_DB.STORE (STORE_ID,S_PRICE,ST_DISC_RATE,S_DATE,S_TITLE,S_CATEGORY) values (75,3000,0,to_date('23/09/18','RR/MM/DD'),'탄산음료(L)','음료');
Insert into CGV_DB.STORE (STORE_ID,S_PRICE,ST_DISC_RATE,S_DATE,S_TITLE,S_CATEGORY) values (76,4900,0,to_date('23/09/18','RR/MM/DD'),'칠리치즈나쵸','스낵');
Insert into CGV_DB.STORE (STORE_ID,S_PRICE,ST_DISC_RATE,S_DATE,S_TITLE,S_CATEGORY) values (77,4500,0,to_date('23/09/18','RR/MM/DD'),'플레인핫도그','스낵');
Insert into CGV_DB.STORE (STORE_ID,S_PRICE,ST_DISC_RATE,S_DATE,S_TITLE,S_CATEGORY) values (78,5000,0,to_date('23/09/18','RR/MM/DD'),'칠리치즈핫도그','스낵');
Insert into CGV_DB.STORE (STORE_ID,S_PRICE,ST_DISC_RATE,S_DATE,S_TITLE,S_CATEGORY) values (79,3500,0,to_date('23/09/18','RR/MM/DD'),'맛밤','스낵');
Insert into CGV_DB.STORE (STORE_ID,S_PRICE,ST_DISC_RATE,S_DATE,S_TITLE,S_CATEGORY) values (80,3500,0,to_date('23/09/18','RR/MM/DD'),'오징어(완제품)','스낵');
Insert into CGV_DB.STORE (STORE_ID,S_PRICE,ST_DISC_RATE,S_DATE,S_TITLE,S_CATEGORY) values (81,10000,0,to_date('23/09/18','RR/MM/DD'),'[영등포전용] 롤롤 라면팩','플레이존');
Insert into CGV_DB.STORE (STORE_ID,S_PRICE,ST_DISC_RATE,S_DATE,S_TITLE,S_CATEGORY) values (82,11000,0,to_date('23/09/18','RR/MM/DD'),'[대전전용] 롤롤 라면팩','플레이존');
Insert into CGV_DB.STORE (STORE_ID,S_PRICE,ST_DISC_RATE,S_DATE,S_TITLE,S_CATEGORY) values (83,4000,0,to_date('23/09/18','RR/MM/DD'),'롤롤 1시간 이용권','플레이존');
Insert into CGV_DB.STORE (STORE_ID,S_PRICE,ST_DISC_RATE,S_DATE,S_TITLE,S_CATEGORY) values (1,65000,4000,to_date('23/09/18','RR/MM/DD'),'우리패키지','패키지');
Insert into CGV_DB.STORE (STORE_ID,S_PRICE,ST_DISC_RATE,S_DATE,S_TITLE,S_CATEGORY) values (2,36000,2000,to_date('23/09/18','RR/MM/DD'),'나랑 너 패키지','패키지');
Insert into CGV_DB.STORE (STORE_ID,S_PRICE,ST_DISC_RATE,S_DATE,S_TITLE,S_CATEGORY) values (3,20000,2000,to_date('23/09/18','RR/MM/DD'),'좋은 날 패키지','패키지');
Insert into CGV_DB.STORE (STORE_ID,S_PRICE,ST_DISC_RATE,S_DATE,S_TITLE,S_CATEGORY) values (4,40000,0,to_date('23/09/18','RR/MM/DD'),'CGV 골드클래스','영화관람권');
Insert into CGV_DB.STORE (STORE_ID,S_PRICE,ST_DISC_RATE,S_DATE,S_TITLE,S_CATEGORY) values (5,50000,0,to_date('23/09/18','RR/MM/DD'),' CGV 씨네드쉐프 관람권','영화관람권');
Insert into CGV_DB.STORE (STORE_ID,S_PRICE,ST_DISC_RATE,S_DATE,S_TITLE,S_CATEGORY) values (6,13000,0,to_date('23/09/18','RR/MM/DD'),'CGV 영화관람권','영화관람권');
Insert into CGV_DB.STORE (STORE_ID,S_PRICE,ST_DISC_RATE,S_DATE,S_TITLE,S_CATEGORY) values (7,19000,0,to_date('23/09/18','RR/MM/DD'),'4DX 관람권','영화관람권');
Insert into CGV_DB.STORE (STORE_ID,S_PRICE,ST_DISC_RATE,S_DATE,S_TITLE,S_CATEGORY) values (8,18000,0,to_date('23/09/18','RR/MM/DD'),'IMAX 관람권','영화관람권');
Insert into CGV_DB.STORE (STORE_ID,S_PRICE,ST_DISC_RATE,S_DATE,S_TITLE,S_CATEGORY) values (9,10000,0,to_date('23/09/18','RR/MM/DD'),'CGV바캉스','기프트카드');
Insert into CGV_DB.STORE (STORE_ID,S_PRICE,ST_DISC_RATE,S_DATE,S_TITLE,S_CATEGORY) values (10,20000,0,to_date('23/09/18','RR/MM/DD'),'CGV바캉스','기프트카드');
Insert into CGV_DB.STORE (STORE_ID,S_PRICE,ST_DISC_RATE,S_DATE,S_TITLE,S_CATEGORY) values (11,30000,0,to_date('23/09/18','RR/MM/DD'),'CGV바캉스','기프트카드');
Insert into CGV_DB.STORE (STORE_ID,S_PRICE,ST_DISC_RATE,S_DATE,S_TITLE,S_CATEGORY) values (12,50000,0,to_date('23/09/18','RR/MM/DD'),'CGV바캉스','기프트카드');
Insert into CGV_DB.STORE (STORE_ID,S_PRICE,ST_DISC_RATE,S_DATE,S_TITLE,S_CATEGORY) values (13,70000,0,to_date('23/09/18','RR/MM/DD'),'CGV바캉스','기프트카드');
Insert into CGV_DB.STORE (STORE_ID,S_PRICE,ST_DISC_RATE,S_DATE,S_TITLE,S_CATEGORY) values (14,100000,0,to_date('23/09/18','RR/MM/DD'),'CGV바캉스','기프트카드');
Insert into CGV_DB.STORE (STORE_ID,S_PRICE,ST_DISC_RATE,S_DATE,S_TITLE,S_CATEGORY) values (15,10000,0,to_date('23/09/18','RR/MM/DD'),'감사해바라기','기프트카드');
Insert into CGV_DB.STORE (STORE_ID,S_PRICE,ST_DISC_RATE,S_DATE,S_TITLE,S_CATEGORY) values (16,20000,0,to_date('23/09/18','RR/MM/DD'),'감사해바라기','기프트카드');
Insert into CGV_DB.STORE (STORE_ID,S_PRICE,ST_DISC_RATE,S_DATE,S_TITLE,S_CATEGORY) values (17,30000,0,to_date('23/09/18','RR/MM/DD'),'감사해바라기','기프트카드');
Insert into CGV_DB.STORE (STORE_ID,S_PRICE,ST_DISC_RATE,S_DATE,S_TITLE,S_CATEGORY) values (18,50000,0,to_date('23/09/18','RR/MM/DD'),'감사해바라기','기프트카드');
Insert into CGV_DB.STORE (STORE_ID,S_PRICE,ST_DISC_RATE,S_DATE,S_TITLE,S_CATEGORY) values (19,70000,0,to_date('23/09/18','RR/MM/DD'),'감사해바라기','기프트카드');
Insert into CGV_DB.STORE (STORE_ID,S_PRICE,ST_DISC_RATE,S_DATE,S_TITLE,S_CATEGORY) values (20,100000,0,to_date('23/09/18','RR/MM/DD'),'감사해바라기','기프트카드');
REM INSERTING into CGV_DB.STORE_ORDER
SET DEFINE OFF;
Insert into CGV_DB.STORE_ORDER (ST_ORDER_ID,STORE_ID,USER_ID,ST_CNT,ST_CURR_PRICE,BASKET_ID,ST_STATE) values (15,21,'sjew8545',3,10000,23,'결제완료');
Insert into CGV_DB.STORE_ORDER (ST_ORDER_ID,STORE_ID,USER_ID,ST_CNT,ST_CURR_PRICE,BASKET_ID,ST_STATE) values (13,50,'shysong',1,100000,null,'결제전');
Insert into CGV_DB.STORE_ORDER (ST_ORDER_ID,STORE_ID,USER_ID,ST_CNT,ST_CURR_PRICE,BASKET_ID,ST_STATE) values (14,4,'sjew8545',4,40000,23,'결제완료');
Insert into CGV_DB.STORE_ORDER (ST_ORDER_ID,STORE_ID,USER_ID,ST_CNT,ST_CURR_PRICE,BASKET_ID,ST_STATE) values (16,74,'sjew8545',4,4000,23,'결제완료');
REM INSERTING into CGV_DB.STORE_PAYMENT
SET DEFINE OFF;
Insert into CGV_DB.STORE_PAYMENT (PAY_ID,FINAL_MONEY,ST_POINT,ST_PAY_OPTION,ST_PAY_DATE,ST_PAT_CAL_DATE,RC_NAME,RC_NUMBER,ST_DELIVERY_REQUEST,ST_ORDER_ID) values (3,160000,4800,'카드',to_date('23/09/18','RR/MM/DD'),null,null,null,null,14);
Insert into CGV_DB.STORE_PAYMENT (PAY_ID,FINAL_MONEY,ST_POINT,ST_PAY_OPTION,ST_PAY_DATE,ST_PAT_CAL_DATE,RC_NAME,RC_NUMBER,ST_DELIVERY_REQUEST,ST_ORDER_ID) values (3,30000,900,'카드',to_date('23/09/18','RR/MM/DD'),null,null,null,null,15);
Insert into CGV_DB.STORE_PAYMENT (PAY_ID,FINAL_MONEY,ST_POINT,ST_PAY_OPTION,ST_PAY_DATE,ST_PAT_CAL_DATE,RC_NAME,RC_NUMBER,ST_DELIVERY_REQUEST,ST_ORDER_ID) values (3,16000,480,'카드',to_date('23/09/18','RR/MM/DD'),null,null,null,null,16);
REM INSERTING into CGV_DB.TEMPORARY
SET DEFINE OFF;
REM INSERTING into CGV_DB.THEATER
SET DEFINE OFF;
Insert into CGV_DB.THEATER (THEATER_ID,REGION_ID,TT_NAME,TT_ADR,TT_SC_ALLCNT,TT_SE_ALLCNT,THEATER_SUM) values ('1   ',10,'CGV강남','서울특별시 강남구 역삼동 814-6 스타플렉스, 서울특별시 강남구 강남대로 438 (역삼동)',6,874,null);
Insert into CGV_DB.THEATER (THEATER_ID,REGION_ID,TT_NAME,TT_ADR,TT_SC_ALLCNT,TT_SE_ALLCNT,THEATER_SUM) values ('2   ',10,'CGV강변','서울특별시 광진구 구의동 546-4 테크노마트 10층, 서울특별시 광진구 광나루로56길 85 (구의동)',11,1466,'4WAY 입체음향, 완벽한 디지털 사운드,최고급 의자, 장애인을 위한 전용화장실,전용 입퇴장로, 여성전용 화장실 파우더 룸,24시간 쉼없이 돌아가는 무비 파라다이스');
Insert into CGV_DB.THEATER (THEATER_ID,REGION_ID,TT_NAME,TT_ADR,TT_SC_ALLCNT,TT_SE_ALLCNT,THEATER_SUM) values ('3   ',10,'CGV건대입구','서울시 광진구 자양동 9-4 볼오브케이 3층, 서울시 광진구 아차산로 30길 몰오브케이 3층',5,754,'20대 취향 인더스트리얼 컨셉의 인테리어, 포토스팟 테라스, 프리미엄 디저트카페 투썸플레이스까지!');
Insert into CGV_DB.THEATER (THEATER_ID,REGION_ID,TT_NAME,TT_ADR,TT_SC_ALLCNT,TT_SE_ALLCNT,THEATER_SUM) values ('4   ',10,'CGV구로','서울특별시 구로구 구로5동 573번지 NC신구로점 6층, 서울특별시 구로구 구로중앙로 152',8,1232,null);
Insert into CGV_DB.THEATER (THEATER_ID,REGION_ID,TT_NAME,TT_ADR,TT_SC_ALLCNT,TT_SE_ALLCNT,THEATER_SUM) values ('5   ',10,'CGV대학로','서울특별시 종로구 명륜2가 41-9, 서울 종로구 대명길(명륜동)',8,973,'스윗박스, 와이드박스, 컴포트석, 마이박스(1인석) 보유');
Insert into CGV_DB.THEATER (THEATER_ID,REGION_ID,TT_NAME,TT_ADR,TT_SC_ALLCNT,TT_SE_ALLCNT,THEATER_SUM) values ('6   ',10,'CGV동대문','서울특별시 중구 을지로6가 17-2 현대시티아울렛 10층, 서울특별시 중구 장충단로 13길 20 현대시티아울렛 10층',6,676,'다양한 부대시설과 전좌석 가죽시트/ 양팔 팔걸이 보유');
Insert into CGV_DB.THEATER (THEATER_ID,REGION_ID,TT_NAME,TT_ADR,TT_SC_ALLCNT,TT_SE_ALLCNT,THEATER_SUM) values ('7   ',10,'CGV등촌','서울특별시 강서구 등촌동 639-23 3층~7층, 서울특별시 강서구 공항대로 45길 63 3층~7층',6,934,null);
Insert into CGV_DB.THEATER (THEATER_ID,REGION_ID,TT_NAME,TT_ADR,TT_SC_ALLCNT,TT_SE_ALLCNT,THEATER_SUM) values ('8   ',10,'CGV명동','서울특별시 중구 명동2가 83-5번지 눈스퀘어 8층, 서울특별시 중구 명동길 14(명동)',5,736,null);
Insert into CGV_DB.THEATER (THEATER_ID,REGION_ID,TT_NAME,TT_ADR,TT_SC_ALLCNT,TT_SE_ALLCNT,THEATER_SUM) values ('9   ',10,'CGV명동역 씨네 라이브러리','서울특별시 중구 충무로2가 65-9 하이해리엇 10,11층, 서울특별시 중구 퇴계로 123(명동)',5,694,'CGV CINE LIBRARY 영감과 휴식, 소통을 제공하는 국내 최초 영화 전문 도서관과 아트하우스를 갖춘 도심 한복판 문화공간');
Insert into CGV_DB.THEATER (THEATER_ID,REGION_ID,TT_NAME,TT_ADR,TT_SC_ALLCNT,TT_SE_ALLCNT,THEATER_SUM) values ('10  ',10,'CGV미아','서울특별시 강북구 미아동 35-4 트레지오 쇼핑몰 9층 / 서울특별시 강북구 도봉로 34,9층(미아동)',6,692,null);
Insert into CGV_DB.THEATER (THEATER_ID,REGION_ID,TT_NAME,TT_ADR,TT_SC_ALLCNT,TT_SE_ALLCNT,THEATER_SUM) values ('11  ',10,'CGV방학','서울특별시 도봉구 방학동 707-6 4F~8F / 서울특별시 도봉구 도봉로 684,4F~8F',7,870,null);
Insert into CGV_DB.THEATER (THEATER_ID,REGION_ID,TT_NAME,TT_ADR,TT_SC_ALLCNT,TT_SE_ALLCNT,THEATER_SUM) values ('12  ',10,'CGV불광','서울특별시 은평구 대조동 14-24 팜스퀘어 11층 / 서울특별시 은평구 불광로 20,11층(대조동)',9,1620,null);
Insert into CGV_DB.THEATER (THEATER_ID,REGION_ID,TT_NAME,TT_ADR,TT_SC_ALLCNT,TT_SE_ALLCNT,THEATER_SUM) values ('13  ',10,'CGV상봉','서울특별시 중랑구 상봉동 79-9 상봉듀오트리스 B2F / 서울특별시 중랑구 상봉로 131(상봉동)',7,1167,null);
Insert into CGV_DB.THEATER (THEATER_ID,REGION_ID,TT_NAME,TT_ADR,TT_SC_ALLCNT,TT_SE_ALLCNT,THEATER_SUM) values ('14  ',10,'CGV성신여대입구','서울특별시 성북구 동선동 1가 1-2, 10-12층 / 서울특별시 성북구 동소문로 106, 10-12층',5,768,null);
Insert into CGV_DB.THEATER (THEATER_ID,REGION_ID,TT_NAME,TT_ADR,TT_SC_ALLCNT,TT_SE_ALLCNT,THEATER_SUM) values ('15  ',10,'CGV송파','서울특별시 송파구 장지동 201-27 가든파이브 라이프 영관 10층 / 서울특별시 송파구 충민로 66, 10층(문정동)',8,1481,null);
Insert into CGV_DB.THEATER (THEATER_ID,REGION_ID,TT_NAME,TT_ADR,TT_SC_ALLCNT,TT_SE_ALLCNT,THEATER_SUM) values ('16  ',10,'CGV수유','서울특별시 강북구 수유동 168-12 / 서울특별시 강북구 도봉로 399',9,399,'1F 투썸플레이스 / 2F 게임센터 / 3F 프리미엄 볼링펍');
Insert into CGV_DB.THEATER (THEATER_ID,REGION_ID,TT_NAME,TT_ADR,TT_SC_ALLCNT,TT_SE_ALLCNT,THEATER_SUM) values ('17  ',10,'CGV신촌아트레온','서울특별시 서대문구 창천동 20-25 아트레온 2층 / 서울특별시 서대문구 신촌로 129,2층(창천동)',10,1561,'4DX, Premium관, Business관, ScreenX 등');
Insert into CGV_DB.THEATER (THEATER_ID,REGION_ID,TT_NAME,TT_ADR,TT_SC_ALLCNT,TT_SE_ALLCNT,THEATER_SUM) values ('18  ',10,'CGV압구정','서울특별시 강남구 신사동 602, 603-2 / 서울특별시 강남구 압구정로 30길 45 (신사동)',6,1075,null);
Insert into CGV_DB.THEATER (THEATER_ID,REGION_ID,TT_NAME,TT_ADR,TT_SC_ALLCNT,TT_SE_ALLCNT,THEATER_SUM) values ('19  ',10,'CGV여의도','서울특별시 영등포구 여의도동 국제금융로 10번지 국제금융센터 지하3층 / 서울특별시 영등포구 국제 금융로 10 지하3층',9,1133,'4DX, 컴포트시트, TEMPUR CINEMA');
Insert into CGV_DB.THEATER (THEATER_ID,REGION_ID,TT_NAME,TT_ADR,TT_SC_ALLCNT,TT_SE_ALLCNT,THEATER_SUM) values ('20  ',10,'CGV연남 WITH 토레타!','서울특별시 마포구 동교동 167-13 / 서울특별시 마포구 양화로 186 (동교동)',6,734,'전관 레이저 영사기, 4DX관, Suite Cinema 등 특화관 보유');
Insert into CGV_DB.THEATER (THEATER_ID,REGION_ID,TT_NAME,TT_ADR,TT_SC_ALLCNT,TT_SE_ALLCNT,THEATER_SUM) values ('21  ',10,'CGV영등포','서울특별시 영등포구 영드포동 4가 441-10번지 경방 타임스퀘어 4~7층 / 서울특별시 영등포구 영중로 15 4층',12,2714,null);
Insert into CGV_DB.THEATER (THEATER_ID,REGION_ID,TT_NAME,TT_ADR,TT_SC_ALLCNT,TT_SE_ALLCNT,THEATER_SUM) values ('22  ',10,'CGV왕십리','서울특별시 성동구 행당동 168-1 왕십리 민자역사 5층 / 서울특별시 성동구 왕십리광장로 17, 5층',10,1770,null);
Insert into CGV_DB.THEATER (THEATER_ID,REGION_ID,TT_NAME,TT_ADR,TT_SC_ALLCNT,TT_SE_ALLCNT,THEATER_SUM) values ('23  ',10,'CGV용산아이파크몰','서울특별시 용산구 한강로3가 40-999 HDC아이파크몰 6층 / 서울특별시 용산구 한강대로 23길 55층, 6층',20,3893,'누적관람객 3,000만명! 대한민국 국민 절반이 이용한 CGV관람객 NO.1극장');
Insert into CGV_DB.THEATER (THEATER_ID,REGION_ID,TT_NAME,TT_ADR,TT_SC_ALLCNT,TT_SE_ALLCNT,THEATER_SUM) values ('24  ',10,'CGV중계','서울특별시 노원구 중계동 509-2 홈플러스 중계점 8층 / 서울특별시 노원구 동일로 204가길 12, 8층',7,1090,null);
Insert into CGV_DB.THEATER (THEATER_ID,REGION_ID,TT_NAME,TT_ADR,TT_SC_ALLCNT,TT_SE_ALLCNT,THEATER_SUM) values ('25  ',10,'CGV천호','서울특별시 강동구 천호동 42 홈플러스 4층 / 서울특별시 강동구 양재대로 1571 홈플러스 4층',6,1240,'IMAX(347석), SphereX(213석), SCREENX(162석)');
Insert into CGV_DB.THEATER (THEATER_ID,REGION_ID,TT_NAME,TT_ADR,TT_SC_ALLCNT,TT_SE_ALLCNT,THEATER_SUM) values ('26  ',10,'CGV청담씨네시티','서울특별시 강남구 신사동 651-21 / 서울특별시 강남구 도산대로 323',6,670,'뉴욕 브로드웨이 극장을 연상케하는 뉴욕빈티지 디자인');
Insert into CGV_DB.THEATER (THEATER_ID,REGION_ID,TT_NAME,TT_ADR,TT_SC_ALLCNT,TT_SE_ALLCNT,THEATER_SUM) values ('27  ',10,'CGV피카다리1968','서울특별시 종로구 돈의동 137 지하2층 / 서울특별시 종로구 돈화문로 5가길 1 지하2층',6,885,'1,3,5호선 종로3가역 2-1번출구에 위치');
Insert into CGV_DB.THEATER (THEATER_ID,REGION_ID,TT_NAME,TT_ADR,TT_SC_ALLCNT,TT_SE_ALLCNT,THEATER_SUM) values ('28  ',10,'CGV하계','서울특별시 노원구 중계동 506-1 건영백화점 지하1층 / 서울특별시 노원구 섬밭로 258, 지하1층',4,913,'어린이 전용 KIDS관');
Insert into CGV_DB.THEATER (THEATER_ID,REGION_ID,TT_NAME,TT_ADR,TT_SC_ALLCNT,TT_SE_ALLCNT,THEATER_SUM) values ('29  ',10,'CGV홍대','서울특별시 마포구 동교동 159-8 / 서울특별시 마포구 양화로 153 4층',6,936,null);
Insert into CGV_DB.THEATER (THEATER_ID,REGION_ID,TT_NAME,TT_ADR,TT_SC_ALLCNT,TT_SE_ALLCNT,THEATER_SUM) values ('30  ',10,'CINE DE CHEF 압구정','서울특별시 강남구 신사동 602, 603-2 / 서울특별시 강남구 압구정로 30길 45 (신사동)',1,46,null);
Insert into CGV_DB.THEATER (THEATER_ID,REGION_ID,TT_NAME,TT_ADR,TT_SC_ALLCNT,TT_SE_ALLCNT,THEATER_SUM) values ('31  ',10,'CINE DE CHEF 용산아이파크몰','서울특별시 용산구 한강대로 23길 55, 6층',1,64,null);
Insert into CGV_DB.THEATER (THEATER_ID,REGION_ID,TT_NAME,TT_ADR,TT_SC_ALLCNT,TT_SE_ALLCNT,THEATER_SUM) values ('32  ',20,'CGV경기광주','경기도 광주시 역동 16-1 2층 / 경기도 광주시 중앙로 89 2층',8,1202,null);
Insert into CGV_DB.THEATER (THEATER_ID,REGION_ID,TT_NAME,TT_ADR,TT_SC_ALLCNT,TT_SE_ALLCNT,THEATER_SUM) values ('33  ',20,'CGV고양백석','경기도 고양시 일산동구 백석동 1242 고양종합터미널 5~7F / 경기도 고양시 일산동구 중앙로 1036 고양종합터미널 5~7F',7,1130,'역세권에 위치하여 접근이 용이하고 건물 內 아울렛, 교보문고, 홈플러스 등의 입점으로 다양한 문화를 함께 즐길 수 있습니다.');
Insert into CGV_DB.THEATER (THEATER_ID,REGION_ID,TT_NAME,TT_ADR,TT_SC_ALLCNT,TT_SE_ALLCNT,THEATER_SUM) values ('34  ',20,'CGV고양행신','경기도 고양시 덕양구 행신동 762-2,3 로터스 플레이스 5F / 경기도 고양시 덕양구 충장로 8 로터스플레이스 5F',6,658,null);
Insert into CGV_DB.THEATER (THEATER_ID,REGION_ID,TT_NAME,TT_ADR,TT_SC_ALLCNT,TT_SE_ALLCNT,THEATER_SUM) values ('35  ',20,'CGV광교','경기도 수원시 영통구 하동 1017-2 갤러리아 백화점 10층 / 경기도 수원시 영통구 광교중앙로 124 갤러리아백화점 광교점 10층',6,1478,'4DX. IMAX, CINE SHOP, CINE CAF?, 롤롤 IN FORET, GAMEZONE');
Insert into CGV_DB.THEATER (THEATER_ID,REGION_ID,TT_NAME,TT_ADR,TT_SC_ALLCNT,TT_SE_ALLCNT,THEATER_SUM) values ('36  ',20,'CGV광교상현','경기도 용인시 수지구 상현동 1116-4 W스퀘어 2층',4,406,null);
Insert into CGV_DB.THEATER (THEATER_ID,REGION_ID,TT_NAME,TT_ADR,TT_SC_ALLCNT,TT_SE_ALLCNT,THEATER_SUM) values ('37  ',20,'CGV광명역','경기도 광명시 일직동 514 GIDC B동 지하2층 / 경기도 광명시 일직로 43 GIDC B동 지하2층',5,374,'중앙대학교 광명병원, 이케아 광명점인접');
Insert into CGV_DB.THEATER (THEATER_ID,REGION_ID,TT_NAME,TT_ADR,TT_SC_ALLCNT,TT_SE_ALLCNT,THEATER_SUM) values ('38  ',20,'CGV구리','경기도 구리시 인창동 676-2번지 2층 / 경기도 구리시 경춘로 243 2층',7,1165,'(구)롯데시네마에서 브랜드 전환');
Insert into CGV_DB.THEATER (THEATER_ID,REGION_ID,TT_NAME,TT_ADR,TT_SC_ALLCNT,TT_SE_ALLCNT,THEATER_SUM) values ('39  ',20,'CGV구리갈매','경기도 구리시 갈매동 552-4, 힐스테이트 갈매역 스칸센 B동 B1~B2 / 경기도 구리시 갈매순환로 180 힐스테이트 갈매역 스칸센 B동 B1~B2',6,492,'힐스테이트 갈매역 스칸센 B동 내 위치');
Insert into CGV_DB.THEATER (THEATER_ID,REGION_ID,TT_NAME,TT_ADR,TT_SC_ALLCNT,TT_SE_ALLCNT,THEATER_SUM) values ('40  ',20,'CGV기흥','경기도 용인시 기흥구 구갈동 298-2, 기흥ICT밸리 SK V1 B동 지하2층 / 경기도 용인시 기흥구 기흥로 58-1, 기흥ICT밸리 SK V1 B동 지하2층',6,744,'2개관 리클라이너 좌석(178석)');
Insert into CGV_DB.THEATER (THEATER_ID,REGION_ID,TT_NAME,TT_ADR,TT_SC_ALLCNT,TT_SE_ALLCNT,THEATER_SUM) values ('41  ',20,'CGV김포','경기도 김포시 풍무동 202-1 김포풍무웰라움퍼펙트시티 5층 / 경기도 김포시 풍무로 128 김포풍무웰라움퍼펙트시티 5층',6,806,null);
Insert into CGV_DB.THEATER (THEATER_ID,REGION_ID,TT_NAME,TT_ADR,TT_SC_ALLCNT,TT_SE_ALLCNT,THEATER_SUM) values ('42  ',20,'CGV김포운양','경기도 김포시 운양동 1296-9번지 에이스프라자 7층 / 경기도 김포시 김포한강11로 288-31 에이스 프라자',4,424,null);
Insert into CGV_DB.THEATER (THEATER_ID,REGION_ID,TT_NAME,TT_ADR,TT_SC_ALLCNT,TT_SE_ALLCNT,THEATER_SUM) values ('43  ',30,'CGV계양','인천광역시 계양구 작전동 899-1 메트로몰 8층 / 인천광역시 계양구 장제로 738, 8층',8,1257,null);
Insert into CGV_DB.THEATER (THEATER_ID,REGION_ID,TT_NAME,TT_ADR,TT_SC_ALLCNT,TT_SE_ALLCNT,THEATER_SUM) values ('44  ',30,'CGV남주안','인천광역시 미추홀구 주안동 141-8 / 인천광역시 미추홀구 미추홀대로 736 (주안동 9층 18호)',7,921,null);
Insert into CGV_DB.THEATER (THEATER_ID,REGION_ID,TT_NAME,TT_ADR,TT_SC_ALLCNT,TT_SE_ALLCNT,THEATER_SUM) values ('45  ',30,'CGV부평','인천광역시 부평구 청천동 386 아이즈빌아울렛 2층 / 인천광역시 부평구 마장로 489(청천동)',10,1552,null);
Insert into CGV_DB.THEATER (THEATER_ID,REGION_ID,TT_NAME,TT_ADR,TT_SC_ALLCNT,TT_SE_ALLCNT,THEATER_SUM) values ('46  ',30,'CGV송도타임스페이스','인천광역시 연수구 송도동 8-21 A동 지하1층 인천광역시 연수구 하모니르 158 A동 지하1층',7,694,'5개관 리클라이너. 일반관 프리미엄 가죽시트좌석');
Insert into CGV_DB.THEATER (THEATER_ID,REGION_ID,TT_NAME,TT_ADR,TT_SC_ALLCNT,TT_SE_ALLCNT,THEATER_SUM) values ('47  ',30,'CGV연수역','인천광역시 연수구 청학동 496-4 8층 / 인천광역시 연수구 벚꽃로 106 8층 (청학동, 연수광장프라자)',9,1498,null);
Insert into CGV_DB.THEATER (THEATER_ID,REGION_ID,TT_NAME,TT_ADR,TT_SC_ALLCNT,TT_SE_ALLCNT,THEATER_SUM) values ('48  ',30,'CGV인천','인천광역시 남동구 구월동 1130번지 SEE&SEE빌딩 4층 / 인천광역시 남동구 예술로 198, 4층',14,2828,null);
Insert into CGV_DB.THEATER (THEATER_ID,REGION_ID,TT_NAME,TT_ADR,TT_SC_ALLCNT,TT_SE_ALLCNT,THEATER_SUM) values ('49  ',30,'CGV인천가정(루원시티)','인천광역시 서구 가정동 577-2 상가동 B1~B2 / 인천광역시 서구 가정로 406(루원지웰시티푸르지오) 상가동 B1~B2',4,515,'루원시티 최초 유일 극장, 주거 단지 내 위치로 도보 접근성 편리');
Insert into CGV_DB.THEATER (THEATER_ID,REGION_ID,TT_NAME,TT_ADR,TT_SC_ALLCNT,TT_SE_ALLCNT,THEATER_SUM) values ('50  ',30,'CGV인천논현','인천시 남동구 논현동 646-2, 4층 / 인천시 남동구 논현로 26번길 34, 4층',5,477,'지하주차장이 협소하므로 가급적 대중교통을 이용해주시기 바랍니다');
Insert into CGV_DB.THEATER (THEATER_ID,REGION_ID,TT_NAME,TT_ADR,TT_SC_ALLCNT,TT_SE_ALLCNT,THEATER_SUM) values ('51  ',30,'CGV인천도화','인천광역시 미추홀구 도화동 1011 / 인천광역시 미추홀구 숙골로 88번길 12 지하1ㅊㅇ',6,536,'전관 리클라이너');
Insert into CGV_DB.THEATER (THEATER_ID,REGION_ID,TT_NAME,TT_ADR,TT_SC_ALLCNT,TT_SE_ALLCNT,THEATER_SUM) values ('52  ',30,'CGV인천시민공원','인천광역시 미추홀구 주안동 466-23 지하2층 CGV / 인천광역시 미추홀구 경인로 372, 지하2층',5,373,'인천2호선 지하철 시민공원역 2번출구에 위치');
Insert into CGV_DB.THEATER (THEATER_ID,REGION_ID,TT_NAME,TT_ADR,TT_SC_ALLCNT,TT_SE_ALLCNT,THEATER_SUM) values ('53  ',40,'CGV강릉','강원특별자치도 강릉시 옥천동 189 씨네몰 6~8층 CGV강릉 / 강원특별자치도 강릉시 경강로 2120, 6~8층',8,1396,'4WAY 입체 음향, 3D 전용 상영, 장애우 & 여성전용 화장실');
Insert into CGV_DB.THEATER (THEATER_ID,REGION_ID,TT_NAME,TT_ADR,TT_SC_ALLCNT,TT_SE_ALLCNT,THEATER_SUM) values ('54  ',40,'CGV기린','강원특별자치도 인제군 기린면 서리 -31 기린체육문화센터 2층 CGV기린 / 강원특별자치도 인제군 인제면 대내로 34-14 기린체육문화센터 2층 CGV',2,95,'강원도 인제군 기린면 서리 3-1에 위치하여 기린체육문화센터 2층에 있습니다.');
Insert into CGV_DB.THEATER (THEATER_ID,REGION_ID,TT_NAME,TT_ADR,TT_SC_ALLCNT,TT_SE_ALLCNT,THEATER_SUM) values ('55  ',40,'CGV원주','강원특별자치도 원주시 단계동 877-1 W-CITY(원주 시외버스 터미널) 7층 / 강원특별자치도 원주시 서원대로 171, 7층',10,1968,'원주의 문화 힐링 영화관, 4Way 입체 음향, 3D 전용 상영');
Insert into CGV_DB.THEATER (THEATER_ID,REGION_ID,TT_NAME,TT_ADR,TT_SC_ALLCNT,TT_SE_ALLCNT,THEATER_SUM) values ('56  ',40,'CGV원통','강원특별자치도 인제군 북면 원통리 459-4 2층 / 강원특별자치도 인제군 북면 금강로 11번길 19',1,92,'원통터미널, 제이마트 인근 위치');
Insert into CGV_DB.THEATER (THEATER_ID,REGION_ID,TT_NAME,TT_ADR,TT_SC_ALLCNT,TT_SE_ALLCNT,THEATER_SUM) values ('57  ',40,'CGV인제','강원특별자치도 인제군 인제읍 남북리 388 하늘내린센터 1층 CGV인재 / 강원특별자치도 인제군 인제읍 비봉로 44번길 100 1층',2,99,null);
Insert into CGV_DB.THEATER (THEATER_ID,REGION_ID,TT_NAME,TT_ADR,TT_SC_ALLCNT,TT_SE_ALLCNT,THEATER_SUM) values ('58  ',40,'CGV춘천','강원특별자치도 춘천시 퇴계동 1017 투탑시티 3층 CGV춘천 / 강원특별자치도 춘천시 지석로 80(퇴계동, 투탑시티 3층)',12,1789,null);
Insert into CGV_DB.THEATER (THEATER_ID,REGION_ID,TT_NAME,TT_ADR,TT_SC_ALLCNT,TT_SE_ALLCNT,THEATER_SUM) values ('59  ',50,'CGV논산','충남 논산시 내동 452 시네마타워3층 / 충남 논산시 시민로 181 시네마타워 3층',5,660,null);
Insert into CGV_DB.THEATER (THEATER_ID,REGION_ID,TT_NAME,TT_ADR,TT_SC_ALLCNT,TT_SE_ALLCNT,THEATER_SUM) values ('60  ',50,'CGV당진','충남 당진시 우두1로 88(읍내동) / 충남 당진시 읍내동 1532번지',7,1075,null);
Insert into CGV_DB.THEATER (THEATER_ID,REGION_ID,TT_NAME,TT_ADR,TT_SC_ALLCNT,TT_SE_ALLCNT,THEATER_SUM) values ('61  ',50,'CGV대전','대전광역시 중구 문화동 1-16 세이2 6층 / 대전광역시 중구 계백로 1700, 6층(문화동)',9,1880,null);
Insert into CGV_DB.THEATER (THEATER_ID,REGION_ID,TT_NAME,TT_ADR,TT_SC_ALLCNT,TT_SE_ALLCNT,THEATER_SUM) values ('62  ',50,'CGV대전가수원','대전광역시 서구 가수원동 1042번지 KD U PLAZA 5층~6층 / 대전광역시 서구 도안동로 11번길 45 KD U PLAZA 5층~6층',5,1016,null);
Insert into CGV_DB.THEATER (THEATER_ID,REGION_ID,TT_NAME,TT_ADR,TT_SC_ALLCNT,TT_SE_ALLCNT,THEATER_SUM) values ('63  ',50,'CGV대전가오','대전광역시 동구 가오동 557 패션 아일랜드 4층 / 대전광역시 동구 은어송로 72 4층(가오동)',7,1163,null);
Insert into CGV_DB.THEATER (THEATER_ID,REGION_ID,TT_NAME,TT_ADR,TT_SC_ALLCNT,TT_SE_ALLCNT,THEATER_SUM) values ('64  ',50,'CGV대전탄방','대전광역시 서구 탄방동 745 세이탄방점 7층 / 대전광역시 서구 문정로 85 세이탄방점 7층',6,970,'대전 대표 백화점 세이탄방점 內 위치');
Insert into CGV_DB.THEATER (THEATER_ID,REGION_ID,TT_NAME,TT_ADR,TT_SC_ALLCNT,TT_SE_ALLCNT,THEATER_SUM) values ('65  ',50,'CGV대전터미널','대전 동구 용전동 대전복합터미널 동관3층 / 대전광역시 동구 동서대로 1689, 3층',7,1464,'주차가능');
Insert into CGV_DB.THEATER (THEATER_ID,REGION_ID,TT_NAME,TT_ADR,TT_SC_ALLCNT,TT_SE_ALLCNT,THEATER_SUM) values ('66  ',50,'CGV서산','충남 서산시 동문동 1029-1번지 서산 디퍼 아울렛 內 / 충남 서산시 안견로 242(동문동, 서산상설패션타운)',8,820,'서산 디퍼아울렛 內 위치');
Insert into CGV_DB.THEATER (THEATER_ID,REGION_ID,TT_NAME,TT_ADR,TT_SC_ALLCNT,TT_SE_ALLCNT,THEATER_SUM) values ('67  ',50,'CGV세종','세종특별자치시 종촌동 673 올리브7층 / 세종특별자치시 도움1로 108 올리브 7층',7,1094,'세종특별자치시 최초 영화관');
Insert into CGV_DB.THEATER (THEATER_ID,REGION_ID,TT_NAME,TT_ADR,TT_SC_ALLCNT,TT_SE_ALLCNT,THEATER_SUM) values ('68  ',50,'CGV아산','충남 아산시 온천동 79-1 / 충남 아산시 온천대로 1538 아산시네파크 5층, 6층',6,636,null);
Insert into CGV_DB.THEATER (THEATER_ID,REGION_ID,TT_NAME,TT_ADR,TT_SC_ALLCNT,TT_SE_ALLCNT,THEATER_SUM) values ('69  ',60,'CGV대구','대구광역시 북구 칠성동2가 20-1 스펙트럼시티 4층 / 대구광역시 북구 침산로 93 스펙트럼시티 4층',8,1528,null);
Insert into CGV_DB.THEATER (THEATER_ID,REGION_ID,TT_NAME,TT_ADR,TT_SC_ALLCNT,TT_SE_ALLCNT,THEATER_SUM) values ('70  ',60,'CGV대구수성','대구광역시 수성구 범물동 1273번지 동아백화점 8층 / 대구광역시 수성구 지범로 191, 8층(범물동)',4,804,null);
Insert into CGV_DB.THEATER (THEATER_ID,REGION_ID,TT_NAME,TT_ADR,TT_SC_ALLCNT,TT_SE_ALLCNT,THEATER_SUM) values ('71  ',60,'CGV대구스타디움','대구광역시 수성구 대흥동 504번지 일대 / 대구광역시 수성구 유니버사이드로 140(대흥동)',10,1458,null);
Insert into CGV_DB.THEATER (THEATER_ID,REGION_ID,TT_NAME,TT_ADR,TT_SC_ALLCNT,TT_SE_ALLCNT,THEATER_SUM) values ('72  ',60,'CGV대구아카데미','대구광역시 중구 남일동 65-1 / 대구광역시 중구 중앙대로 412 (남일동)',7,1171,null);
Insert into CGV_DB.THEATER (THEATER_ID,REGION_ID,TT_NAME,TT_ADR,TT_SC_ALLCNT,TT_SE_ALLCNT,THEATER_SUM) values ('73  ',60,'CGV대구연경','대구광역시 북구 연경동 1078-2번지 / 대구광역시 북구 동화천로 290',6,556,'전좌석 리클라이너');
Insert into CGV_DB.THEATER (THEATER_ID,REGION_ID,TT_NAME,TT_ADR,TT_SC_ALLCNT,TT_SE_ALLCNT,THEATER_SUM) values ('74  ',60,'CGV대구월성','대구광역시 달서구 월성동 1846번지 이래타워 4F / 대구광역시 달서구 조암로 29(월성동) 이래타워 4F',6,1042,null);
Insert into CGV_DB.THEATER (THEATER_ID,REGION_ID,TT_NAME,TT_ADR,TT_SC_ALLCNT,TT_SE_ALLCNT,THEATER_SUM) values ('75  ',60,'CGV대구죽전','대구광역시 달서구 죽전동 273 / 대구광역시 달서구 달구벌대로 1551 죽전역 골든타워 8층',7,852,'대구 2호선 죽전역 1번출구 역세권 위치');
Insert into CGV_DB.THEATER (THEATER_ID,REGION_ID,TT_NAME,TT_ADR,TT_SC_ALLCNT,TT_SE_ALLCNT,THEATER_SUM) values ('76  ',60,'CGV대구한일','대구광역시 중구 동성로 2가 88-22 씨네시티 한일 7층 / 대구광역시 중구 동성로 39, 7층',5,709,null);
Insert into CGV_DB.THEATER (THEATER_ID,REGION_ID,TT_NAME,TT_ADR,TT_SC_ALLCNT,TT_SE_ALLCNT,THEATER_SUM) values ('77  ',60,'CGV대구현대','대구광역시 중구 계산동2가 200번지 지하2층 / 대구광역시 중구 달구벌대로 2077, 지하2층(계산동 2가)',6,709,null);
Insert into CGV_DB.THEATER (THEATER_ID,REGION_ID,TT_NAME,TT_ADR,TT_SC_ALLCNT,TT_SE_ALLCNT,THEATER_SUM) values ('78  ',70,'CGV대연','부산광역시 남구 대연동 73-15번지 스파크 5층 / 부산광역시 남구 수영로 305, 5층(대연동)',8,1171,null);
Insert into CGV_DB.THEATER (THEATER_ID,REGION_ID,TT_NAME,TT_ADR,TT_SC_ALLCNT,TT_SE_ALLCNT,THEATER_SUM) values ('79  ',70,'CGV동래','부산광역시 동래구 온천동 SK허브스카이 6층 / 부산광역시 동래구 중앙대로 1523, 6층(온천동)',9,1659,null);
Insert into CGV_DB.THEATER (THEATER_ID,REGION_ID,TT_NAME,TT_ADR,TT_SC_ALLCNT,TT_SE_ALLCNT,THEATER_SUM) values ('80  ',70,'CGV부산명지','부산광역시 강서구 명지동 3568-4 명지플러스시네마 9 층 / 부산광역시 강서구 명지국제8로 10번길 38, 명지플러스 시네마 9층',6,431,'명지국제도시 위치, 전 상영관 리클라이너, 커플석');
Insert into CGV_DB.THEATER (THEATER_ID,REGION_ID,TT_NAME,TT_ADR,TT_SC_ALLCNT,TT_SE_ALLCNT,THEATER_SUM) values ('81  ',70,'CGV서면','부산광역시 진구 전포3동 892-20 지오플레이스6층 / 부산광역시 부산진구 동천로 4, 6층',12,2280,null);
Insert into CGV_DB.THEATER (THEATER_ID,REGION_ID,TT_NAME,TT_ADR,TT_SC_ALLCNT,TT_SE_ALLCNT,THEATER_SUM) values ('82  ',70,'CGV서면삼정타워','부산광역시 부산진구 부전동 227-2 삼정타워 11층 / 부산광역시 부산진구 중앙대로 672 삼정타워 11층',8,1244,'리클라이너 좌석(5관~8석)');
Insert into CGV_DB.THEATER (THEATER_ID,REGION_ID,TT_NAME,TT_ADR,TT_SC_ALLCNT,TT_SE_ALLCNT,THEATER_SUM) values ('83  ',70,'CGV서면상상마당','부산광역시 부산진구 서면로 39, KT&G상상마당 부산 8층 / 부산광역시 부산진구 부전동 521-1 KT&G 상상마당 부산 8층',6,660,'번화가 중심에 위치, 국내 첫 전체 BOX타입 상영관 PRIVATE BOX, 요시토모나라 아카이브전, 아트컨티뉴와 아트펌이 진행하는 시네마 갤러리 진행');
Insert into CGV_DB.THEATER (THEATER_ID,REGION_ID,TT_NAME,TT_ADR,TT_SC_ALLCNT,TT_SE_ALLCNT,THEATER_SUM) values ('84  ',70,'CGV센텀시티','부산광역시 해운대구 우동 1496번지 신세계센텀시티 7층 / 부산광역시 해운대구 센텀남대로 35,7층(우동)',10,2152,null);
Insert into CGV_DB.THEATER (THEATER_ID,REGION_ID,TT_NAME,TT_ADR,TT_SC_ALLCNT,TT_SE_ALLCNT,THEATER_SUM) values ('85  ',70,'CGV아시아드','부산광역시 연제구 거제2동 1208번지 홈플러스 / 부산광역시 연제구 종합운동자로 7',8,1383,null);
Insert into CGV_DB.THEATER (THEATER_ID,REGION_ID,TT_NAME,TT_ADR,TT_SC_ALLCNT,TT_SE_ALLCNT,THEATER_SUM) values ('86  ',70,'CGV울산동구','울산광역시 동구 방어동58-2,3 울산광역시 동구 등대로 50',6,412,'울산대왕암 입구 위치');
Insert into CGV_DB.THEATER (THEATER_ID,REGION_ID,TT_NAME,TT_ADR,TT_SC_ALLCNT,TT_SE_ALLCNT,THEATER_SUM) values ('87  ',70,'CGV울산삼산','울산광역시 남구 삼산동 1569-1번지 업스퀘어 5~8층 / 울산광역시 남구 화합로 185, 5층',11,2487,'울산 최대/최고 시설, 국내 최대의 IMAX스크린');
Insert into CGV_DB.THEATER (THEATER_ID,REGION_ID,TT_NAME,TT_ADR,TT_SC_ALLCNT,TT_SE_ALLCNT,THEATER_SUM) values ('88  ',80,'CGV거제','경상남도 거제시 고현동 958-15 디큐브 백화점 6층 / 경상남도 거제시 장평로 12, 6층(장평동, 디큐브 백화점)',7,1223,null);
Insert into CGV_DB.THEATER (THEATER_ID,REGION_ID,TT_NAME,TT_ADR,TT_SC_ALLCNT,TT_SE_ALLCNT,THEATER_SUM) values ('89  ',80,'CGV경산','경상북도 경산시 중방동 897 아이작레비뉴 2층 / 경북 경산시 대학로 28길 아이작레비뉴 2층',7,561,'전작리클라이너');
Insert into CGV_DB.THEATER (THEATER_ID,REGION_ID,TT_NAME,TT_ADR,TT_SC_ALLCNT,TT_SE_ALLCNT,THEATER_SUM) values ('90  ',80,'CGV고성','경상남도 고성국 고성읍 서외리 77-1 / 경상남도 고성군 고성읍 송학로 58',2,116,'1관 3D');
Insert into CGV_DB.THEATER (THEATER_ID,REGION_ID,TT_NAME,TT_ADR,TT_SC_ALLCNT,TT_SE_ALLCNT,THEATER_SUM) values ('91  ',80,'CGV구미','경상북도 구미시 원평동 68-1번지 / 경상북도 구미시 구미중앙로 44, 4층(원평동)',10,1640,null);
Insert into CGV_DB.THEATER (THEATER_ID,REGION_ID,TT_NAME,TT_ADR,TT_SC_ALLCNT,TT_SE_ALLCNT,THEATER_SUM) values ('92  ',80,'CGV김천율곡','경상북도 김천시 율곡동 1123번지 더스퀘어 3층 / 경상북도 김천시 혁신2로 15',5,816,'KTX김천구미역 인근 위치');
Insert into CGV_DB.THEATER (THEATER_ID,REGION_ID,TT_NAME,TT_ADR,TT_SC_ALLCNT,TT_SE_ALLCNT,THEATER_SUM) values ('93  ',80,'CGV김해','경상남도 김해시 내동 1131-4 번지 휴앤락 4층',9,1531,null);
Insert into CGV_DB.THEATER (THEATER_ID,REGION_ID,TT_NAME,TT_ADR,TT_SC_ALLCNT,TT_SE_ALLCNT,THEATER_SUM) values ('94  ',80,'CGV김해율하','경상남도 율하동 1347-2 시네마 플레이스 3F / 경상남도 김해시 율하2로 111. 시네마 플레이스 3F',4,262,'전좌석 리클라이너');
Insert into CGV_DB.THEATER (THEATER_ID,REGION_ID,TT_NAME,TT_ADR,TT_SC_ALLCNT,TT_SE_ALLCNT,THEATER_SUM) values ('95  ',80,'CGV김해장유','경상남도 김해시 대청동 302-5 골드프라자 / 경상남도 김해시 삼문로 12',6,968,null);
Insert into CGV_DB.THEATER (THEATER_ID,REGION_ID,TT_NAME,TT_ADR,TT_SC_ALLCNT,TT_SE_ALLCNT,THEATER_SUM) values ('96  ',80,'CGV마산','경상남도 창원시 마산 회원구 합성동 126-4 보보스존 8층 / 경상남도 창원시 마산회원구 3-15대로 736, 8층(합성동)',7,1178,null);
Insert into CGV_DB.THEATER (THEATER_ID,REGION_ID,TT_NAME,TT_ADR,TT_SC_ALLCNT,TT_SE_ALLCNT,THEATER_SUM) values ('97  ',80,'CGV북포항','경상북도 포항시 북구 덕산동 235 / 경상북도 포항시 북구 서동로 93(덕산동)',8,822,'포항 최초 리클라이너 좌석 도입!');
Insert into CGV_DB.THEATER (THEATER_ID,REGION_ID,TT_NAME,TT_ADR,TT_SC_ALLCNT,TT_SE_ALLCNT,THEATER_SUM) values ('98  ',90,'CGV광양','전라남도 광양시 금호동 624-12 2층 몰오브 광양 / 전라남도 광양시 금호로 26 몰오브 광양 2~3F',4,670,null);
Insert into CGV_DB.THEATER (THEATER_ID,REGION_ID,TT_NAME,TT_ADR,TT_SC_ALLCNT,TT_SE_ALLCNT,THEATER_SUM) values ('99  ',90,'CGV광양 엘에프스퀘어','전라남도 광양시 광양읍 덕례리 707 LF스퀘어 3층 가든동 / 전라남도 광양시 광양읍 순광로 466 LF스퀘어 3층 가든동',7,1204,null);
Insert into CGV_DB.THEATER (THEATER_ID,REGION_ID,TT_NAME,TT_ADR,TT_SC_ALLCNT,TT_SE_ALLCNT,THEATER_SUM) values ('100 ',90,'CGV광주금남로','광주광역시 동구 불로동 1-21 부로타워 2층 / 광주광역시 동구 중앙로 160번길 16-7 부로타워2층',9,955,'씨네앤포레, 리클라이너 좌석(2관~7관)');
Insert into CGV_DB.THEATER (THEATER_ID,REGION_ID,TT_NAME,TT_ADR,TT_SC_ALLCNT,TT_SE_ALLCNT,THEATER_SUM) values ('101 ',90,'CGV광주상무','광주광역시 서구 치평동 1218-1 프리미엄 아울렛 6층 / 광주광역시 서구 시청로 67(치평동, 6층)',10,1610,null);
Insert into CGV_DB.THEATER (THEATER_ID,REGION_ID,TT_NAME,TT_ADR,TT_SC_ALLCNT,TT_SE_ALLCNT,THEATER_SUM) values ('102 ',90,'CGV광주용봉','광주광역시 북구 용봉동 17-1 하미스포렉스 / 광주광역시 북구 문화소통로 170(용봉동)',10,1465,null);
Insert into CGV_DB.THEATER (THEATER_ID,REGION_ID,TT_NAME,TT_ADR,TT_SC_ALLCNT,TT_SE_ALLCNT,THEATER_SUM) values ('103 ',90,'CGV광주첨단','광주광역시 광산구 쌍암동 첨단지구 내 롯데마트 앞 / 광주 광역시 광산구 임방울대로826번길,2층',9,1219,null);
Insert into CGV_DB.THEATER (THEATER_ID,REGION_ID,TT_NAME,TT_ADR,TT_SC_ALLCNT,TT_SE_ALLCNT,THEATER_SUM) values ('104 ',90,'CGV광주충장로','광주광역시 동구 충장로 4가 29-2 NC웨이브 11층 / 광주광역시 동구 중앙로 163 NC웨이브 11층',5,719,null);
Insert into CGV_DB.THEATER (THEATER_ID,REGION_ID,TT_NAME,TT_ADR,TT_SC_ALLCNT,TT_SE_ALLCNT,THEATER_SUM) values ('105 ',90,'CGV광주터미널','광주 광역시 서구 광천동 49-1 유스퀘어 2~6층 / 광주광역시 서구 무진대로 904, 2층~6층',11,2703,null);
Insert into CGV_DB.THEATER (THEATER_ID,REGION_ID,TT_NAME,TT_ADR,TT_SC_ALLCNT,TT_SE_ALLCNT,THEATER_SUM) values ('106 ',90,'CGV광주하남','광주광역시 광산구 하남동 832번지 테라스 56 피크닉몰 2층 / 광주광역시 광산구 용아로 400번길 30 테라스 56 피크닉몰 2층',6,835,'전관 컴포트 시트');
Insert into CGV_DB.THEATER (THEATER_ID,REGION_ID,TT_NAME,TT_ADR,TT_SC_ALLCNT,TT_SE_ALLCNT,THEATER_SUM) values ('107 ',90,'CGV나주','전라남도 나주시 빛가람동 203-3 T.C.C타워 4층 / 전라남도 나주시 상야 4길 16-16(빛가람동)',6,665,null);
REM INSERTING into CGV_DB.TRAILER
SET DEFINE OFF;
REM INSERTING into CGV_DB.USER_INFO
SET DEFINE OFF;
Insert into CGV_DB.USER_INFO (USER_ID,USER_NAME,USER_PWD,NICKNAME,BIRTH,ADDRESS,EMAIL,GENDER,VIPGRADE,TEL,USER_CJPOINT) values ('yjaemin','윤재민','7YzRdL2j#Wx6','잼잼',to_date('81/12/16','RR/MM/DD'),'경기도 고양시 일산동구 중산동 123-67','yjaemin@gmail.com','M','일반','010-7643-5189',0);
Insert into CGV_DB.USER_INFO (USER_ID,USER_NAME,USER_PWD,NICKNAME,BIRTH,ADDRESS,EMAIL,GENDER,VIPGRADE,TEL,USER_CJPOINT) values ('ocaywon00','오채원','Qr4Hv#SdLz9','영화는메가박스',to_date('92/02/19','RR/MM/DD'),'강원도 양양군 양양읍 154-78','ocaywon00@daum.net','F','일반','010-3487-6512',0);
Insert into CGV_DB.USER_INFO (USER_ID,USER_NAME,USER_PWD,NICKNAME,BIRTH,ADDRESS,EMAIL,GENDER,VIPGRADE,TEL,USER_CJPOINT) values ('junwww','한준우','VdF#8jT6KzR','onecow',to_date('12/01/26','RR/MM/DD'),'서울특별시 용산구 이태원동 674-8','junwww@naver.com','M','일반','010-5726-8493',0);
Insert into CGV_DB.USER_INFO (USER_ID,USER_NAME,USER_PWD,NICKNAME,BIRTH,ADDRESS,EMAIL,GENDER,VIPGRADE,TEL,USER_CJPOINT) values ('seeunk3','권세은','NxLz7w#JyTb','독도는록시땅',to_date('87/02/04','RR/MM/DD'),'인천광역시 남동구 구월동 678-90','seeunk3@naver.com','F','일반','010-6897-2413',0);
Insert into CGV_DB.USER_INFO (USER_ID,USER_NAME,USER_PWD,NICKNAME,BIRTH,ADDRESS,EMAIL,GENDER,VIPGRADE,TEL,USER_CJPOINT) values ('songjjmm','송민준','Gd3Fy#HjNvR','파송송계란탁',to_date('93/03/04','RR/MM/DD'),'서울특별시 관악구 서림동 240-34','songjjmm@daum.net','M','일반','010-4375-1869',0);
Insert into CGV_DB.USER_INFO (USER_ID,USER_NAME,USER_PWD,NICKNAME,BIRTH,ADDRESS,EMAIL,GENDER,VIPGRADE,TEL,USER_CJPOINT) values ('youngh','최영호','Zx9Jw#KdLz2','두상이사이온',to_date('96/04/06','RR/MM/DD'),'인천광역시 중구 신포동 210-33','youngh@naver.com','M','일반','010-7162-9483',0);
Insert into CGV_DB.USER_INFO (USER_ID,USER_NAME,USER_PWD,NICKNAME,BIRTH,ADDRESS,EMAIL,GENDER,VIPGRADE,TEL,USER_CJPOINT) values ('missun','이미선','DzN7pTj#RyV','인사없음던짐',to_date('74/10/27','RR/MM/DD'),'강원도 춘천시 서면 23-72','missun@gmail.com','F','일반','010-5246-9738',0);
Insert into CGV_DB.USER_INFO (USER_ID,USER_NAME,USER_PWD,NICKNAME,BIRTH,ADDRESS,EMAIL,GENDER,VIPGRADE,TEL,USER_CJPOINT) values ('hoho123','김상호','TxGy#S9vWzL','영화는롯데시네마',to_date('88/01/01','RR/MM/DD'),'전라도 목포시 산정동 452-89','hoho123@gmail.com','M','일반','010-9623-8741',0);
Insert into CGV_DB.USER_INFO (USER_ID,USER_NAME,USER_PWD,NICKNAME,BIRTH,ADDRESS,EMAIL,GENDER,VIPGRADE,TEL,USER_CJPOINT) values ('kdh987','김동희','B5jz#Kv7RyN','티끌모아파산',to_date('89/08/17','RR/MM/DD'),'서울특별시 중랑구 면목동 154-96','kdh987@daum.net','M','일반','010-4185-7263',0);
Insert into CGV_DB.USER_INFO (USER_ID,USER_NAME,USER_PWD,NICKNAME,BIRTH,ADDRESS,EMAIL,GENDER,VIPGRADE,TEL,USER_CJPOINT) values ('beomzz6','신기범','9#Kw4R$Zd8fX','사귓꾼',to_date('71/05/23','RR/MM/DD'),'서울특별시 강남구 역삼동 123-45','beomzz6@gmail.com','M','일반','010-1754-5968',0);
Insert into CGV_DB.USER_INFO (USER_ID,USER_NAME,USER_PWD,NICKNAME,BIRTH,ADDRESS,EMAIL,GENDER,VIPGRADE,TEL,USER_CJPOINT) values ('shysong','송해영','G6$yvT&nQp2W','supershy',to_date('94/03/14','RR/MM/DD'),'부산광역시 해운대구 송정동 678-90','shysong@naver.com','F','VVIP','010-9876-5432',14541);
Insert into CGV_DB.USER_INFO (USER_ID,USER_NAME,USER_PWD,NICKNAME,BIRTH,ADDRESS,EMAIL,GENDER,VIPGRADE,TEL,USER_CJPOINT) values ('letsgo82','고경림','Bx@3LrS7Pd1Y','마루는강쥐',to_date('95/12/12','RR/MM/DD'),'경기도 수원시 팔달구 인계동 345-12','letsgo82@gmail.com','F','일반','010-5678-1234',0);
Insert into CGV_DB.USER_INFO (USER_ID,USER_NAME,USER_PWD,NICKNAME,BIRTH,ADDRESS,EMAIL,GENDER,VIPGRADE,TEL,USER_CJPOINT) values ('jaegy112','임경재','Hj6pD#sTz9Wm','이코노미',to_date('67/10/12','RR/MM/DD'),'경기도 성남시 분당구 정자동 456-78','jaegy112@gmail.com','M','일반','010-4321-8765',0);
Insert into CGV_DB.USER_INFO (USER_ID,USER_NAME,USER_PWD,NICKNAME,BIRTH,ADDRESS,EMAIL,GENDER,VIPGRADE,TEL,USER_CJPOINT) values ('gseoo1209','이경서','K8e$GyA5bXwV','원딜차이',to_date('91/12/09','RR/MM/DD'),'광주광역시 서구 농성동 456-78','lgs7903@naver.com','F','VIP','010-8765-4321',12000);
Insert into CGV_DB.USER_INFO (USER_ID,USER_NAME,USER_PWD,NICKNAME,BIRTH,ADDRESS,EMAIL,GENDER,VIPGRADE,TEL,USER_CJPOINT) values ('zzuro77','이주영','Qs#1E7pRzFwK','주주영',to_date('95/08/09','RR/MM/DD'),'경기도 안양시 만안구 안양동 345-12','zzuro77@naver.com','F','RVIP','010-2468-1357',13000);
Insert into CGV_DB.USER_INFO (USER_ID,USER_NAME,USER_PWD,NICKNAME,BIRTH,ADDRESS,EMAIL,GENDER,VIPGRADE,TEL,USER_CJPOINT) values ('moonlight12','이상문','T4N$Yd9UwXzS','푸바오귀여워',to_date('13/12/31','RR/MM/DD'),'서울특별시 강서구 화곡동 548-70','moonlight12@gmail.com','M','일반','010-8642-1357',0);
Insert into CGV_DB.USER_INFO (USER_ID,USER_NAME,USER_PWD,NICKNAME,BIRTH,ADDRESS,EMAIL,GENDER,VIPGRADE,TEL,USER_CJPOINT) values ('zerocoke2','이재영','Mx6Wp#Hr7ZdV','명륜진샤오미',to_date('93/10/19','RR/MM/DD'),'세종특별자치시 도담동 123-67','zerocoke2@naver.com','F','일반','010-9753-8642',0);
Insert into CGV_DB.USER_INFO (USER_ID,USER_NAME,USER_PWD,NICKNAME,BIRTH,ADDRESS,EMAIL,GENDER,VIPGRADE,TEL,USER_CJPOINT) values ('jjiniyou','유희진','LzF@2nCpRwT7','조선왕조씰룩',to_date('82/07/21','RR/MM/DD'),'서울특별시 성북구 성북동 385-12','jjiniyou@gmail.com','F','일반','010-3698-7425',0);
Insert into CGV_DB.USER_INFO (USER_ID,USER_NAME,USER_PWD,NICKNAME,BIRTH,ADDRESS,EMAIL,GENDER,VIPGRADE,TEL,USER_CJPOINT) values ('honggd1','박민석','Vp8rS#GyK3Nw','탄이는냥이',to_date('00/05/24','RR/MM/DD'),'경기도 수원시 팔달구 인계동 345-12','honggd@naver.com','M','일반','010-5832-1976',0);
Insert into CGV_DB.USER_INFO (USER_ID,USER_NAME,USER_PWD,NICKNAME,BIRTH,ADDRESS,EMAIL,GENDER,VIPGRADE,TEL,USER_CJPOINT) values ('jjangguya','서율이','6mZ$CnK5jT9L','마루좋아함',to_date('95/03/25','RR/MM/DD'),'경기도 수원시 팔달구 인계동 345-1','jjangguya@naver.com','M','일반','010-7165-9248',0);
Insert into CGV_DB.USER_INFO (USER_ID,USER_NAME,USER_PWD,NICKNAME,BIRTH,ADDRESS,EMAIL,GENDER,VIPGRADE,TEL,USER_CJPOINT) values ('parkyh45','박영희','Rv@4pFjWzDy1','영희야밥먹자',to_date('96/07/28','RR/MM/DD'),'경기도 파주시 파주읍 73-51','parkyh45@gmail.com','F','일반','010-3217-6548',0);
Insert into CGV_DB.USER_INFO (USER_ID,USER_NAME,USER_PWD,NICKNAME,BIRTH,ADDRESS,EMAIL,GENDER,VIPGRADE,TEL,USER_CJPOINT) values ('dlwlrma1','이지은','2PwS#LrT7N9x','이지금',to_date('84/12/18','RR/MM/DD'),'경기도 남양주시 호평동 45-12','dlwlrma1@daum.net','F','일반','010-7894-3265',0);
Insert into CGV_DB.USER_INFO (USER_ID,USER_NAME,USER_PWD,NICKNAME,BIRTH,ADDRESS,EMAIL,GENDER,VIPGRADE,TEL,USER_CJPOINT) values ('reallllmino','송민호','Fy#6RdUzBwVX','송마이노',to_date('54/07/03','RR/MM/DD'),'경기도 안산시 고잔동 815-49','reallllmino@gmail.com','M','일반','010-4562-7893',0);
Insert into CGV_DB.USER_INFO (USER_ID,USER_NAME,USER_PWD,NICKNAME,BIRTH,ADDRESS,EMAIL,GENDER,VIPGRADE,TEL,USER_CJPOINT) values ('kyounghui','김영희','A9bWzHd#Lr3F','tinydeer',to_date('87/09/14','RR/MM/DD'),'제주특별자치도 제주시 이도동 85-23','kyounghui@gmail.com','F','일반','010-1357-2468',0);
Insert into CGV_DB.USER_INFO (USER_ID,USER_NAME,USER_PWD,NICKNAME,BIRTH,ADDRESS,EMAIL,GENDER,VIPGRADE,TEL,USER_CJPOINT) values ('lseongmin','이성민','5N@1XrTzDy6L','미니미니민',to_date('09/04/01','RR/MM/DD'),'인천광역시 남동구 구월동 987-32','lseongmin@naver.com','M','일반','010-5827-9634',0);
Insert into CGV_DB.USER_INFO (USER_ID,USER_NAME,USER_PWD,NICKNAME,BIRTH,ADDRESS,EMAIL,GENDER,VIPGRADE,TEL,USER_CJPOINT) values ('cyounghsu','최영수','Q6mRwN9sGyZ#','태조샷건',to_date('76/10/30','RR/MM/DD'),'경기도 이천시 장호원읍 265-70','cyounghsu@daum.net','M','일반','010-3485-6927',0);
Insert into CGV_DB.USER_INFO (USER_ID,USER_NAME,USER_PWD,NICKNAME,BIRTH,ADDRESS,EMAIL,GENDER,VIPGRADE,TEL,USER_CJPOINT) values ('pjiyoung','박지영','C2jWdXrTzF#Y','happypen',to_date('63/05/27','RR/MM/DD'),'인천광역시 미추홀구 주안동 724-65','pjiyoung@gmail.com','F','일반','010-6297-8134',0);
Insert into CGV_DB.USER_INFO (USER_ID,USER_NAME,USER_PWD,NICKNAME,BIRTH,ADDRESS,EMAIL,GENDER,VIPGRADE,TEL,USER_CJPOINT) values ('kminji66','김민지','VbLz#5jK1wSr','tinydancer',to_date('80/06/19','RR/MM/DD'),'경상남도 창원시 성산구 반송동 24-87','kminji66@gmail.com','F','일반','010-9751-8643',0);
Insert into CGV_DB.USER_INFO (USER_ID,USER_NAME,USER_PWD,NICKNAME,BIRTH,ADDRESS,EMAIL,GENDER,VIPGRADE,TEL,USER_CJPOINT) values ('jjangyoung','정진영','GwK3Sv#Yr8dN','진영을무너뜨려라',to_date('10/10/05','RR/MM/DD'),'울산광역시 남구 대현동 284-97','jjangyoung@gmail.com','F','일반','010-2678-3154',0);
Insert into CGV_DB.USER_INFO (USER_ID,USER_NAME,USER_PWD,NICKNAME,BIRTH,ADDRESS,EMAIL,GENDER,VIPGRADE,TEL,USER_CJPOINT) values ('oyoungho','오영호','Zz6X#7wKd9Sr','고구마호박',to_date('94/11/22','RR/MM/DD'),'서울특별시 서초구 방배동 987-32','oyoungho@gmail.com','M','일반','010-8394-7625',0);
Insert into CGV_DB.USER_INFO (USER_ID,USER_NAME,USER_PWD,NICKNAME,BIRTH,ADDRESS,EMAIL,GENDER,VIPGRADE,TEL,USER_CJPOINT) values ('ksumin7','강수민','DpTzLr#4N5jG','수민이는여섯살',to_date('81/08/27','RR/MM/DD'),'대구광역시 달서구 상인동 244-88','ksumin7@daum.net','M','일반','010-6543-1987',0);
Insert into CGV_DB.USER_INFO (USER_ID,USER_NAME,USER_PWD,NICKNAME,BIRTH,ADDRESS,EMAIL,GENDER,VIPGRADE,TEL,USER_CJPOINT) values ('sjew8545','신지우','Ew#1jR7zXvSd','시크릿쥬쥬',to_date('91/02/10','RR/MM/DD'),'인천광역시 부평구 부평동 24-13','sjew8545@gmail.com','M','일반','010-1468-2735',0);
Insert into CGV_DB.USER_INFO (USER_ID,USER_NAME,USER_PWD,NICKNAME,BIRTH,ADDRESS,EMAIL,GENDER,VIPGRADE,TEL,USER_CJPOINT) values ('jggap000','이준희','8xPz#JdRyW2','육체적결벽증',to_date('79/09/15','RR/MM/DD'),'서울특별시 강남구 역삼동 214-98','jggap000@gmail.com','M','일반','010-9286-7345',0);
Insert into CGV_DB.USER_INFO (USER_ID,USER_NAME,USER_PWD,NICKNAME,BIRTH,ADDRESS,EMAIL,GENDER,VIPGRADE,TEL,USER_CJPOINT) values ('nhyuna','나현아','3A5wGyXzVr#N','나나',to_date('95/07/03','RR/MM/DD'),'대전광역시 중구 대흥동 210-33','nhyuna@naver.com','F','일반','010-7135-4268',0);
Insert into CGV_DB.USER_INFO (USER_ID,USER_NAME,USER_PWD,NICKNAME,BIRTH,ADDRESS,EMAIL,GENDER,VIPGRADE,TEL,USER_CJPOINT) values ('pjihun23','박지훈','H2bM@pYrKl3','양념반후라이드반',to_date('84/05/16','RR/MM/DD'),'서울특별시 서초구 서초동 210-72','pjihun23@daum.net','M','일반','010-8374-1652',0);
Insert into CGV_DB.USER_INFO (USER_ID,USER_NAME,USER_PWD,NICKNAME,BIRTH,ADDRESS,EMAIL,GENDER,VIPGRADE,TEL,USER_CJPOINT) values ('lmikyung','임미경','N7z#WxKvT8F','busycat',to_date('92/08/20','RR/MM/DD'),'경기도 수원시 권선구 권선동 107-852','lmikyung@gmail.com','F','일반','010-4965-7238',0);
Insert into CGV_DB.USER_INFO (USER_ID,USER_NAME,USER_PWD,NICKNAME,BIRTH,ADDRESS,EMAIL,GENDER,VIPGRADE,TEL,USER_CJPOINT) values ('hdongjun','황동준','Jx#R9Kw3zT1B','피자헛둘셋넷',to_date('08/09/30','RR/MM/DD'),'경기도 평택시 서정동 845-12','hdongjun@gmail.com','M','일반','010-3728-5146',0);
Insert into CGV_DB.USER_INFO (USER_ID,USER_NAME,USER_PWD,NICKNAME,BIRTH,ADDRESS,EMAIL,GENDER,VIPGRADE,TEL,USER_CJPOINT) values ('sseungho','신승호','LdSxT4z#7Jw','newwin',to_date('86/07/25','RR/MM/DD'),'경기도 광주시 중대동 214-88','sseungho@gmail.com','M','일반','010-2653-7148',0);
Insert into CGV_DB.USER_INFO (USER_ID,USER_NAME,USER_PWD,NICKNAME,BIRTH,ADDRESS,EMAIL,GENDER,VIPGRADE,TEL,USER_CJPOINT) values ('hjiyoung9090','한지영','Mz5N@Cw#R8T','hugbear',to_date('77/03/26','RR/MM/DD'),'경기도 부천시 부천구 중동 54-80','hjiyoung9090@naver.com','F','일반','010-6482-3957',0);
Insert into CGV_DB.USER_INFO (USER_ID,USER_NAME,USER_PWD,NICKNAME,BIRTH,ADDRESS,EMAIL,GENDER,VIPGRADE,TEL,USER_CJPOINT) values ('psangmin','박상민','Wp#Jr9bLzV7K','sugarboy',to_date('94/06/23','RR/MM/DD'),'대구광역시 중구 남일동 321-54','psangmin@gmail.com','M','일반','010-7584-2369',0);
Insert into CGV_DB.USER_INFO (USER_ID,USER_NAME,USER_PWD,NICKNAME,BIRTH,ADDRESS,EMAIL,GENDER,VIPGRADE,TEL,USER_CJPOINT) values ('lyujin57','이유진','Sx#6rNjTzVd3','바니바니당근당근',to_date('90/01/22','RR/MM/DD'),'경기도 성남시 수정구 129-41','lyujin57@gmail.com','M','일반','010-9324-6587',0);
Insert into CGV_DB.USER_INFO (USER_ID,USER_NAME,USER_PWD,NICKNAME,BIRTH,ADDRESS,EMAIL,GENDER,VIPGRADE,TEL,USER_CJPOINT) values ('lyoungho','이영호','UvS#L4zRyKp9','cottonc',to_date('55/04/03','RR/MM/DD'),'서울특별시 동작구 상도동 678-98','lyoungho@gmail.com','M','일반','010-5178-3469',0);
Insert into CGV_DB.USER_INFO (USER_ID,USER_NAME,USER_PWD,NICKNAME,BIRTH,ADDRESS,EMAIL,GENDER,VIPGRADE,TEL,USER_CJPOINT) values ('jhyunjoo','조현주','Ix1Jd#WzNvR','커피는스벅',to_date('92/06/12','RR/MM/DD'),'경기도 고양시 일산동구 249-80','jhyunjoo@gmail.com','F','일반','010-4653-9278',0);
Insert into CGV_DB.USER_INFO (USER_ID,USER_NAME,USER_PWD,NICKNAME,BIRTH,ADDRESS,EMAIL,GENDER,VIPGRADE,TEL,USER_CJPOINT) values ('mjew123','문지우','3T7Gp#HjLrXw','달나라토끼',to_date('93/08/25','RR/MM/DD'),'경기도 수원시 팔달구 인계동 321-54','mjew123@gmail.com','F','일반','010-8742-3169',0);
Insert into CGV_DB.USER_INFO (USER_ID,USER_NAME,USER_PWD,NICKNAME,BIRTH,ADDRESS,EMAIL,GENDER,VIPGRADE,TEL,USER_CJPOINT) values ('kjinyoung','강진영','Rz#5NwJr7Hb','riverside',to_date('78/08/13','RR/MM/DD'),'서울특별시 종로구 광화문 753-21','kjinyoung@gmail.com','M','일반','010-6942-1837',0);
Insert into CGV_DB.USER_INFO (USER_ID,USER_NAME,USER_PWD,NICKNAME,BIRTH,ADDRESS,EMAIL,GENDER,VIPGRADE,TEL,USER_CJPOINT) values ('ssoobin','장수빈','PwDySvR#X8j9','숩빈',to_date('88/09/17','RR/MM/DD'),'강원도 속초시 동해면 389-77','ssoobin@daum.net','F','일반','010-3187-9564',0);
Insert into CGV_DB.USER_INFO (USER_ID,USER_NAME,USER_PWD,NICKNAME,BIRTH,ADDRESS,EMAIL,GENDER,VIPGRADE,TEL,USER_CJPOINT) values ('kjiya899','김지아','Kz#F5jRd2NvW','영화덕후',to_date('96/02/05','RR/MM/DD'),'경기도 용인시 수지구 풍덕천동 209-53','kjiya899@gmail.com','F','일반','010-9256-7314',0);
Insert into CGV_DB.USER_INFO (USER_ID,USER_NAME,USER_PWD,NICKNAME,BIRTH,ADDRESS,EMAIL,GENDER,VIPGRADE,TEL,USER_CJPOINT) values ('sjaeho005','신재호','BvPzR6j#LwN','호랑이어흥',to_date('75/09/12','RR/MM/DD'),'울산광역시 남구 무거동 753-21','sjaeho005@gmail.com','M','일반','010-8743-2169',0);
Insert into CGV_DB.USER_INFO (USER_ID,USER_NAME,USER_PWD,NICKNAME,BIRTH,ADDRESS,EMAIL,GENDER,VIPGRADE,TEL,USER_CJPOINT) values ('ljewon8989','임지원','ExKw#T4Rd1y','문희다칩니다',to_date('85/06/14','RR/MM/DD'),'서울특별시 송파구 잠실동 492-53','ljewon8989@naver.com','F','일반','010-2938-4765',0);
Insert into CGV_DB.USER_INFO (USER_ID,USER_NAME,USER_PWD,NICKNAME,BIRTH,ADDRESS,EMAIL,GENDER,VIPGRADE,TEL,USER_CJPOINT) values ('sungjun5','김성준','F6KwLr#Vd4y','기요미성준',to_date('91/05/29','RR/MM/DD'),'전라도 곡성군 곡성읍 758-11','sungjun5@gmail.com','M','일반','010-5739-8162',0);
REM INSERTING into CGV_DB.VIEW_HISTORY
SET DEFINE OFF;
Insert into CGV_DB.VIEW_HISTORY (USER_ID,MV_ID,MV_TITLE,VIEW_DATETIME,CINEMA_ID,THEATER_ID,NUM_PEOPLE,MY_MVREVIEW) values ('shysong',1,'아이유 콘서트 : 더 골든 아워 ',to_date('23/09/14','RR/MM/DD'),'23  ','1002',1,null);
REM INSERTING into CGV_DB.VIP_GRADE
SET DEFINE OFF;
Insert into CGV_DB.VIP_GRADE (USER_ID,VIP_DATE,RVIP_DATE,VVIP_DATE,SVIP_DATE) values ('beomzz6',null,null,null,null);
Insert into CGV_DB.VIP_GRADE (USER_ID,VIP_DATE,RVIP_DATE,VVIP_DATE,SVIP_DATE) values ('shysong',to_date('14/02/27','RR/MM/DD'),to_date('15/01/05','RR/MM/DD'),to_date('18/06/15','RR/MM/DD'),null);
Insert into CGV_DB.VIP_GRADE (USER_ID,VIP_DATE,RVIP_DATE,VVIP_DATE,SVIP_DATE) values ('letsgo82',null,null,null,null);
Insert into CGV_DB.VIP_GRADE (USER_ID,VIP_DATE,RVIP_DATE,VVIP_DATE,SVIP_DATE) values ('jaegy112',null,null,null,null);
Insert into CGV_DB.VIP_GRADE (USER_ID,VIP_DATE,RVIP_DATE,VVIP_DATE,SVIP_DATE) values ('gseoo1209',to_date('22/10/30','RR/MM/DD'),null,null,null);
Insert into CGV_DB.VIP_GRADE (USER_ID,VIP_DATE,RVIP_DATE,VVIP_DATE,SVIP_DATE) values ('zzuro77',to_date('21/12/27','RR/MM/DD'),to_date('22/12/04','RR/MM/DD'),null,null);
Insert into CGV_DB.VIP_GRADE (USER_ID,VIP_DATE,RVIP_DATE,VVIP_DATE,SVIP_DATE) values ('moonlight12',null,null,null,null);
Insert into CGV_DB.VIP_GRADE (USER_ID,VIP_DATE,RVIP_DATE,VVIP_DATE,SVIP_DATE) values ('zerocoke2',null,null,null,null);
Insert into CGV_DB.VIP_GRADE (USER_ID,VIP_DATE,RVIP_DATE,VVIP_DATE,SVIP_DATE) values ('jjiniyou',null,null,null,null);
Insert into CGV_DB.VIP_GRADE (USER_ID,VIP_DATE,RVIP_DATE,VVIP_DATE,SVIP_DATE) values ('honggd1',null,null,null,null);
Insert into CGV_DB.VIP_GRADE (USER_ID,VIP_DATE,RVIP_DATE,VVIP_DATE,SVIP_DATE) values ('jjangguya',null,null,null,null);
Insert into CGV_DB.VIP_GRADE (USER_ID,VIP_DATE,RVIP_DATE,VVIP_DATE,SVIP_DATE) values ('parkyh45',null,null,null,null);
Insert into CGV_DB.VIP_GRADE (USER_ID,VIP_DATE,RVIP_DATE,VVIP_DATE,SVIP_DATE) values ('dlwlrma1',null,null,null,null);
Insert into CGV_DB.VIP_GRADE (USER_ID,VIP_DATE,RVIP_DATE,VVIP_DATE,SVIP_DATE) values ('reallllmino',null,null,null,null);
Insert into CGV_DB.VIP_GRADE (USER_ID,VIP_DATE,RVIP_DATE,VVIP_DATE,SVIP_DATE) values ('kyounghui',null,null,null,null);
Insert into CGV_DB.VIP_GRADE (USER_ID,VIP_DATE,RVIP_DATE,VVIP_DATE,SVIP_DATE) values ('lseongmin',null,null,null,null);
Insert into CGV_DB.VIP_GRADE (USER_ID,VIP_DATE,RVIP_DATE,VVIP_DATE,SVIP_DATE) values ('cyounghsu',null,null,null,null);
Insert into CGV_DB.VIP_GRADE (USER_ID,VIP_DATE,RVIP_DATE,VVIP_DATE,SVIP_DATE) values ('pjiyoung',null,null,null,null);
Insert into CGV_DB.VIP_GRADE (USER_ID,VIP_DATE,RVIP_DATE,VVIP_DATE,SVIP_DATE) values ('kminji66',null,null,null,null);
Insert into CGV_DB.VIP_GRADE (USER_ID,VIP_DATE,RVIP_DATE,VVIP_DATE,SVIP_DATE) values ('jjangyoung',null,null,null,null);
Insert into CGV_DB.VIP_GRADE (USER_ID,VIP_DATE,RVIP_DATE,VVIP_DATE,SVIP_DATE) values ('oyoungho',null,null,null,null);
Insert into CGV_DB.VIP_GRADE (USER_ID,VIP_DATE,RVIP_DATE,VVIP_DATE,SVIP_DATE) values ('ksumin7',null,null,null,null);
Insert into CGV_DB.VIP_GRADE (USER_ID,VIP_DATE,RVIP_DATE,VVIP_DATE,SVIP_DATE) values ('sjew8545',null,null,null,null);
Insert into CGV_DB.VIP_GRADE (USER_ID,VIP_DATE,RVIP_DATE,VVIP_DATE,SVIP_DATE) values ('jggap000',null,null,null,null);
Insert into CGV_DB.VIP_GRADE (USER_ID,VIP_DATE,RVIP_DATE,VVIP_DATE,SVIP_DATE) values ('nhyuna',null,null,null,null);
Insert into CGV_DB.VIP_GRADE (USER_ID,VIP_DATE,RVIP_DATE,VVIP_DATE,SVIP_DATE) values ('pjihun23',null,null,null,null);
Insert into CGV_DB.VIP_GRADE (USER_ID,VIP_DATE,RVIP_DATE,VVIP_DATE,SVIP_DATE) values ('lmikyung',null,null,null,null);
Insert into CGV_DB.VIP_GRADE (USER_ID,VIP_DATE,RVIP_DATE,VVIP_DATE,SVIP_DATE) values ('hdongjun',null,null,null,null);
Insert into CGV_DB.VIP_GRADE (USER_ID,VIP_DATE,RVIP_DATE,VVIP_DATE,SVIP_DATE) values ('sseungho',null,null,null,null);
Insert into CGV_DB.VIP_GRADE (USER_ID,VIP_DATE,RVIP_DATE,VVIP_DATE,SVIP_DATE) values ('hjiyoung9090',null,null,null,null);
Insert into CGV_DB.VIP_GRADE (USER_ID,VIP_DATE,RVIP_DATE,VVIP_DATE,SVIP_DATE) values ('psangmin',null,null,null,null);
Insert into CGV_DB.VIP_GRADE (USER_ID,VIP_DATE,RVIP_DATE,VVIP_DATE,SVIP_DATE) values ('lyujin57',null,null,null,null);
Insert into CGV_DB.VIP_GRADE (USER_ID,VIP_DATE,RVIP_DATE,VVIP_DATE,SVIP_DATE) values ('lyoungho',null,null,null,null);
Insert into CGV_DB.VIP_GRADE (USER_ID,VIP_DATE,RVIP_DATE,VVIP_DATE,SVIP_DATE) values ('jhyunjoo',null,null,null,null);
Insert into CGV_DB.VIP_GRADE (USER_ID,VIP_DATE,RVIP_DATE,VVIP_DATE,SVIP_DATE) values ('mjew123',null,null,null,null);
Insert into CGV_DB.VIP_GRADE (USER_ID,VIP_DATE,RVIP_DATE,VVIP_DATE,SVIP_DATE) values ('kjinyoung',null,null,null,null);
Insert into CGV_DB.VIP_GRADE (USER_ID,VIP_DATE,RVIP_DATE,VVIP_DATE,SVIP_DATE) values ('ssoobin',null,null,null,null);
Insert into CGV_DB.VIP_GRADE (USER_ID,VIP_DATE,RVIP_DATE,VVIP_DATE,SVIP_DATE) values ('kjiya899',null,null,null,null);
Insert into CGV_DB.VIP_GRADE (USER_ID,VIP_DATE,RVIP_DATE,VVIP_DATE,SVIP_DATE) values ('sjaeho005',null,null,null,null);
Insert into CGV_DB.VIP_GRADE (USER_ID,VIP_DATE,RVIP_DATE,VVIP_DATE,SVIP_DATE) values ('ljewon8989',null,null,null,null);
Insert into CGV_DB.VIP_GRADE (USER_ID,VIP_DATE,RVIP_DATE,VVIP_DATE,SVIP_DATE) values ('yjaemin',null,null,null,null);
Insert into CGV_DB.VIP_GRADE (USER_ID,VIP_DATE,RVIP_DATE,VVIP_DATE,SVIP_DATE) values ('ocaywon00',null,null,null,null);
Insert into CGV_DB.VIP_GRADE (USER_ID,VIP_DATE,RVIP_DATE,VVIP_DATE,SVIP_DATE) values ('junwww',null,null,null,null);
Insert into CGV_DB.VIP_GRADE (USER_ID,VIP_DATE,RVIP_DATE,VVIP_DATE,SVIP_DATE) values ('seeunk3',null,null,null,null);
Insert into CGV_DB.VIP_GRADE (USER_ID,VIP_DATE,RVIP_DATE,VVIP_DATE,SVIP_DATE) values ('songjjmm',null,null,null,null);
Insert into CGV_DB.VIP_GRADE (USER_ID,VIP_DATE,RVIP_DATE,VVIP_DATE,SVIP_DATE) values ('youngh',null,null,null,null);
Insert into CGV_DB.VIP_GRADE (USER_ID,VIP_DATE,RVIP_DATE,VVIP_DATE,SVIP_DATE) values ('missun',null,null,null,null);
Insert into CGV_DB.VIP_GRADE (USER_ID,VIP_DATE,RVIP_DATE,VVIP_DATE,SVIP_DATE) values ('hoho123',null,null,null,null);
Insert into CGV_DB.VIP_GRADE (USER_ID,VIP_DATE,RVIP_DATE,VVIP_DATE,SVIP_DATE) values ('kdh987',null,null,null,null);
Insert into CGV_DB.VIP_GRADE (USER_ID,VIP_DATE,RVIP_DATE,VVIP_DATE,SVIP_DATE) values ('sungjun5',null,null,null,null);
REM INSERTING into CGV_DB.WINNER
SET DEFINE OFF;
REM INSERTING into CGV_DB.WISH_MOVIE
SET DEFINE OFF;
Insert into CGV_DB.WISH_MOVIE (USER_ID,MV_ID) values ('beomzz6',5);
Insert into CGV_DB.WISH_MOVIE (USER_ID,MV_ID) values ('shysong',1);
Insert into CGV_DB.WISH_MOVIE (USER_ID,MV_ID) values ('letsgo82',3);
Insert into CGV_DB.WISH_MOVIE (USER_ID,MV_ID) values ('jaegy112',2);
Insert into CGV_DB.WISH_MOVIE (USER_ID,MV_ID) values ('zzuro77',4);
Insert into CGV_DB.WISH_MOVIE (USER_ID,MV_ID) values ('moonlight12',2);
Insert into CGV_DB.WISH_MOVIE (USER_ID,MV_ID) values ('zerocoke2',5);
Insert into CGV_DB.WISH_MOVIE (USER_ID,MV_ID) values ('jjiniyou',13);
Insert into CGV_DB.WISH_MOVIE (USER_ID,MV_ID) values ('honggd1',16);
Insert into CGV_DB.WISH_MOVIE (USER_ID,MV_ID) values ('jjangguya',14);
Insert into CGV_DB.WISH_MOVIE (USER_ID,MV_ID) values ('parkyh45',10);
Insert into CGV_DB.WISH_MOVIE (USER_ID,MV_ID) values ('dlwlrma1',3);
Insert into CGV_DB.WISH_MOVIE (USER_ID,MV_ID) values ('reallllmino',13);
Insert into CGV_DB.WISH_MOVIE (USER_ID,MV_ID) values ('kyounghui',12);
Insert into CGV_DB.WISH_MOVIE (USER_ID,MV_ID) values ('lseongmin',9);
Insert into CGV_DB.WISH_MOVIE (USER_ID,MV_ID) values ('cyounghsu',16);
Insert into CGV_DB.WISH_MOVIE (USER_ID,MV_ID) values ('pjiyoung',11);
Insert into CGV_DB.WISH_MOVIE (USER_ID,MV_ID) values ('kminji66',8);
Insert into CGV_DB.WISH_MOVIE (USER_ID,MV_ID) values ('jjangyoung',16);
Insert into CGV_DB.WISH_MOVIE (USER_ID,MV_ID) values ('oyoungho',9);
Insert into CGV_DB.WISH_MOVIE (USER_ID,MV_ID) values ('ksumin7',10);
Insert into CGV_DB.WISH_MOVIE (USER_ID,MV_ID) values ('sjew8545',2);
Insert into CGV_DB.WISH_MOVIE (USER_ID,MV_ID) values ('jggap000',15);
Insert into CGV_DB.WISH_MOVIE (USER_ID,MV_ID) values ('nhyuna',4);
Insert into CGV_DB.WISH_MOVIE (USER_ID,MV_ID) values ('pjihun23',13);
Insert into CGV_DB.WISH_MOVIE (USER_ID,MV_ID) values ('lmikyung',12);
Insert into CGV_DB.WISH_MOVIE (USER_ID,MV_ID) values ('hdongjun',1);
Insert into CGV_DB.WISH_MOVIE (USER_ID,MV_ID) values ('sseungho',19);
Insert into CGV_DB.WISH_MOVIE (USER_ID,MV_ID) values ('hjiyoung9090',3);
Insert into CGV_DB.WISH_MOVIE (USER_ID,MV_ID) values ('psangmin',1);
Insert into CGV_DB.WISH_MOVIE (USER_ID,MV_ID) values ('lyujin57',4);
Insert into CGV_DB.WISH_MOVIE (USER_ID,MV_ID) values ('lyoungho',12);
Insert into CGV_DB.WISH_MOVIE (USER_ID,MV_ID) values ('jhyunjoo',18);
Insert into CGV_DB.WISH_MOVIE (USER_ID,MV_ID) values ('mjew123',5);
Insert into CGV_DB.WISH_MOVIE (USER_ID,MV_ID) values ('kjinyoung',17);
Insert into CGV_DB.WISH_MOVIE (USER_ID,MV_ID) values ('ssoobin',16);
Insert into CGV_DB.WISH_MOVIE (USER_ID,MV_ID) values ('kjiya899',1);
Insert into CGV_DB.WISH_MOVIE (USER_ID,MV_ID) values ('sjaeho005',6);
Insert into CGV_DB.WISH_MOVIE (USER_ID,MV_ID) values ('ljewon8989',5);
Insert into CGV_DB.WISH_MOVIE (USER_ID,MV_ID) values ('yjaemin',4);
Insert into CGV_DB.WISH_MOVIE (USER_ID,MV_ID) values ('ocaywon00',11);
Insert into CGV_DB.WISH_MOVIE (USER_ID,MV_ID) values ('junwww',7);
Insert into CGV_DB.WISH_MOVIE (USER_ID,MV_ID) values ('seeunk3',18);
Insert into CGV_DB.WISH_MOVIE (USER_ID,MV_ID) values ('songjjmm',19);
Insert into CGV_DB.WISH_MOVIE (USER_ID,MV_ID) values ('youngh',2);
Insert into CGV_DB.WISH_MOVIE (USER_ID,MV_ID) values ('missun',17);
Insert into CGV_DB.WISH_MOVIE (USER_ID,MV_ID) values ('hoho123',1);
Insert into CGV_DB.WISH_MOVIE (USER_ID,MV_ID) values ('kdh987',18);
Insert into CGV_DB.WISH_MOVIE (USER_ID,MV_ID) values ('sungjun5',1);
--------------------------------------------------------
--  DDL for Index PK_MY_REVIEW
--------------------------------------------------------

  CREATE UNIQUE INDEX "CGV_DB"."PK_MY_REVIEW" ON "CGV_DB"."MY_REVIEW" ("USER_ID", "MV_ID") 
  PCTFREE 10 INITRANS 2 MAXTRANS 255 COMPUTE STATISTICS 
  STORAGE(INITIAL 65536 NEXT 1048576 MINEXTENTS 1 MAXEXTENTS 2147483645
  PCTINCREASE 0 FREELISTS 1 FREELIST GROUPS 1 BUFFER_POOL DEFAULT FLASH_CACHE DEFAULT CELL_FLASH_CACHE DEFAULT)
  TABLESPACE "SYSTEM" ;
--------------------------------------------------------
--  DDL for Index PK_COUP_CATEGORY
--------------------------------------------------------

  CREATE UNIQUE INDEX "CGV_DB"."PK_COUP_CATEGORY" ON "CGV_DB"."COUP_CATEGORY" ("COUP_ID") 
  PCTFREE 10 INITRANS 2 MAXTRANS 255 COMPUTE STATISTICS 
  STORAGE(INITIAL 65536 NEXT 1048576 MINEXTENTS 1 MAXEXTENTS 2147483645
  PCTINCREASE 0 FREELISTS 1 FREELIST GROUPS 1 BUFFER_POOL DEFAULT FLASH_CACHE DEFAULT CELL_FLASH_CACHE DEFAULT)
  TABLESPACE "SYSTEM" ;
--------------------------------------------------------
--  DDL for Index PK_M_DIRECTOR
--------------------------------------------------------

  CREATE UNIQUE INDEX "CGV_DB"."PK_M_DIRECTOR" ON "CGV_DB"."M_DIRECTOR" ("M_ID") 
  PCTFREE 10 INITRANS 2 MAXTRANS 255 COMPUTE STATISTICS 
  STORAGE(INITIAL 65536 NEXT 1048576 MINEXTENTS 1 MAXEXTENTS 2147483645
  PCTINCREASE 0 FREELISTS 1 FREELIST GROUPS 1 BUFFER_POOL DEFAULT FLASH_CACHE DEFAULT CELL_FLASH_CACHE DEFAULT)
  TABLESPACE "SYSTEM" ;
--------------------------------------------------------
--  DDL for Index PK_TEMPORARY
--------------------------------------------------------

  CREATE UNIQUE INDEX "CGV_DB"."PK_TEMPORARY" ON "CGV_DB"."TEMPORARY" ("TEMP_ID") 
  PCTFREE 10 INITRANS 2 MAXTRANS 255 COMPUTE STATISTICS 
  STORAGE(INITIAL 65536 NEXT 1048576 MINEXTENTS 1 MAXEXTENTS 2147483645
  PCTINCREASE 0 FREELISTS 1 FREELIST GROUPS 1 BUFFER_POOL DEFAULT FLASH_CACHE DEFAULT CELL_FLASH_CACHE DEFAULT)
  TABLESPACE "SYSTEM" ;
--------------------------------------------------------
--  DDL for Index PK_USER_INFO
--------------------------------------------------------

  CREATE UNIQUE INDEX "CGV_DB"."PK_USER_INFO" ON "CGV_DB"."USER_INFO" ("USER_ID") 
  PCTFREE 10 INITRANS 2 MAXTRANS 255 COMPUTE STATISTICS 
  STORAGE(INITIAL 65536 NEXT 1048576 MINEXTENTS 1 MAXEXTENTS 2147483645
  PCTINCREASE 0 FREELISTS 1 FREELIST GROUPS 1 BUFFER_POOL DEFAULT FLASH_CACHE DEFAULT CELL_FLASH_CACHE DEFAULT)
  TABLESPACE "SYSTEM" ;
--------------------------------------------------------
--  DDL for Index PK_SEAT_RS
--------------------------------------------------------

  CREATE UNIQUE INDEX "CGV_DB"."PK_SEAT_RS" ON "CGV_DB"."SEAT_RS" ("SHOW_ID", "SEAT_CODE") 
  PCTFREE 10 INITRANS 2 MAXTRANS 255 COMPUTE STATISTICS 
  STORAGE(INITIAL 65536 NEXT 1048576 MINEXTENTS 1 MAXEXTENTS 2147483645
  PCTINCREASE 0 FREELISTS 1 FREELIST GROUPS 1 BUFFER_POOL DEFAULT FLASH_CACHE DEFAULT CELL_FLASH_CACHE DEFAULT)
  TABLESPACE "SYSTEM" ;
--------------------------------------------------------
--  DDL for Index PK_CJONE_COUP
--------------------------------------------------------

  CREATE UNIQUE INDEX "CGV_DB"."PK_CJONE_COUP" ON "CGV_DB"."CJONE_COUP" ("COUP_ID", "USER_ID") 
  PCTFREE 10 INITRANS 2 MAXTRANS 255 COMPUTE STATISTICS 
  STORAGE(INITIAL 65536 NEXT 1048576 MINEXTENTS 1 MAXEXTENTS 2147483645
  PCTINCREASE 0 FREELISTS 1 FREELIST GROUPS 1 BUFFER_POOL DEFAULT FLASH_CACHE DEFAULT CELL_FLASH_CACHE DEFAULT)
  TABLESPACE "SYSTEM" ;
--------------------------------------------------------
--  DDL for Index PK_BASKET
--------------------------------------------------------

  CREATE UNIQUE INDEX "CGV_DB"."PK_BASKET" ON "CGV_DB"."BASKET" ("BASKET_ID", "STORE_ID") 
  PCTFREE 10 INITRANS 2 MAXTRANS 255 COMPUTE STATISTICS 
  STORAGE(INITIAL 65536 NEXT 1048576 MINEXTENTS 1 MAXEXTENTS 2147483645
  PCTINCREASE 0 FREELISTS 1 FREELIST GROUPS 1 BUFFER_POOL DEFAULT FLASH_CACHE DEFAULT CELL_FLASH_CACHE DEFAULT)
  TABLESPACE "SYSTEM" ;
--------------------------------------------------------
--  DDL for Index PK_WINNER
--------------------------------------------------------

  CREATE UNIQUE INDEX "CGV_DB"."PK_WINNER" ON "CGV_DB"."WINNER" ("WIN_ID") 
  PCTFREE 10 INITRANS 2 MAXTRANS 255 COMPUTE STATISTICS 
  STORAGE(INITIAL 65536 NEXT 1048576 MINEXTENTS 1 MAXEXTENTS 2147483645
  PCTINCREASE 0 FREELISTS 1 FREELIST GROUPS 1 BUFFER_POOL DEFAULT FLASH_CACHE DEFAULT CELL_FLASH_CACHE DEFAULT)
  TABLESPACE "SYSTEM" ;
--------------------------------------------------------
--  DDL for Index GIFTCARD
--------------------------------------------------------

  CREATE UNIQUE INDEX "CGV_DB"."GIFTCARD" ON "CGV_DB"."GIFTCARD" ("GIFTCARD_ID") 
  PCTFREE 10 INITRANS 2 MAXTRANS 255 COMPUTE STATISTICS 
  STORAGE(INITIAL 65536 NEXT 1048576 MINEXTENTS 1 MAXEXTENTS 2147483645
  PCTINCREASE 0 FREELISTS 1 FREELIST GROUPS 1 BUFFER_POOL DEFAULT FLASH_CACHE DEFAULT CELL_FLASH_CACHE DEFAULT)
  TABLESPACE "SYSTEM" ;
--------------------------------------------------------
--  DDL for Index PK_STORE_ORDER
--------------------------------------------------------

  CREATE UNIQUE INDEX "CGV_DB"."PK_STORE_ORDER" ON "CGV_DB"."STORE_ORDER" ("ST_ORDER_ID") 
  PCTFREE 10 INITRANS 2 MAXTRANS 255 COMPUTE STATISTICS 
  STORAGE(INITIAL 65536 NEXT 1048576 MINEXTENTS 1 MAXEXTENTS 2147483645
  PCTINCREASE 0 FREELISTS 1 FREELIST GROUPS 1 BUFFER_POOL DEFAULT FLASH_CACHE DEFAULT CELL_FLASH_CACHE DEFAULT)
  TABLESPACE "SYSTEM" ;
--------------------------------------------------------
--  DDL for Index PK_SHOW
--------------------------------------------------------

  CREATE UNIQUE INDEX "CGV_DB"."PK_SHOW" ON "CGV_DB"."SHOW" ("SHOW_ID") 
  PCTFREE 10 INITRANS 2 MAXTRANS 255 COMPUTE STATISTICS 
  STORAGE(INITIAL 65536 NEXT 1048576 MINEXTENTS 1 MAXEXTENTS 2147483645
  PCTINCREASE 0 FREELISTS 1 FREELIST GROUPS 1 BUFFER_POOL DEFAULT FLASH_CACHE DEFAULT CELL_FLASH_CACHE DEFAULT)
  TABLESPACE "SYSTEM" ;
--------------------------------------------------------
--  DDL for Index PK_VIP_GRADE
--------------------------------------------------------

  CREATE UNIQUE INDEX "CGV_DB"."PK_VIP_GRADE" ON "CGV_DB"."VIP_GRADE" ("USER_ID") 
  PCTFREE 10 INITRANS 2 MAXTRANS 255 COMPUTE STATISTICS 
  STORAGE(INITIAL 65536 NEXT 1048576 MINEXTENTS 1 MAXEXTENTS 2147483645
  PCTINCREASE 0 FREELISTS 1 FREELIST GROUPS 1 BUFFER_POOL DEFAULT FLASH_CACHE DEFAULT CELL_FLASH_CACHE DEFAULT)
  TABLESPACE "SYSTEM" ;
--------------------------------------------------------
--  DDL for Index PK_SCREEN
--------------------------------------------------------

  CREATE UNIQUE INDEX "CGV_DB"."PK_SCREEN" ON "CGV_DB"."SCREEN" ("SCREEN_ID") 
  PCTFREE 10 INITRANS 2 MAXTRANS 255 COMPUTE STATISTICS 
  STORAGE(INITIAL 65536 NEXT 1048576 MINEXTENTS 1 MAXEXTENTS 2147483645
  PCTINCREASE 0 FREELISTS 1 FREELIST GROUPS 1 BUFFER_POOL DEFAULT FLASH_CACHE DEFAULT CELL_FLASH_CACHE DEFAULT)
  TABLESPACE "SYSTEM" ;
--------------------------------------------------------
--  DDL for Index PK_TRAILER
--------------------------------------------------------

  CREATE UNIQUE INDEX "CGV_DB"."PK_TRAILER" ON "CGV_DB"."TRAILER" ("MV_ID") 
  PCTFREE 10 INITRANS 2 MAXTRANS 255 COMPUTE STATISTICS 
  STORAGE(INITIAL 65536 NEXT 1048576 MINEXTENTS 1 MAXEXTENTS 2147483645
  PCTINCREASE 0 FREELISTS 1 FREELIST GROUPS 1 BUFFER_POOL DEFAULT FLASH_CACHE DEFAULT CELL_FLASH_CACHE DEFAULT)
  TABLESPACE "SYSTEM" ;
--------------------------------------------------------
--  DDL for Index PK_BOOKMARK_CGV
--------------------------------------------------------

  CREATE UNIQUE INDEX "CGV_DB"."PK_BOOKMARK_CGV" ON "CGV_DB"."BOOKMARK_CGV" ("USER_ID") 
  PCTFREE 10 INITRANS 2 MAXTRANS 255 COMPUTE STATISTICS 
  STORAGE(INITIAL 65536 NEXT 1048576 MINEXTENTS 1 MAXEXTENTS 2147483645
  PCTINCREASE 0 FREELISTS 1 FREELIST GROUPS 1 BUFFER_POOL DEFAULT FLASH_CACHE DEFAULT CELL_FLASH_CACHE DEFAULT)
  TABLESPACE "SYSTEM" ;
--------------------------------------------------------
--  DDL for Index CGV_CLUB
--------------------------------------------------------

  CREATE UNIQUE INDEX "CGV_DB"."CGV_CLUB" ON "CGV_DB"."CGV_CLUB" ("USER_ID", "CLUB_ID") 
  PCTFREE 10 INITRANS 2 MAXTRANS 255 COMPUTE STATISTICS 
  STORAGE(INITIAL 65536 NEXT 1048576 MINEXTENTS 1 MAXEXTENTS 2147483645
  PCTINCREASE 0 FREELISTS 1 FREELIST GROUPS 1 BUFFER_POOL DEFAULT FLASH_CACHE DEFAULT CELL_FLASH_CACHE DEFAULT)
  TABLESPACE "SYSTEM" ;
--------------------------------------------------------
--  DDL for Index PK_BASKET_ID
--------------------------------------------------------

  CREATE UNIQUE INDEX "CGV_DB"."PK_BASKET_ID" ON "CGV_DB"."BASKET_ID" ("BASKET_ID") 
  PCTFREE 10 INITRANS 2 MAXTRANS 255 COMPUTE STATISTICS 
  STORAGE(INITIAL 65536 NEXT 1048576 MINEXTENTS 1 MAXEXTENTS 2147483645
  PCTINCREASE 0 FREELISTS 1 FREELIST GROUPS 1 BUFFER_POOL DEFAULT FLASH_CACHE DEFAULT CELL_FLASH_CACHE DEFAULT)
  TABLESPACE "SYSTEM" ;
--------------------------------------------------------
--  DDL for Index PK_STORE
--------------------------------------------------------

  CREATE UNIQUE INDEX "CGV_DB"."PK_STORE" ON "CGV_DB"."STORE" ("STORE_ID") 
  PCTFREE 10 INITRANS 2 MAXTRANS 255 COMPUTE STATISTICS 
  STORAGE(INITIAL 65536 NEXT 1048576 MINEXTENTS 1 MAXEXTENTS 2147483645
  PCTINCREASE 0 FREELISTS 1 FREELIST GROUPS 1 BUFFER_POOL DEFAULT FLASH_CACHE DEFAULT CELL_FLASH_CACHE DEFAULT)
  TABLESPACE "SYSTEM" ;
--------------------------------------------------------
--  DDL for Index UK_BASKET_ID
--------------------------------------------------------

  CREATE UNIQUE INDEX "CGV_DB"."UK_BASKET_ID" ON "CGV_DB"."BASKET_ID" ("USER_ID") 
  PCTFREE 10 INITRANS 2 MAXTRANS 255 COMPUTE STATISTICS 
  STORAGE(INITIAL 65536 NEXT 1048576 MINEXTENTS 1 MAXEXTENTS 2147483645
  PCTINCREASE 0 FREELISTS 1 FREELIST GROUPS 1 BUFFER_POOL DEFAULT FLASH_CACHE DEFAULT CELL_FLASH_CACHE DEFAULT)
  TABLESPACE "SYSTEM" ;
--------------------------------------------------------
--  DDL for Index PK_CARD_CATEGORY
--------------------------------------------------------

  CREATE UNIQUE INDEX "CGV_DB"."PK_CARD_CATEGORY" ON "CGV_DB"."CARD_CATEGORY" ("CARD_ID") 
  PCTFREE 10 INITRANS 2 MAXTRANS 255 COMPUTE STATISTICS 
  STORAGE(INITIAL 65536 NEXT 1048576 MINEXTENTS 1 MAXEXTENTS 2147483645
  PCTINCREASE 0 FREELISTS 1 FREELIST GROUPS 1 BUFFER_POOL DEFAULT FLASH_CACHE DEFAULT CELL_FLASH_CACHE DEFAULT)
  TABLESPACE "SYSTEM" ;
--------------------------------------------------------
--  DDL for Index PK_MOVIE
--------------------------------------------------------

  CREATE UNIQUE INDEX "CGV_DB"."PK_MOVIE" ON "CGV_DB"."MOVIE" ("MV_ID") 
  PCTFREE 10 INITRANS 2 MAXTRANS 255 COMPUTE STATISTICS 
  STORAGE(INITIAL 65536 NEXT 1048576 MINEXTENTS 1 MAXEXTENTS 2147483645
  PCTINCREASE 0 FREELISTS 1 FREELIST GROUPS 1 BUFFER_POOL DEFAULT FLASH_CACHE DEFAULT CELL_FLASH_CACHE DEFAULT)
  TABLESPACE "SYSTEM" ;
--------------------------------------------------------
--  DDL for Index DIS_CARD
--------------------------------------------------------

  CREATE UNIQUE INDEX "CGV_DB"."DIS_CARD" ON "CGV_DB"."DIS_CARD" ("CARD_ID") 
  PCTFREE 10 INITRANS 2 MAXTRANS 255 COMPUTE STATISTICS 
  STORAGE(INITIAL 65536 NEXT 1048576 MINEXTENTS 1 MAXEXTENTS 2147483645
  PCTINCREASE 0 FREELISTS 1 FREELIST GROUPS 1 BUFFER_POOL DEFAULT FLASH_CACHE DEFAULT CELL_FLASH_CACHE DEFAULT)
  TABLESPACE "SYSTEM" ;
--------------------------------------------------------
--  DDL for Index PK_CGV_COUP
--------------------------------------------------------

  CREATE UNIQUE INDEX "CGV_DB"."PK_CGV_COUP" ON "CGV_DB"."CGV_COUP" ("USER_ID", "COUP_ID") 
  PCTFREE 10 INITRANS 2 MAXTRANS 255 COMPUTE STATISTICS 
  STORAGE(INITIAL 65536 NEXT 1048576 MINEXTENTS 1 MAXEXTENTS 2147483645
  PCTINCREASE 0 FREELISTS 1 FREELIST GROUPS 1 BUFFER_POOL DEFAULT FLASH_CACHE DEFAULT CELL_FLASH_CACHE DEFAULT)
  TABLESPACE "SYSTEM" ;
--------------------------------------------------------
--  DDL for Index PF_MVPAYID
--------------------------------------------------------

  CREATE UNIQUE INDEX "CGV_DB"."PF_MVPAYID" ON "CGV_DB"."CJ_POINT" ("MV_PAY_ID") 
  PCTFREE 10 INITRANS 2 MAXTRANS 255 COMPUTE STATISTICS 
  STORAGE(INITIAL 65536 NEXT 1048576 MINEXTENTS 1 MAXEXTENTS 2147483645
  PCTINCREASE 0 FREELISTS 1 FREELIST GROUPS 1 BUFFER_POOL DEFAULT FLASH_CACHE DEFAULT CELL_FLASH_CACHE DEFAULT)
  TABLESPACE "SYSTEM" ;
--------------------------------------------------------
--  DDL for Index PK_THEATER
--------------------------------------------------------

  CREATE UNIQUE INDEX "CGV_DB"."PK_THEATER" ON "CGV_DB"."THEATER" ("THEATER_ID") 
  PCTFREE 10 INITRANS 2 MAXTRANS 255 COMPUTE STATISTICS 
  STORAGE(INITIAL 65536 NEXT 1048576 MINEXTENTS 1 MAXEXTENTS 2147483645
  PCTINCREASE 0 FREELISTS 1 FREELIST GROUPS 1 BUFFER_POOL DEFAULT FLASH_CACHE DEFAULT CELL_FLASH_CACHE DEFAULT)
  TABLESPACE "SYSTEM" ;
--------------------------------------------------------
--  DDL for Index PK_EVENT
--------------------------------------------------------

  CREATE UNIQUE INDEX "CGV_DB"."PK_EVENT" ON "CGV_DB"."EVENT" ("EVENT_ID") 
  PCTFREE 10 INITRANS 2 MAXTRANS 255 COMPUTE STATISTICS 
  STORAGE(INITIAL 65536 NEXT 1048576 MINEXTENTS 1 MAXEXTENTS 2147483645
  PCTINCREASE 0 FREELISTS 1 FREELIST GROUPS 1 BUFFER_POOL DEFAULT FLASH_CACHE DEFAULT CELL_FLASH_CACHE DEFAULT)
  TABLESPACE "SYSTEM" ;
--------------------------------------------------------
--  DDL for Index PK_REGION
--------------------------------------------------------

  CREATE UNIQUE INDEX "CGV_DB"."PK_REGION" ON "CGV_DB"."REGION" ("REGION_ID") 
  PCTFREE 10 INITRANS 2 MAXTRANS 255 COMPUTE STATISTICS 
  STORAGE(INITIAL 65536 NEXT 1048576 MINEXTENTS 1 MAXEXTENTS 2147483645
  PCTINCREASE 0 FREELISTS 1 FREELIST GROUPS 1 BUFFER_POOL DEFAULT FLASH_CACHE DEFAULT CELL_FLASH_CACHE DEFAULT)
  TABLESPACE "SYSTEM" ;
--------------------------------------------------------
--  DDL for Index PK_C_ACTOR
--------------------------------------------------------

  CREATE UNIQUE INDEX "CGV_DB"."PK_C_ACTOR" ON "CGV_DB"."C_ACTOR" ("CAST_ID") 
  PCTFREE 10 INITRANS 2 MAXTRANS 255 COMPUTE STATISTICS 
  STORAGE(INITIAL 65536 NEXT 1048576 MINEXTENTS 1 MAXEXTENTS 2147483645
  PCTINCREASE 0 FREELISTS 1 FREELIST GROUPS 1 BUFFER_POOL DEFAULT FLASH_CACHE DEFAULT CELL_FLASH_CACHE DEFAULT)
  TABLESPACE "SYSTEM" ;
--------------------------------------------------------
--  DDL for Index PK_MY_QNA
--------------------------------------------------------

  CREATE UNIQUE INDEX "CGV_DB"."PK_MY_QNA" ON "CGV_DB"."MY_QNA" ("USER_ID", "QNA_ID") 
  PCTFREE 10 INITRANS 2 MAXTRANS 255 COMPUTE STATISTICS 
  STORAGE(INITIAL 65536 NEXT 1048576 MINEXTENTS 1 MAXEXTENTS 2147483645
  PCTINCREASE 0 FREELISTS 1 FREELIST GROUPS 1 BUFFER_POOL DEFAULT FLASH_CACHE DEFAULT CELL_FLASH_CACHE DEFAULT)
  TABLESPACE "SYSTEM" ;
--------------------------------------------------------
--  DDL for Index PK_ACTOR
--------------------------------------------------------

  CREATE UNIQUE INDEX "CGV_DB"."PK_ACTOR" ON "CGV_DB"."ACTOR" ("ACT_ID") 
  PCTFREE 10 INITRANS 2 MAXTRANS 255 COMPUTE STATISTICS 
  STORAGE(INITIAL 65536 NEXT 1048576 MINEXTENTS 1 MAXEXTENTS 2147483645
  PCTINCREASE 0 FREELISTS 1 FREELIST GROUPS 1 BUFFER_POOL DEFAULT FLASH_CACHE DEFAULT CELL_FLASH_CACHE DEFAULT)
  TABLESPACE "SYSTEM" ;
--------------------------------------------------------
--  DDL for Index PK_MOVIE_RS
--------------------------------------------------------

  CREATE UNIQUE INDEX "CGV_DB"."PK_MOVIE_RS" ON "CGV_DB"."MOVIE_RS" ("MVRS_ID") 
  PCTFREE 10 INITRANS 2 MAXTRANS 255 COMPUTE STATISTICS 
  STORAGE(INITIAL 65536 NEXT 1048576 MINEXTENTS 1 MAXEXTENTS 2147483645
  PCTINCREASE 0 FREELISTS 1 FREELIST GROUPS 1 BUFFER_POOL DEFAULT FLASH_CACHE DEFAULT CELL_FLASH_CACHE DEFAULT)
  TABLESPACE "SYSTEM" ;
--------------------------------------------------------
--  DDL for Index PK_EVENT_PART
--------------------------------------------------------

  CREATE UNIQUE INDEX "CGV_DB"."PK_EVENT_PART" ON "CGV_DB"."EVENT_PART" ("USER_ID", "EVENT_ID") 
  PCTFREE 10 INITRANS 2 MAXTRANS 255 COMPUTE STATISTICS 
  STORAGE(INITIAL 65536 NEXT 1048576 MINEXTENTS 1 MAXEXTENTS 2147483645
  PCTINCREASE 0 FREELISTS 1 FREELIST GROUPS 1 BUFFER_POOL DEFAULT FLASH_CACHE DEFAULT CELL_FLASH_CACHE DEFAULT)
  TABLESPACE "SYSTEM" ;
--------------------------------------------------------
--  DDL for Index PK_CGV_GIFTCARD
--------------------------------------------------------

  CREATE UNIQUE INDEX "CGV_DB"."PK_CGV_GIFTCARD" ON "CGV_DB"."CGV_GIFTCARD" ("USER_ID", "CARD_ID") 
  PCTFREE 10 INITRANS 2 MAXTRANS 255 COMPUTE STATISTICS 
  STORAGE(INITIAL 65536 NEXT 1048576 MINEXTENTS 1 MAXEXTENTS 2147483645
  PCTINCREASE 0 FREELISTS 1 FREELIST GROUPS 1 BUFFER_POOL DEFAULT FLASH_CACHE DEFAULT CELL_FLASH_CACHE DEFAULT)
  TABLESPACE "SYSTEM" ;
--------------------------------------------------------
--  DDL for Index PK_SCREEN_CAT
--------------------------------------------------------

  CREATE UNIQUE INDEX "CGV_DB"."PK_SCREEN_CAT" ON "CGV_DB"."SCREEN_CAT" ("SCREEN_CATEGORY_ID") 
  PCTFREE 10 INITRANS 2 MAXTRANS 255 COMPUTE STATISTICS 
  STORAGE(INITIAL 65536 NEXT 1048576 MINEXTENTS 1 MAXEXTENTS 2147483645
  PCTINCREASE 0 FREELISTS 1 FREELIST GROUPS 1 BUFFER_POOL DEFAULT FLASH_CACHE DEFAULT CELL_FLASH_CACHE DEFAULT)
  TABLESPACE "SYSTEM" ;
--------------------------------------------------------
--  DDL for Index PK_WISH_MOVIE
--------------------------------------------------------

  CREATE UNIQUE INDEX "CGV_DB"."PK_WISH_MOVIE" ON "CGV_DB"."WISH_MOVIE" ("USER_ID") 
  PCTFREE 10 INITRANS 2 MAXTRANS 255 COMPUTE STATISTICS 
  STORAGE(INITIAL 65536 NEXT 1048576 MINEXTENTS 1 MAXEXTENTS 2147483645
  PCTINCREASE 0 FREELISTS 1 FREELIST GROUPS 1 BUFFER_POOL DEFAULT FLASH_CACHE DEFAULT CELL_FLASH_CACHE DEFAULT)
  TABLESPACE "SYSTEM" ;
--------------------------------------------------------
--  DDL for Index PK_VIEW_HISTORY
--------------------------------------------------------

  CREATE UNIQUE INDEX "CGV_DB"."PK_VIEW_HISTORY" ON "CGV_DB"."VIEW_HISTORY" ("USER_ID", "MV_ID") 
  PCTFREE 10 INITRANS 2 MAXTRANS 255 COMPUTE STATISTICS 
  STORAGE(INITIAL 65536 NEXT 1048576 MINEXTENTS 1 MAXEXTENTS 2147483645
  PCTINCREASE 0 FREELISTS 1 FREELIST GROUPS 1 BUFFER_POOL DEFAULT FLASH_CACHE DEFAULT CELL_FLASH_CACHE DEFAULT)
  TABLESPACE "SYSTEM" ;
--------------------------------------------------------
--  DDL for Index PK_DIRECTOR
--------------------------------------------------------

  CREATE UNIQUE INDEX "CGV_DB"."PK_DIRECTOR" ON "CGV_DB"."DIRECTOR" ("DT_ID") 
  PCTFREE 10 INITRANS 2 MAXTRANS 255 COMPUTE STATISTICS 
  STORAGE(INITIAL 65536 NEXT 1048576 MINEXTENTS 1 MAXEXTENTS 2147483645
  PCTINCREASE 0 FREELISTS 1 FREELIST GROUPS 1 BUFFER_POOL DEFAULT FLASH_CACHE DEFAULT CELL_FLASH_CACHE DEFAULT)
  TABLESPACE "SYSTEM" ;
--------------------------------------------------------
--  DDL for Index PK_MOVIE_PAY
--------------------------------------------------------

  CREATE UNIQUE INDEX "CGV_DB"."PK_MOVIE_PAY" ON "CGV_DB"."MOVIE_PAY" ("MV_PAY_ID") 
  PCTFREE 10 INITRANS 2 MAXTRANS 255 COMPUTE STATISTICS 
  STORAGE(INITIAL 65536 NEXT 1048576 MINEXTENTS 1 MAXEXTENTS 2147483645
  PCTINCREASE 0 FREELISTS 1 FREELIST GROUPS 1 BUFFER_POOL DEFAULT FLASH_CACHE DEFAULT CELL_FLASH_CACHE DEFAULT)
  TABLESPACE "SYSTEM" ;
--------------------------------------------------------
--  DDL for Index PK_SEAT
--------------------------------------------------------

  CREATE UNIQUE INDEX "CGV_DB"."PK_SEAT" ON "CGV_DB"."SEAT" ("SCREEN_ID", "SEAT_CODE") 
  PCTFREE 10 INITRANS 2 MAXTRANS 255 COMPUTE STATISTICS 
  STORAGE(INITIAL 65536 NEXT 1048576 MINEXTENTS 1 MAXEXTENTS 2147483645
  PCTINCREASE 0 FREELISTS 1 FREELIST GROUPS 1 BUFFER_POOL DEFAULT FLASH_CACHE DEFAULT CELL_FLASH_CACHE DEFAULT)
  TABLESPACE "SYSTEM" ;
--------------------------------------------------------
--  DDL for Index PK_PAYMENT_STOREID
--------------------------------------------------------

  CREATE UNIQUE INDEX "CGV_DB"."PK_PAYMENT_STOREID" ON "CGV_DB"."STORE_PAYMENT" ("ST_ORDER_ID") 
  PCTFREE 10 INITRANS 2 MAXTRANS 255 COMPUTE STATISTICS 
  STORAGE(INITIAL 65536 NEXT 1048576 MINEXTENTS 1 MAXEXTENTS 2147483645
  PCTINCREASE 0 FREELISTS 1 FREELIST GROUPS 1 BUFFER_POOL DEFAULT FLASH_CACHE DEFAULT CELL_FLASH_CACHE DEFAULT)
  TABLESPACE "SYSTEM" ;
--------------------------------------------------------
--  DDL for Index PK_MY_LOST
--------------------------------------------------------

  CREATE UNIQUE INDEX "CGV_DB"."PK_MY_LOST" ON "CGV_DB"."MY_LOST" ("USER_ID", "LOST_ID") 
  PCTFREE 10 INITRANS 2 MAXTRANS 255 COMPUTE STATISTICS 
  STORAGE(INITIAL 65536 NEXT 1048576 MINEXTENTS 1 MAXEXTENTS 2147483645
  PCTINCREASE 0 FREELISTS 1 FREELIST GROUPS 1 BUFFER_POOL DEFAULT FLASH_CACHE DEFAULT CELL_FLASH_CACHE DEFAULT)
  TABLESPACE "SYSTEM" ;
--------------------------------------------------------
--  DDL for Index PK_PAYCARD_COUP
--------------------------------------------------------

  CREATE UNIQUE INDEX "CGV_DB"."PK_PAYCARD_COUP" ON "CGV_DB"."PAYCARD_COUP" ("USER_ID", "COUP_ID") 
  PCTFREE 10 INITRANS 2 MAXTRANS 255 COMPUTE STATISTICS 
  STORAGE(INITIAL 65536 NEXT 1048576 MINEXTENTS 1 MAXEXTENTS 2147483645
  PCTINCREASE 0 FREELISTS 1 FREELIST GROUPS 1 BUFFER_POOL DEFAULT FLASH_CACHE DEFAULT CELL_FLASH_CACHE DEFAULT)
  TABLESPACE "SYSTEM" ;
--------------------------------------------------------
--  DDL for Trigger UT_ATTR_POINT
--------------------------------------------------------

  CREATE OR REPLACE TRIGGER "CGV_DB"."UT_ATTR_POINT" 
AFTER
INSERT OR DELETE ON my_review
FOR EACH ROW
BEGIN
IF INSERTING THEN
UPDATE ATTR_POINT
SET 
emotion_1 = (SELECT sum(emotion_1) / count(*) * 10 FROM my_review WHERE MV_ID = :NEW.MV_ID)
, emotion_2 = (SELECT sum(emotion_2) / count(*) * 10 FROM my_review WHERE MV_ID = :NEW.MV_ID)
, emotion_3 = (SELECT sum(emotion_3) / count(*) * 10 FROM my_review WHERE MV_ID = :NEW.MV_ID)
, emotion_4 = (SELECT sum(emotion_4) / count(*) * 10 FROM my_review WHERE MV_ID = :NEW.MV_ID)
, emotion_5 = (SELECT sum(emotion_5) / count(*) * 10 FROM my_review WHERE MV_ID = :NEW.MV_ID)
, charm_1 = (SELECT sum(charm_1) / count(*) * 10 FROM my_review WHERE MV_ID = :NEW.MV_ID)
, charm_2 = (SELECT sum(charm_2) / count(*) * 10 FROM my_review WHERE MV_ID = :NEW.MV_ID)
, charm_3 = (SELECT sum(charm_3) / count(*) * 10 FROM my_review WHERE MV_ID = :NEW.MV_ID)
, charm_4 = (SELECT sum(charm_4) / count(*) * 10 FROM my_review WHERE MV_ID = :NEW.MV_ID)
, charm_5 = (SELECT sum(charm_5) / count(*) * 10 FROM my_review WHERE MV_ID = :NEW.MV_ID)
;
ELSIF DELETING THEN 
UPDATE ATTR_POINT
SET 
emotion_1 = (SELECT sum(emotion_1) / count(*) * 10 FROM my_review WHERE MV_ID = :OLD.MV_ID)
, emotion_2 = (SELECT sum(emotion_2) / count(*) * 10 FROM my_review WHERE MV_ID = :OLD.MV_ID)
, emotion_3 = (SELECT sum(emotion_3) / count(*) * 10 FROM my_review WHERE MV_ID = :OLD.MV_ID)
, emotion_4 = (SELECT sum(emotion_4) / count(*) * 10 FROM my_review WHERE MV_ID = :OLD.MV_ID)
, emotion_5 = (SELECT sum(emotion_5) / count(*) * 10 FROM my_review WHERE MV_ID = :OLD.MV_ID)
, charm_1 = (SELECT sum(charm_1) / count(*) * 10 FROM my_review WHERE MV_ID = :OLD.MV_ID)
, charm_2 = (SELECT sum(charm_2) / count(*) * 10 FROM my_review WHERE MV_ID = :OLD.MV_ID)
, charm_3 = (SELECT sum(charm_3) / count(*) * 10 FROM my_review WHERE MV_ID = :OLD.MV_ID)
, charm_4 = (SELECT sum(charm_4) / count(*) * 10 FROM my_review WHERE MV_ID = :OLD.MV_ID)
, charm_5 = (SELECT sum(charm_5) / count(*) * 10 FROM my_review WHERE MV_ID = :OLD.MV_ID)
;
ELSE 
  raise_application_error(-20000, '데이터 수정은 안됩니다.');
END IF;
END;
/
ALTER TRIGGER "CGV_DB"."UT_ATTR_POINT" ENABLE;
--------------------------------------------------------
--  DDL for Trigger UT_CANMOVIE
--------------------------------------------------------

  CREATE OR REPLACE TRIGGER "CGV_DB"."UT_CANMOVIE" 
BEFORE DELETE ON MOVIE_RS
FOR EACH ROW
BEGIN
	DELETE FROM SEAT_rs
	WHERE MVRS_ID = :OLD.mvrs_id;

	UPDATE MOVIE_PAY
	SET
    POINT_PAY = 0 - POINT,
	PAY_CAN_DATE = sysdate,
	MVRS_ID = null
	WHERE MVRS_ID = :OLD.mvrs_id;
END;
/
ALTER TRIGGER "CGV_DB"."UT_CANMOVIE" ENABLE;
--------------------------------------------------------
--  DDL for Trigger UT_POINT_RECORD
--------------------------------------------------------

  CREATE OR REPLACE TRIGGER "CGV_DB"."UT_POINT_RECORD" 
AFTER INSERT OR UPDATE ON MOVIE_PAY
FOR EACH ROW
DECLARE
  PRAGMA AUTONOMOUS_TRANSACTION; -- Autonomous Transaction 선언
BEGIN
  IF INSERTING THEN -- 결제
    INSERT INTO CJ_POINT (USER_ID, CJPOINT_TYPE, CINEMA_ID, CJPOINT, CJPOINT_DATE, MV_PAY_ID)
    VALUES (:NEW.USER_ID, 1,
            (SELECT DISTINCT theater_id
            FROM WATCHVIEW W
            WHERE W.SHOW_ID = :NEW.SHOW_ID),
            :NEW.POINT, :NEW.PAY_DATE, :NEW.MV_PAY_ID);
    COMMIT; -- Autonomous Transaction에서 COMMIT 수행
  ELSIF UPDATING THEN -- 결제 취소
    DELETE FROM CJ_POINT WHERE MV_PAY_ID = :OLD.MV_PAY_ID;
    COMMIT; -- Autonomous Transaction에서 COMMIT 수행
  END IF;
END;
/
ALTER TRIGGER "CGV_DB"."UT_POINT_RECORD" ENABLE;
--------------------------------------------------------
--  DDL for Procedure MV_RS
--------------------------------------------------------
set define off;

  CREATE OR REPLACE PROCEDURE "CGV_DB"."MV_RS" 
(
	puserid	 VARCHAR2
	,pshowid NUMBER
	,pvseatcodes VARCHAR2
	,pnormal NUMBER DEFAULT 0
	,pprefer NUMBER DEFAULT 0
	,pold	 NUMBER DEFAULT 0
	,pchile	 NUMBER DEFAULT 0
)
IS
	vprice1 SCREEN_CAT.NORMAL%TYPE;
	vprice2	SCREEN_CAT.PREFER%TYPE;
	vprice3	SCREEN_CAT.OLD%TYPE;
	vprice4	SCREEN_CAT.CHILD%TYPE;
	vshow_id NUMBER(5);
	vSCREEN_ID NUMBER(4);
	vtot	NUMBER;
	vseattot NUMBER(1);
	vmoviersseq NUMBER;
BEGIN
	SELECT SC.NORMAL,SC.PREFER,SC.OLD,SC.CHILD,s.show_id,s.SCREEN_ID
	INTO vprice1, vprice2, vprice3, vprice4, vshow_id, vSCREEN_ID
	FROM  SHOW  s JOIN SCREEN c ON s.SCREEN_ID = c.SCREEN_ID
	JOIN SCREEN_CAT sc ON c.SCREEN_CATEGORY_ID=sc.SCREEN_CATEGORY_ID
	WHERE s.SHOW_ID = pshowid;

	vseattot := pnormal+pprefer+pold+pchile;
	vtot := vprice1*pnormal + vprice2*pprefer + vprice3*pold + vprice4*pchile;
	DBMS_OUTPUT.PUT_LINE('총인원 수: '||vseattot||'총 결제 금액: '||vtot);
	--DBMS_OUTPUT.PUT_LINE('총 결제 금액: ');
	vmoviersseq := moviers_seq.nextval;
	INSERT INTO MOVIE_RS  VALUES (vmoviersseq,vshow_id,puserid,SYSDATE,vtot,vSCREEN_ID,vseattot);
	up_seatrs(pshowid,vseattot,vmoviersseq,pvseatcodes);
	commit;
    up_mvrs_viewhistory(puserid);
    commit;
   -- up_sum_point(puserid);
END;

/
--------------------------------------------------------
--  DDL for Procedure UP_BASKET
--------------------------------------------------------
set define off;

  CREATE OR REPLACE PROCEDURE "CGV_DB"."UP_BASKET" 
(
puser_id user_info.user_id%TYPE
,pstore_id store.sotore_id%TYPE
,pb_count number
)
is
begin

INSERT into basket (b_id, b_count, sotore_id, user_id)
VALUES (basket_seq.nextval, pb_count,pstore_id ,puser_id);

--exception
end;

/
--------------------------------------------------------
--  DDL for Procedure UP_BOOKMARK_CGV
--------------------------------------------------------
set define off;

  CREATE OR REPLACE PROCEDURE "CGV_DB"."UP_BOOKMARK_CGV" 
(
    puser_id VARCHAR2
)
IS
    t1 NVARCHAR2(20);
    t2 NVARCHAR2(20);
    t3 NVARCHAR2(20);
    t4 NVARCHAR2(20);
    t5 NVARCHAR2(20);
BEGIN
    SELECT tt_name INTO t1
    FROM bookmark_cgv b JOIN theater t ON b.cinema_id1 = t.theater_id
    WHERE user_id = puser_id;

    SELECT tt_name INTO t2
    FROM bookmark_cgv b JOIN theater t ON b.cinema_id2 = t.theater_id
    WHERE user_id = puser_id;

    SELECT tt_name INTO t3
    FROM bookmark_cgv b JOIN theater t ON b.cinema_id3 = t.theater_id
    WHERE user_id = puser_id;

    SELECT tt_name INTO t4
    FROM bookmark_cgv b JOIN theater t ON b.cinema_id4 = t.theater_id
    WHERE user_id = puser_id;

    SELECT tt_name INTO t5
    FROM bookmark_cgv b JOIN theater t ON b.cinema_id5= t.theater_id
    WHERE user_id = puser_id;

    DBMS_OUTPUT.PUT_LINE(t1 || '            ' || t2);
    DBMS_OUTPUT.PUT_LINE(t3 || '            ' || t4);
    DBMS_OUTPUT.PUT_LINE(t5 || '        ' ||'자주가는 CGV 설정하기');
END;

/
--------------------------------------------------------
--  DDL for Procedure UP_CGV_COUP
--------------------------------------------------------
set define off;

  CREATE OR REPLACE PROCEDURE "CGV_DB"."UP_CGV_COUP" 
(
    puser_id VARCHAR2
)
IS
    vname VARCHAR2(50);
    vcoup_id NUMBER(15);
    vexp VARCHAR2(30);
    vava_use VARCHAR2(300);
    vcontent VARCHAR2(50);
    CURSOR coup_cur IS (SELECT name, coup_id, exp, ava_use, content FROM cgv_coup_view WHERE user_id = puser_id);
BEGIN
    OPEN coup_cur;
    LOOP
        FETCH coup_cur INTO vname, vcoup_id, vexp, vava_use, vcontent;  
        EXIT WHEN coup_cur%NOTFOUND;
        DBMS_OUTPUT.PUT_LINE('CGV 할인쿠폰 내역');
        DBMS_OUTPUT.PUT_LINE('CGV 할인쿠폰 보유(등록)내역');
        DBMS_OUTPUT.PUT_LINE('--------------------------------------------------------------------------------------------------------');
        DBMS_OUTPUT.PUT_LINE('            쿠폰이름                     사용기간              사용가능경로             쿠폰정보');
        DBMS_OUTPUT.PUT_LINE('--------------------------------------------------------------------------------------------------------');
        IF(vcoup_id >= 21) THEN 
            DBMS_OUTPUT.PUT_LINE(' ' || vname || '    ' ||vexp || '      ' || vava_use || '    ' || vcontent);

        ELSIF(vcoup_id >= 16) THEN -- fix
            DBMS_OUTPUT.PUT_LINE(vname || '    ' ||vexp || '      ' || vava_use || '    ' || vcontent);
        ELSIF(vcoup_id >= 11) THEN
            DBMS_OUTPUT.PUT_LINE('   '|| vname || '     ' ||vexp || '      ' || vava_use || '    ' || vcontent);
        ELSE
            DBMS_OUTPUT.PUT_LINE('     '|| vname || '        ' ||vexp || '      ' || vava_use || '     ' || vcontent);
        END IF;
        DBMS_OUTPUT.PUT_LINE('--------------------------------------------------------------------------------------------------------');
    END LOOP;
    CLOSE coup_cur;
END;

/
--------------------------------------------------------
--  DDL for Procedure UP_CGV_GIFTCARD
--------------------------------------------------------
set define off;

  CREATE OR REPLACE PROCEDURE "CGV_DB"."UP_CGV_GIFTCARD" 
(
    puser_id VARCHAR2
)
IS
    vcard_id VARCHAR2(10);
    vcard_category VARCHAR2(20);
    vuse_date DATE;
    vgiftcard_state VARCHAR2(40);
    vgiftcard_history VARCHAR2(40);
    vgiftcard_price NUMBER(7);
    CURSOR gift_cur IS (SELECT card_category, use_date, giftcard_state, giftcard_history, giftcard_price FROM giftcard_view WHERE user_id = puser_id);
BEGIN
    OPEN gift_cur;
    LOOP
        FETCH gift_cur INTO vcard_category, vuse_date, vgiftcard_state, vgiftcard_history, vgiftcard_price;  
        EXIT WHEN gift_cur%NOTFOUND;
        DBMS_OUTPUT.PUT_LINE('관람권/할인쿠폰 관리');
        DBMS_OUTPUT.PUT_LINE('CGV 기프트카드 보유(등록) 내역');
        DBMS_OUTPUT.PUT_LINE(vcard_category);
        DBMS_OUTPUT.PUT_LINE('선택된 CGV 기프트카드의 사용내역입니다');
        DBMS_OUTPUT.PUT_LINE('-----------------------------------------------------------------');
        DBMS_OUTPUT.PUT_LINE('      일시          상태            내역            금액');
        DBMS_OUTPUT.PUT_LINE('-----------------------------------------------------------------');
        IF(vcard_id >= 31) THEN 
            DBMS_OUTPUT.PUT_LINE('    ' || vuse_date || '      '|| vgiftcard_state || '      ' || vgiftcard_history ||  '     ' || vgiftcard_price);
        ELSE
            DBMS_OUTPUT.PUT_LINE('    ' || vuse_date || '      '|| vgiftcard_state || '      ' || vgiftcard_history ||  '        ' || vgiftcard_price);
        END IF;
        DBMS_OUTPUT.PUT_LINE('-----------------------------------------------------------------');
    END LOOP;
    CLOSE gift_cur;
END;

/
--------------------------------------------------------
--  DDL for Procedure UP_CJPOINT_HISTORY
--------------------------------------------------------
set define off;

  CREATE OR REPLACE PROCEDURE "CGV_DB"."UP_CJPOINT_HISTORY" (
    p_user_id VARCHAR2,
    p_start_date DATE,
    p_end_date DATE
)
IS
    v_first_row BOOLEAN := TRUE;
    v_cjpoint_type VARCHAR2(6); 
    VUSER_CJPOINT NUMBER(7);
BEGIN

    SELECT USER_CJPOINT INTO VUSER_CJPOINT FROM USER_INFO WHERE USER_ID = P_USER_ID;
    FOR CJ_POINT IN (
        SELECT DECODE(CJPOINT_TYPE,1,'영화','매점') CJPOINT_TYPE , CINEMA_ID, CJPOINT, CJPOINT_DATE
        FROM CJ_POINT
        WHERE USER_ID = p_user_id
        AND CJPOINT_DATE BETWEEN p_start_date AND p_end_date
    )
    LOOP
        v_cjpoint_type := CJ_POINT.CJPOINT_TYPE;

        IF v_first_row THEN
            DBMS_OUTPUT.PUT_LINE('CJ ONE 포인트'); 
            DBMS_OUTPUT.PUT_LINE('CGV 이용 / CJ ONE 포인트 적립 및 사용내역');
            DBMS_OUTPUT.PUT_LINE('CJ ONE 사용가능 포인트    '|| VUSER_CJPOINT||'점');
            DBMS_OUTPUT.PUT_LINE('조회 기간 : ' || TO_CHAR(p_start_date, 'YYYY-MM-DD') || ' ~ ' || TO_CHAR(p_end_date, 'YYYY-MM-DD'));
            DBMS_OUTPUT.PUT_LINE('-----------------------------------------------------');
            DBMS_OUTPUT.PUT_LINE('    구매 구분      '||'  구매 극장    '||'  적립일    '||'  적립 포인트'); 
            DBMS_OUTPUT.PUT_LINE('-----------------------------------------------------');
            v_first_row := FALSE;
        END IF;

        DBMS_OUTPUT.PUT_LINE('     '|| v_cjpoint_type ||'              '|| CJ_POINT.CINEMA_ID ||'       '|| CJ_POINT.CJPOINT_DATE ||'      '|| CJ_POINT.CJPOINT);
        DBMS_OUTPUT.PUT_LINE('-----------------------------------------------------');
    END LOOP;
END;

/
--------------------------------------------------------
--  DDL for Procedure UP_CJ_COUP
--------------------------------------------------------
set define off;

  CREATE OR REPLACE PROCEDURE "CGV_DB"."UP_CJ_COUP" 
(
    puser_id VARCHAR2
)
IS
    vname VARCHAR2(50);
    vcoup_id NUMBER(15);
    vexp VARCHAR2(30);
    vcontent VARCHAR2(50);
    CURSOR coup_cur IS (SELECT name, coup_id, exp, content FROM cj_coup_view WHERE user_id = puser_id);
BEGIN
    OPEN coup_cur;
    LOOP
        FETCH coup_cur INTO vname, vcoup_id, vexp, vcontent;  
        EXIT WHEN coup_cur%NOTFOUND;
        DBMS_OUTPUT.PUT_LINE('관람권/할인쿠폰 관리');
        DBMS_OUTPUT.PUT_LINE('CGV에서 사용 가능한 CJ ONE 쿠폰');
        DBMS_OUTPUT.PUT_LINE('--------------------------------------------------------------------------------------------');
        DBMS_OUTPUT.PUT_LINE('             쿠폰이름                       유효기간                         설명');
        DBMS_OUTPUT.PUT_LINE('--------------------------------------------------------------------------------------------');
        IF(vcoup_id >= 31) THEN 
            DBMS_OUTPUT.PUT_LINE(' ' || vname || '   ' ||vexp ||  '   ' || vcontent);
        ELSIF(vcoup_id >= 26) THEN
            DBMS_OUTPUT.PUT_LINE(' '|| vname || '   ' ||vexp || '   ' || vcontent);
        END IF;
        DBMS_OUTPUT.PUT_LINE('--------------------------------------------------------------------------------------------');
    END LOOP;
    CLOSE coup_cur;
END;

/
--------------------------------------------------------
--  DDL for Procedure UP_CLUB
--------------------------------------------------------
set define off;

  CREATE OR REPLACE PROCEDURE "CGV_DB"."UP_CLUB" 
is
v_user_id varchar2(12);
v_club_id varchar2(25);
v_club_cont varchar2(200);
v_club_title varchar2(100);
cursor cur_club
IS
select ui.user_id ,club_id, club_cont, club_title into v_user_id, v_club_cont, v_club_id, v_club_title
from user_info ui left join cgv_club cc
on ui.user_id = cc.user_id
where ui.birth in (select to_char(birth, 'YYYY-MM-DD') as birth from user_info where to_char(birth ,'YYYY') between 2005 and 2010);
begin
open cur_club;
loop
fetch cur_club into v_user_id, v_club_cont, v_club_id, v_club_title;
exit when cur_club%notfound;
DBMS_OUTPUT.PUT_LINE(v_user_id||' , '||v_club_cont||' , '||v_club_id||' , '||v_club_title);
      END LOOP;
close cur_club;
end;

/
--------------------------------------------------------
--  DDL for Procedure UP_ENDEDEVENT
--------------------------------------------------------
set define off;

  CREATE OR REPLACE PROCEDURE "CGV_DB"."UP_ENDEDEVENT" 
IS
    vevent_id event.event_id%TYPE;
    vevent_cate event.event_cate%TYPE; 
    vevent_title event.event_title%TYPE;
    vtheater_id event.theater_id%TYPE;
    vtt_name theater.tt_name%TYPE;
    vevent_period event.event_period%TYPE;
    vevent_end event.event_end%TYPE;

BEGIN
    FOR vrow IN 
    (SELECT event_id, event_cate, NVL( t.theater_id, 00 ) theater_id 
    , NVL( tt_name, '전체' ) tt_name , event_title, event_period, event_end
        FROM event e LEFT JOIN theater t ON e.theater_id = t.theater_id
        WHERE EVENT_END <= SYSDATE
     )
    LOOP
     DBMS_OUTPUT.PUT_LINE(vrow.event_id ||' , '|| vrow.event_cate||' , '||vrow.event_title
       ||' , '|| vrow.theater_id ||' , '|| vrow.tt_name ||' , '|| vrow.event_period ||' , '|| vrow.event_end);
    END LOOP;        
END;

/
--------------------------------------------------------
--  DDL for Procedure UP_EVENT_ING
--------------------------------------------------------
set define off;

  CREATE OR REPLACE PROCEDURE "CGV_DB"."UP_EVENT_ING" 
IS
    vevent_cate event.event_cate%TYPE; 
    vevent_title event.event_title%TYPE;
    vtheater_id event.theater_id%TYPE;
    vtt_name theater.tt_name%TYPE;
    vevent_period event.event_period%TYPE;
    vevent_end event.event_end%TYPE;
BEGIN
FOR vrow IN
 (SELECT event_cate, NVL( t.theater_id, 00 ) theater_id 
    , NVL( tt_name, '전체' ) tt_name , event_title, event_period, event_end
        FROM event e LEFT JOIN theater t ON e.theater_id = t.theater_id
  WHERE EVENT_END >= SYSDATE)
LOOP
    DBMS_OUTPUT.PUT_LINE(seq_event_id.NEXTVAL ||' , '|| vrow.event_cate||' , '||vrow.event_title
       ||' , '|| vrow.theater_id ||' , '|| vrow.tt_name ||' , '|| vrow.event_period ||' , '|| vrow.event_end);
END LOOP; 
END;

/
--------------------------------------------------------
--  DDL for Procedure UP_GIFTCARD
--------------------------------------------------------
set define off;

  CREATE OR REPLACE PROCEDURE "CGV_DB"."UP_GIFTCARD" 
IS
    vgiftcard_id giftcard.giftcard_id%TYPE;
    vgiftcard_name giftcard.giftcard_name%TYPE;
    vgiftcard_type giftcard.giftcard_type%TYPE;
    vgiftcard_moneytype giftcard.giftcard_moneytype%TYPE;
BEGIN
FOR vrow IN ( SELECT * FROM giftcard )
LOOP
DBMS_OUTPUT.PUT_LINE (vrow.giftcard_id || ',' || vrow.giftcard_name|| ',' ||
                vrow.giftcard_type || ',' ||vrow.giftcard_moneytype );
END LOOP;
END;

/
--------------------------------------------------------
--  DDL for Procedure UP_LOGIN
--------------------------------------------------------
set define off;

  CREATE OR REPLACE PROCEDURE "CGV_DB"."UP_LOGIN" 
(
    puser_id user_info.user_id%TYPE
    , puser_pwd user_info.user_pwd%TYPE
)
IS
    vuser_cnt NUMBER;
    vuser_pwd user_info.user_pwd%TYPE;
BEGIN
    SELECT COUNT(*)
    INTO vuser_cnt
    FROM user_info
    WHERE user_id = puser_id;

    IF vuser_cnt <> 1 THEN
        DBMS_OUTPUT.PUT_LINE('아이디나 비밀번호가 틀렸습니다.');
        RETURN;
    END IF;

    SELECT user_pwd
    INTO vuser_pwd
    FROM user_info
    WHERE user_id = puser_id;

    IF vuser_pwd = puser_pwd THEN
        DBMS_OUTPUT.PUT_LINE('로그인 성공.');
    ELSE
        DBMS_OUTPUT.PUT_LINE('아이디나 비밀번호가 틀렸습니다.');
    END IF; 
--EXCEPTION
END;

/
--------------------------------------------------------
--  DDL for Procedure UP_MC_GRADE_ORDER
--------------------------------------------------------
set define off;

  CREATE OR REPLACE PROCEDURE "CGV_DB"."UP_MC_GRADE_ORDER" 
IS
    i NUMBER := 1;
BEGIN
    DBMS_OUTPUT.PUT_LINE('<<무비차트 - 평점순>>');
    DBMS_OUTPUT.PUT_LINE('');
    FOR vrow IN (SELECT m.mv_title, TO_CHAR(mv_open, 'YYYY.MM.DD') mv_open, mv_golegg, NVL(예매율, '0%') 예매율
                FROM show s JOIN movie m ON s.movie_id = m.mv_id
                            LEFT JOIN movie_rs r ON s.show_id = r.show_id
                            LEFT JOIN uv_rsrate u ON m.mv_title = u.mv_title
                GROUP BY m.mv_title, mv_open, mv_golegg, 예매율
                ORDER BY mv_golegg DESC)
    LOOP
        DBMS_OUTPUT.PUT_LINE('[NO.' || i || ']');
        DBMS_OUTPUT.PUT_LINE(vrow.mv_title);
        DBMS_OUTPUT.PUT_LINE('예매율  ' || vrow.예매율 || ' | ?' || vrow.mv_golegg || '%');
        DBMS_OUTPUT.PUT_LINE(vrow.mv_open || '  개봉');
        DBMS_OUTPUT.PUT_LINE('');
        i := i + 1;
    END LOOP;
END;

/
--------------------------------------------------------
--  DDL for Procedure UP_MC_RS_ORDER
--------------------------------------------------------
set define off;

  CREATE OR REPLACE PROCEDURE "CGV_DB"."UP_MC_RS_ORDER" 
IS
    i NUMBER := 1;
BEGIN
    DBMS_OUTPUT.PUT_LINE('<<무비차트 - 예매율순>>');
    DBMS_OUTPUT.PUT_LINE('');
    FOR vrow IN (SELECT m.mv_title, TO_CHAR(mv_open, 'YYYY.MM.DD') mv_open, mv_golegg, NVL(예매율, '0%') 예매율
                FROM show s JOIN movie m ON s.movie_id = m.mv_id
                            LEFT JOIN movie_rs r ON s.show_id = r.show_id
                            LEFT JOIN uv_rsrate u ON m.mv_title = u.mv_title
                GROUP BY m.mv_title, mv_open, mv_golegg, 예매율
                ORDER BY 예매율 DESC)
    LOOP
        DBMS_OUTPUT.PUT_LINE('[NO.' || i || ']');
        DBMS_OUTPUT.PUT_LINE(vrow.mv_title);
        DBMS_OUTPUT.PUT_LINE('예매율  ' || vrow.예매율 || ' | ?' || vrow.mv_golegg || '%');
        DBMS_OUTPUT.PUT_LINE(vrow.mv_open || '  개봉');
        DBMS_OUTPUT.PUT_LINE('');
        i := i + 1;
    END LOOP;
END;

/
--------------------------------------------------------
--  DDL for Procedure UP_MC_VIEW_ORDER
--------------------------------------------------------
set define off;

  CREATE OR REPLACE PROCEDURE "CGV_DB"."UP_MC_VIEW_ORDER" 
IS
    i NUMBER := 1;
BEGIN
    DBMS_OUTPUT.PUT_LINE('<<무비차트 - 관람객순>>');
    DBMS_OUTPUT.PUT_LINE('');
    FOR vrow IN (SELECT m.mv_title, TO_CHAR(mv_open, 'YYYY.MM.DD') mv_open, mv_golegg, NVL(예매율, '0%') 예매율, NVL(SUM(totcnt), 0) 총관람객
                FROM show s JOIN movie m ON s.movie_id = m.mv_id
                            LEFT JOIN movie_rs r ON s.show_id = r.show_id
                            LEFT JOIN uv_rsrate u ON m.mv_title = u.mv_title
                GROUP BY m.mv_title, mv_open, mv_golegg, 예매율
                ORDER BY 총관람객 DESC)
    LOOP
        DBMS_OUTPUT.PUT_LINE('[NO.' || i || ']');
        DBMS_OUTPUT.PUT_LINE(vrow.mv_title);
        DBMS_OUTPUT.PUT_LINE('예매율  ' || vrow.예매율 || ' | ?' || vrow.mv_golegg || '%');
        DBMS_OUTPUT.PUT_LINE(vrow.mv_open || '  개봉');
        DBMS_OUTPUT.PUT_LINE('');
        i := i + 1;
    END LOOP;
END;

/
--------------------------------------------------------
--  DDL for Procedure UP_MOVIE_PAY
--------------------------------------------------------
set define off;

  CREATE OR REPLACE PROCEDURE "CGV_DB"."UP_MOVIE_PAY" 
(
	pMVRS_ID NUMBER
	,pgiftcard_ID NUMBER DEFAULT NULL
	,pPAY_WAY NUMBER DEFAULT 1
    ,ppointpay NUMBER DEFAULT 0
	,pCOUP_ID NUMBER DEFAULT NULL
)
IS
vdate date;
vshowid NUMBER(10);
vuser_id VARCHAR2(12);
vgiftcardmoney NUMBER(7);
vpoint NUMBER;
vrate NUMBER(10);
vprice NUMBER(10);
vtotprice NUMBER(10);
vMVRS_ID NUMBER;
vcjpoint NUMBER;
BEGIN
--SELECT moviers_seq.CURRVAL INTO vMVRS_ID FROM dual;
vMVRS_ID := pMVRS_ID;
SELECT SUM(SEAT_CATEGORY) INTO vrate
FROM seat_rs r JOIN seat s ON r.SEAT_CODE = s.SEAT_CODE AND s.screen_id = r.screen_id
WHERE MVRS_ID = vMVRS_ID;
--WHERE MVRS_ID = pMVRS_ID;

SELECT mvrs_price,show_id,user_id  INTO vprice,vshowid,vuser_id
FROM movie_rs
WHERE MVRS_ID = vMVRS_ID;
--WHERE MVRS_ID = pMVRS_ID

SELECT start_time INTO vdate
FROM SHOW
WHERE SHOW_ID = vshowid;

SELECT user_cjpoint INTO vcjpoint
FROM USER_INFO
WHERE USER_ID = vuser_id;

vtotprice := vprice + vrate;
DBMS_OUTPUT.PUT_LINE('가격1'||vtotprice);
IF TO_CHAR(vdate,'DY') IN ('금','토','일') THEN
vtotprice := vtotprice+1000;
END IF;

IF TO_NUMBER(TO_CHAR(vdate, 'HH24')) >= TO_NUMBER('6') AND TO_NUMBER(TO_CHAR(vdate, 'HH24')) <= TO_NUMBER('10') THEN
    vtotprice := vtotprice - 2000;
ELSIF TO_NUMBER(TO_CHAR(vdate, 'HH24')) > TO_NUMBER('10') AND TO_NUMBER(TO_CHAR(vdate, 'HH24')) <= TO_NUMBER('13') THEN
    vtotprice := vtotprice - 1000;
END IF;

IF pgiftcard_ID IS NOT NULL THEN
	SELECT GIFTCARD_MONEYTYPE INTO vgiftcardmoney FROM giftcard WHERE GIFTCARD_ID = pgiftcard_ID;
	vtotprice := vtotprice - vgiftcardmoney;
END IF;

DBMS_OUTPUT.PUT_LINE('가격'||vtotprice);


IF (ppointpay <= vcjpoint AND ppointpay <= vtotprice) OR ppointpay = 0 THEN
vtotprice := vtotprice - ppointpay;
vpoint := floor(vtotprice*0.03);
INSERT INTO MOVIE_PAY(MV_PAY_ID,USER_ID,SHOW_ID,GIFTCARD_ID,PAY_WAY,POINT,COUP_ID,PAY_MONEY,MVRS_ID,POINT_PAY)
VALUES
  (mvpay_seq.NEXTVAL,vuser_id,vshowid,pgiftcard_ID,pPAY_WAY,vpoint,pCOUP_ID,vtotprice,vMVRS_ID,ppointpay);

UPDATE USER_INFO
SET user_cjpoint = vcjpoint + vpoint - ppointpay
WHERE user_id = vuser_id;
commit;
ELSE
DBMS_OUTPUT.PUT_LINE('포인트 입력 오류');
END IF;
up_vipgrade_up(vuser_id);
END;

/
--------------------------------------------------------
--  DDL for Procedure UP_MVCHOICE
--------------------------------------------------------
set define off;

  CREATE OR REPLACE PROCEDURE "CGV_DB"."UP_MVCHOICE" 
 (
     ptheater THEATER.TT_NAME%TYPE
	 ,ptime NUMBER DEFAULT 0
 )
IS
	vregion region.REGION_ID%TYPE;
	vtheater THEATER.THEATER_ID%TYPE;
	vinfo THEATER%ROWTYPE;

BEGIN

	SELECT THEATER_ID INTO vtheater FROM THEATER WHERE TT_NAME = ptheater;
	
	SELECT TT_NAME, TT_ADR, TT_SC_ALLCNT, TT_SE_ALLCNT,THEATER_SUM
		INTO vinfo.TT_NAME, vinfo.TT_ADR, vinfo.TT_SC_ALLCNT, vinfo.TT_SE_ALLCNT,vinfo.THEATER_SUM
	FROM THEATER
	WHERE THEATER_ID = vtheater;
	UP_MVLIST(PTHEATERID  => vtheater, ptime => ptime );

END;

/
--------------------------------------------------------
--  DDL for Procedure UP_MVLIST
--------------------------------------------------------
set define off;

  CREATE OR REPLACE PROCEDURE "CGV_DB"."UP_MVLIST" 
 (
    ptheaterid uv_list.THEATER_ID%TYPE,
	ptime NUMBER DEFAULT 0
 )
IS
	vinfo uv_list%ROWTYPE;
	vtime date;
BEGIN
	IF ptime = 0 THEN
	vtime := SYSDATE;
	ELSE
	vtime :=  TRUNC(SYSDATE +ptime );
	END IF;
	DBMS_OUTPUT.PUT_LINE(vtime||'상영영화');
	FOR vrcursor IN (SELECT MV_TITLE, MV_GENRE, MV_RT,MV_OPEN,START_TIME, SCREEN_ALLCNT,seat FROM uv_list
						WHERE THEATER_ID = ptheaterid AND START_TIME>=vtime)
	LOOP
		DBMS_OUTPUT.PUT_LINE(vrcursor.MV_TITLE||'|'|| vrcursor.MV_GENRE||'|'|| vrcursor.MV_RT||'|'|| vrcursor.MV_OPEN||'|'|| vrcursor.START_TIME||'|'|| vrcursor.SCREEN_ALLCNT
        ||'|'|| vrcursor.seat);
        DBMS_OUTPUT.PUT_LINE(TO_CHAR(vrcursor.START_TIME,'HH24:MM'));
	END LOOP;
END;

/
--------------------------------------------------------
--  DDL for Procedure UP_MVRS_VIEWHISTORY
--------------------------------------------------------
set define off;

  CREATE OR REPLACE PROCEDURE "CGV_DB"."UP_MVRS_VIEWHISTORY" 
(
    puser_id VARCHAR2
)
IS
BEGIN
    INSERT INTO view_history(user_id, mv_id, mv_title, view_datetime, cinema_id, theater_id, num_people)
    SELECT user_id, movie_id, mv_title, start_time , theater_id, screen_id, totcnt FROM watchview
    WHERE user_id = puser_id;
    COMMIT;
END;

/
--------------------------------------------------------
--  DDL for Procedure UP_MY_EVENT
--------------------------------------------------------
set define off;

  CREATE OR REPLACE PROCEDURE "CGV_DB"."UP_MY_EVENT" 
(
    puser_id VARCHAR2
)
IS
    vevent_cate VARCHAR2(200);
    vevent_title VARCHAR2(200);
    vevent_period DATE;
    vevent_end DATE;
    CURSOR event_cur IS (SELECT event_cate, event_title, event_period, event_end FROM my_event_view WHERE user_id = puser_id);
BEGIN
    OPEN event_cur;

    FETCH event_cur INTO vevent_cate, vevent_title, vevent_period, vevent_end;

    IF event_cur%FOUND THEN
        DBMS_OUTPUT.PUT_LINE('이벤트 참여내역');
        DBMS_OUTPUT.PUT_LINE('----------------------------------------------------------------------------------------------------------------');
        DBMS_OUTPUT.PUT_LINE('    이벤트 카테고리            이벤트 기간                     응모한 이벤트');
        DBMS_OUTPUT.PUT_LINE('----------------------------------------------------------------------------------------------------------------');

        WHILE event_cur%FOUND LOOP
            DBMS_OUTPUT.PUT_LINE('    ' || vevent_cate || '    ' || TO_CHAR(vevent_period, 'YY/MM/DD') || '~' || TO_CHAR(vevent_end, 'YY/MM/DD')||'             ' || vevent_title);
            FETCH event_cur INTO vevent_cate, vevent_title, vevent_period, vevent_end;
        END LOOP;

        DBMS_OUTPUT.PUT_LINE('----------------------------------------------------------------------------------------------------------------');
    ELSE
        DBMS_OUTPUT.PUT_LINE('이벤트 참여내역이 없습니다.');
    END IF;

    CLOSE event_cur;
END;

/
--------------------------------------------------------
--  DDL for Procedure UP_MY_INFO
--------------------------------------------------------
set define off;

  CREATE OR REPLACE PROCEDURE "CGV_DB"."UP_MY_INFO" 
(
    puser_id VARCHAR2
)
IS
    vrow my_info_view%rowtype;
    v_seat_code VARCHAR2(100);

    CURSOR cur_va_user IS SELECT * 
                           FROM my_info_view 
                           WHERE USER_ID = puser_id
                           ORDER BY MVRS_DATE DESC;    
BEGIN
    OPEN cur_va_user;
    FETCH cur_va_user INTO vrow;
    IF cur_va_user%found THEN
        DBMS_OUTPUT.PUT_LINE('---------- MY CGV ----------');
        DBMS_OUTPUT.PUT_LINE(vrow.USER_NAME || '님 ' || vrow.USER_ID || ' 닉네임 : ' || vrow.NICKNAME);
        DBMS_OUTPUT.PUT_LINE('고객님은 '''|| vrow.VIPGRADE ||''' 등급입니다.');
        DBMS_OUTPUT.PUT_LINE('CJ ONE 사용가능 포인트 ' || vrow.user_cjpoint || '점');
        DBMS_OUTPUT.PUT_LINE('CGV 할인쿠폰 ' || vrow.count_coup || '개');
        DBMS_OUTPUT.PUT_LINE('------ MY 최근 예매내역 ------');
        DBMS_OUTPUT.PUT_LINE('예매번호 ' || vrow.show_id);
        DBMS_OUTPUT.PUT_LINE('예매일 '|| TO_CHAR(vrow.MVRS_DATE,'YYYY-MM-DD HH:MI'));
        DBMS_OUTPUT.PUT_LINE('영화제목 ' || vrow.MV_TITLE);
        DBMS_OUTPUT.PUT_LINE('관람극장 ' || vrow.SCREEN_ID);
        DBMS_OUTPUT.PUT_LINE('관람일시 '|| vrow.start_time);

        -- 최근 예매 내역의 좌석 정보를 가져옴
        SELECT LISTAGG(seat_code, ', ') WITHIN GROUP (ORDER BY seat_code)
        INTO v_seat_code
        FROM (SELECT DISTINCT seat_code
              FROM my_info_view
              WHERE USER_ID = puser_id
                AND MVRS_ID = (SELECT MAX(MVRS_ID) FROM my_info_view WHERE USER_ID = puser_id));

        DBMS_OUTPUT.PUT_LINE('관람좌석 ' || v_seat_code);
    ELSE       
        DBMS_OUTPUT.PUT_LINE('데이터를 찾을 수 없습니다.');
    END IF;
    CLOSE cur_va_user;
EXCEPTION
    WHEN others THEN
        DBMS_OUTPUT.PUT_LINE('예외 발생');
END;

/
--------------------------------------------------------
--  DDL for Procedure UP_MY_LOST
--------------------------------------------------------
set define off;

  CREATE OR REPLACE PROCEDURE "CGV_DB"."UP_MY_LOST" 
(
    puser_id VARCHAR2
)
IS
    CURSOR lost_cur IS (SELECT rownum as lost_number, cinema_id, SUBSTR(lost_content, 1, 10) lost_content, lost_date, lost_state  FROM my_lost WHERE user_id = puser_id);
    vrow lost_cur%ROWTYPE;
BEGIN
    OPEN lost_cur;
    LOOP
    FETCH lost_cur INTO vrow;
    EXIT WHEN lost_cur%NOTFOUND;
        DBMS_OUTPUT.PUT_LINE('나의 분실물 문의내역');
        DBMS_OUTPUT.PUT_LINE('--------------------------------------------------------------------------------');
        DBMS_OUTPUT.PUT_LINE('   번호      문의 CGV       제목                    등록일            상태          ');
        DBMS_OUTPUT.PUT_LINE('--------------------------------------------------------------------------------');
        DBMS_OUTPUT.PUT_LINE('   ' || vrow.lost_number || '         ' || vrow.cinema_id || '        '|| vrow.lost_content || '...      ' || vrow.lost_date || '       '|| vrow.lost_state);
    END LOOP;

    DBMS_OUTPUT.PUT_LINE('--------------------------------------------------------------------------------');
    CLOSE lost_cur;
END;

/
--------------------------------------------------------
--  DDL for Procedure UP_MY_QNA
--------------------------------------------------------
set define off;

  CREATE OR REPLACE PROCEDURE "CGV_DB"."UP_MY_QNA" 
(
    puser_id VARCHAR2
)
IS
    CURSOR qna_cur IS (SELECT rownum as qna_number, cinema_id, qna_type, qna_title, qna_date, qna_state, qna_satisf FROM my_qna WHERE user_id = puser_id);
    vrow qna_cur%ROWTYPE;
BEGIN
    OPEN qna_cur;
    LOOP
    FETCH qna_cur INTO vrow;
    EXIT WHEN qna_cur%NOTFOUND;
        DBMS_OUTPUT.PUT_LINE('나의 문의내역');
        DBMS_OUTPUT.PUT_LINE('--------------------------------------------------------------------------------');
        DBMS_OUTPUT.PUT_LINE('    번호    문의 CGV    유형          제목              등록일       상태        만족도');
        DBMS_OUTPUT.PUT_LINE('--------------------------------------------------------------------------------');
        DBMS_OUTPUT.PUT_LINE('    ' || vrow.qna_number || '       ' || vrow.cinema_id || '      ' || vrow.qna_type || '    ' || vrow.qna_title || '    ' || TO_CHAR(vrow.qna_date, 'YY/MM/DD') || '    ' || vrow.qna_state || '    ' || nvl(vrow.qna_satisf, '만족도 평가를 해주세요.'));
    END LOOP;

    DBMS_OUTPUT.PUT_LINE('--------------------------------------------------------------------------------');
    CLOSE qna_cur;
END;

/
--------------------------------------------------------
--  DDL for Procedure UP_MY_REDCARD
--------------------------------------------------------
set define off;

  CREATE OR REPLACE PROCEDURE "CGV_DB"."UP_MY_REDCARD" 
(
    puser_id VARCHAR2
)
IS
    CURSOR cur_redcard IS (SELECT * FROM redcard_view WHERE user_id = puser_id);
    vrow cur_redcard%rowtype;
BEGIN
    OPEN cur_redcard;
    DBMS_OUTPUT.PUT_LINE('4DX RED CARD는 22년 12월 31일까지 등록 가능하며, 24년 12월 31일 서비스 종료 예정입니다.');
    DBMS_OUTPUT.PUT_LINE('4DX RED CARD 사용내역');
    DBMS_OUTPUT.PUT_LINE('----------------------------------------------------------------------------');
    DBMS_OUTPUT.PUT_LINE('       영화명           관람일           관람극장           사용내역   ');
    DBMS_OUTPUT.PUT_LINE('----------------------------------------------------------------------------');

    LOOP
        FETCH cur_redcard INTO vrow;
        EXIT WHEN cur_redcard%notfound;
        DBMS_OUTPUT.PUT_LINE('       ' || NVL(vrow.mv_title,0) || '             ' || NVL(TO_CHAR(vrow.view_datetime, 'YYYY/MM/DD'),0) || '         ' || vrow.cinema_id || '           ' || vrow.redcard_history);
    END LOOP;

    DBMS_OUTPUT.PUT_LINE('----------------------------------------------------------------------------');
    CLOSE cur_redcard;
END;

/
--------------------------------------------------------
--  DDL for Procedure UP_MY_REVIEW
--------------------------------------------------------
set define off;

  CREATE OR REPLACE PROCEDURE "CGV_DB"."UP_MY_REVIEW" 
(
    puser_id VARCHAR2
)
IS
    vui VARCHAR2(12);
    vmt NVARCHAR2(100);
    vrd VARCHAR2(50);
    vrc CLOB;
    CURSOR rv IS
    (SELECT user_id, mv_title, TO_CHAR(rv_date, 'YYYY.MM.DD') rv_date, rv_content
     FROM my_review r JOIN movie m ON r.mv_id = m.mv_id);
BEGIN  
    OPEN rv;
    LOOP
        FETCH rv INTO vui, vmt, vrd, vrc;
        EXIT WHEN rv%NOTFOUND;
        IF(vui = puser_id) THEN
            DBMS_OUTPUT.PUT_LINE(vmt);
            DBMS_OUTPUT.PUT_LINE('? ' || vui || ' | ' || vrd );
            DBMS_OUTPUT.PUT_LINE(vrc);
        ELSE
            DBMS_OUTPUT.PUT_LINE('등록된 글이 없습니다.');
        END IF;
    END LOOP;
END;

/
--------------------------------------------------------
--  DDL for Procedure UP_ORDER_OPTION
--------------------------------------------------------
set define off;

  CREATE OR REPLACE PROCEDURE "CGV_DB"."UP_ORDER_OPTION" 
(
    poption CHAR
)
IS
BEGIN
    IF poption = '1' THEN
        up_mc_rs_order;
    ELSIF poption = '2' THEN
        up_mc_grade_order;
    ELSIF poption = '3' THEN
        up_mc_view_order;
    END IF;
END;

/
--------------------------------------------------------
--  DDL for Procedure UP_PAYCARD_COUP
--------------------------------------------------------
set define off;

  CREATE OR REPLACE PROCEDURE "CGV_DB"."UP_PAYCARD_COUP" 
(
    puser_id VARCHAR2
)
IS
    vname VARCHAR2(50);
    vcoup_id NUMBER(15);
    vava_use VARCHAR2(300);
    vexp VARCHAR2(30);
    vcontent VARCHAR2(50);
    CURSOR coup_cur IS (SELECT name, coup_id, ava_use, exp, content FROM paycard_coup_view WHERE user_id = puser_id);
BEGIN
    OPEN coup_cur;
    LOOP
        FETCH coup_cur INTO vname, vcoup_id, vava_use, vexp, vcontent;  
        EXIT WHEN coup_cur%NOTFOUND;
        DBMS_OUTPUT.PUT_LINE('간편결제/카드사 할인쿠폰');
        DBMS_OUTPUT.PUT_LINE('간편결제/카드사 할인쿠폰 보유(등록) 내역');
        DBMS_OUTPUT.PUT_LINE('-------------------------------------------------------------------------------------------------------');
        DBMS_OUTPUT.PUT_LINE('         쿠폰이름(쿠폰번호)                     유효기간          사용가능경로               설명');
        DBMS_OUTPUT.PUT_LINE('-------------------------------------------------------------------------------------------------------');
        IF(vcoup_id >= 42) THEN 
            DBMS_OUTPUT.PUT_LINE('  ' || vname || '(' || vcoup_id || ')' || '      ' || vexp ||  '   ' || vava_use || '    ' || vcontent);
        ELSIF(vcoup_id >= 36) THEN
            DBMS_OUTPUT.PUT_LINE(' '|| vname || '(' || vcoup_id || ')' || '   ' || vexp || '   ' || vava_use || '    ' || vcontent);
        END IF;
        DBMS_OUTPUT.PUT_LINE('-------------------------------------------------------------------------------------------------------');
    END LOOP;
    CLOSE coup_cur;
END;

/
--------------------------------------------------------
--  DDL for Procedure UP_POINT_RECORD
--------------------------------------------------------
set define off;

  CREATE OR REPLACE PROCEDURE "CGV_DB"."UP_POINT_RECORD" (
    new_user_id IN NUMBER,
    new_show_id IN NUMBER,
    new_point IN NUMBER,
    new_pay_date IN DATE,
    old_mv_pay_id IN NUMBER
)
IS
BEGIN
    IF INSERTING THEN -- 결제       
        INSERT INTO CJ_POINT (USER_ID, CJPOINT_TYPE, CINEMA_ID, CJPOINT, CJPOINT_DATE)
        SELECT new_user_id, 1, theater_id, new_point, new_pay_date
        FROM (
            SELECT W.theater_id
            FROM MOVIE_PAY P
            JOIN WATCHVIEW W ON P.SHOW_ID = W.SHOW_ID
            WHERE P.SHOW_ID = new_show_id
        );       
    ELSIF UPDATING THEN -- 결제 취소
        DELETE FROM CJ_POINT WHERE MV_PAY_ID = old_mv_pay_id;
    END IF;
END UP_POINT_RECORD;

/
--------------------------------------------------------
--  DDL for Procedure UP_SEATRS
--------------------------------------------------------
set define off;

  CREATE OR REPLACE PROCEDURE "CGV_DB"."UP_SEATRS" 
(
	pshowid NUMBER,
    ptotcnt NUMBER,
    pmvrsid VARCHAR2,
    pvseatcodes VARCHAR2  -- 콤마로 구분된 문자열로 입력 받음
)
IS
    vscreenid NUMBER;
	vshowid NUMBER;
BEGIN
	SELECT SHOW_ID INTO vshowid
	FROM movie_rs
	WHERE MVRS_ID = pmvrsid;

	SELECT screen_id INTO vscreenid
	FROM SHOW
	where SHOW_ID = VSHOWID;

    FOR i IN 1..ptotcnt
    LOOP
        -- pvseatcodes를 콤마로 분할하여 배열로 만들고 i번째 요소를 사용
        INSERT INTO seat_RS VALUES(pshowid, TRIM(REGEXP_SUBSTR(pvseatcodes, '[^,]+', 1, i)),seat_seq.NEXTVAL, pmvrsid, vscreenid);
    END LOOP;
	commit;
END;

/
--------------------------------------------------------
--  DDL for Procedure UP_SEATVIEW
--------------------------------------------------------
set define off;

  CREATE OR REPLACE PROCEDURE "CGV_DB"."UP_SEATVIEW" 
(
    pscreen_id seat.screen_id%TYPE
    ,pshow_id seat_rs.show_id%TYPE
)
IS
    vseat_code_first CHAR(1) := ' ';
    vflag CHAR(1) := 'f';
BEGIN
    DBMS_OUTPUT.PUT_LINE('─────────────');
    DBMS_OUTPUT.PUT_LINE('       screen');
    DBMS_OUTPUT.PUT_LINE('─────────────');
    FOR vrow IN(SELECT seat_code, seat_grade, seat_category
                FROM seat
                WHERE screen_id = pscreen_id
                )
    LOOP  
        vflag := 'f';
        IF SUBSTR(vrow.seat_code, 0, 1) = vseat_code_first THEN
            FOR vseat_code IN (SELECT seat_code FROM seat_rs WHERE screen_id = pscreen_id AND show_id = pshow_id)
            LOOP
                IF vseat_code.seat_code = vrow.seat_code THEN
                    DBMS_OUTPUT.PUT('X' || '|');
                    vflag := 't';
                    EXIT;
                END IF;
            END LOOP;
            IF vflag = 'f' THEN
                DBMS_OUTPUT.PUT(SUBSTR(vrow.seat_code, 3) || '|');
            END IF;
        ELSE
            DBMS_OUTPUT.PUT_LINE('');
            vseat_code_first := SUBSTR(vrow.seat_code, 0, 1);
            DBMS_OUTPUT.PUT(vseat_code_first || ' ');
            FOR vseat_code IN (SELECT seat_code FROM seat_rs WHERE screen_id = pscreen_id AND show_id = pshow_id)
            LOOP
                IF vseat_code.seat_code = vrow.seat_code THEN
                    DBMS_OUTPUT.PUT('|' || 'X' || '|');
                    vflag := 't';
                    EXIT;
                END IF;
            END LOOP;
            IF vflag = 'f' THEN
                DBMS_OUTPUT.PUT('|' || SUBSTR(vrow.seat_code, 3) || '|');
            END IF;
        END IF;
    END LOOP;
    DBMS_OUTPUT.PUT_LINE('');
END;

/
--------------------------------------------------------
--  DDL for Procedure UP_SELECTALL_STORE
--------------------------------------------------------
set define off;

  CREATE OR REPLACE PROCEDURE "CGV_DB"."UP_SELECTALL_STORE" 
IS
    vcat VARCHAR2(20) := '';
BEGIN
    FOR vrow IN(SELECT s_price, s_title, s_category
                FROM store
                )
    LOOP
        IF vcat = vrow.s_category THEN
            DBMS_OUTPUT.PUT_LINE(vrow.s_title);
            DBMS_OUTPUT.PUT_LINE(TO_CHAR(vrow.s_price, 'FM999,999,999,999') || '원');
            DBMS_OUTPUT.PUT_LINE('');
        ELSE
            vcat := vrow.s_category;
            DBMS_OUTPUT.PUT_LINE('');
            DBMS_OUTPUT.PUT_LINE('=========================');
            DBMS_OUTPUT.PUT_LINE('<<' || vrow.s_category || '>>');
            DBMS_OUTPUT.PUT_LINE('');
            DBMS_OUTPUT.PUT_LINE(vrow.s_title);
            DBMS_OUTPUT.PUT_LINE(TO_CHAR(vrow.s_price, 'FM999,999,999,999') || '원');
            DBMS_OUTPUT.PUT_LINE('');
        END IF;
    END LOOP; 
END;

/
--------------------------------------------------------
--  DDL for Procedure UP_SELECT_STORE
--------------------------------------------------------
set define off;

  CREATE OR REPLACE PROCEDURE "CGV_DB"."UP_SELECT_STORE" 
(
    pcat VARCHAR2
)
IS
    vsql VARCHAR2(2000);
    vcur SYS_REFCURSOR;
    vrow store%ROWTYPE;
BEGIN
    vsql := 'SELECT * ';
    vsql := vsql || ' FROM store ';
    vsql := vsql || ' WHERE s_category = :pcat';

    OPEN vcur FOR vsql
    USING pcat;

    DBMS_OUTPUT.PUT_LINE('<<' || pcat || '>>' );
    DBMS_OUTPUT.PUT_LINE('');
    LOOP
        FETCH vcur INTO vrow;
        EXIT WHEN vcur%NOTFOUND;
        DBMS_OUTPUT.PUT_LINE(vrow.s_title );
        DBMS_OUTPUT.PUT_LINE(TO_CHAR(vrow.s_price, 'FM999,999,999,999') || '원');
        DBMS_OUTPUT.PUT_LINE('');
    END LOOP;
END;

/
--------------------------------------------------------
--  DDL for Procedure UP_SHOW
--------------------------------------------------------
set define off;

  CREATE OR REPLACE PROCEDURE "CGV_DB"."UP_SHOW" 
is 
vstartdate Date;
venddate date;
BEGIN
vstartdate := TO_DATE('2023-09-16 '
|| TRUNC(TO_char(DBMS_RANDOM.VALUE(0,24))) || ':'
|| TRUNC(TO_char(DBMS_RANDOM.VALUE(0,61))) || ':'
|| '00'
, 'YYYY-MM-DD HH24:MI:SS');
venddate := vstartdate + 2/24;
INSERT INTO show
VALUES(
seq_show.nextval
,TRUNC(DBMS_RANDOM.VALUE(1000,1005))
,TRUNC(DBMS_RANDOM.VALUE(1,20))
,venddate
,vstartdate
);
commit;
--EXCEPTION
END;

/
--------------------------------------------------------
--  DDL for Procedure UP_STOREORDER_BASKETO
--------------------------------------------------------
set define off;

  CREATE OR REPLACE PROCEDURE "CGV_DB"."UP_STOREORDER_BASKETO" 
(
puser_id basket_id.user_id%TYPE
)
IS

vs_price store.s_price%TYPE; 
vst_disc_rate store.st_disc_rate%TYPE;
vb_count basket.b_count%TYPE;
vbasket_id basket.basket_id%TYPE;
vstore_id store.store_id%TYPE;
vuser_id basket_id.user_id%TYPE;

CURSOR SO_CURSOR IS 
SELECT s.store_id ,bi.user_id, b_count, s_price, st_disc_rate, bi.basket_id
FROM basket_id bi JOIN basket b ON bi.basket_id = b.basket_id 
JOIN store s ON b.store_id = s.store_id
where user_id = puser_id;

BEGIN

OPEN SO_CURSOR;
LOOP
FETCH SO_CURSOR INTO vstore_id, vuser_id, vb_count, vs_price, vst_disc_rate, vbasket_id;
EXIT WHEN SO_CURSOR%NOTFOUND;
INSERT INTO store_order
VALUES(st_order_seq.nextval, vstore_id, puser_id, vb_count, (vs_price - vst_disc_rate), vbasket_id, '결제전');
END LOOP;
CLOSE SO_CURSOR;

commit;
END;

/
--------------------------------------------------------
--  DDL for Procedure UP_STOREORDER_BASKETX
--------------------------------------------------------
set define off;

  CREATE OR REPLACE PROCEDURE "CGV_DB"."UP_STOREORDER_BASKETX" 
(
pstore_id store.store_id%TYPE
,puser_id USER_INFO.user_id%TYPE
)
IS
vstore_id store.store_id%TYPE;
vs_price store.s_price%TYPE; 
vst_disc_rate store.st_disc_rate%TYPE;

BEGIN
SELECT store_id, s_price, st_disc_rate
INTO vstore_id, vs_price, vst_disc_rate FROM store
WHERE store_id = pstore_id;

vs_price := vs_price - vst_disc_rate;
INSERT INTO STORE_ORDER
VALUES(st_order_seq.nextval, pstore_id, puser_id, 1, vs_price , null, '결제전');
commit;
END;

/
--------------------------------------------------------
--  DDL for Procedure UP_STPAYMENT
--------------------------------------------------------
set define off;

  CREATE OR REPLACE PROCEDURE "CGV_DB"."UP_STPAYMENT" 
(
puser_id basket_id.user_id%TYPE
,pst_pay_option varchar2 default '카드'
,prc_name varchar2 default null
,prc_number varchar2 default null
,pst_delivery_request nvarchar2 default null

)
IS
vseq number;
BEGIN

vseq := st_pay_seq.nextval;
for vrow in 
(
SELECT st_order_id
,sum(st_curr_price*st_cnt) stsum
FROM STORE_ORDER so
WHERE user_id = puser_id and st_state = '결제전'
group by st_order_id
) loop
INSERT INTO store_payment 
VALUES (vseq, vrow.stsum, vrow.stsum*0.03, pst_pay_option, sysdate
,null, prc_name, prc_number , pst_delivery_request,vrow.st_order_id );
end loop;
UPDATE store_order
set st_state ='결제완료'
WHERE user_id = puser_id and st_state = '결제전';

DELETE FROM basket
WHERE basket_id = (SELECT basket_id FROM basket_id WHERE user_id = puser_id);
commit;
END;

/
--------------------------------------------------------
--  DDL for Procedure UP_SUM_POINT
--------------------------------------------------------
set define off;

  CREATE OR REPLACE PROCEDURE "CGV_DB"."UP_SUM_POINT" 
(
    puser_id VARCHAR2
)
IS
    vsum NUMBER(7);
BEGIN
    SELECT SUM(cjpoint) INTO vsum FROM cj_point WHERE user_id = puser_id;
    INSERT INTO user_info(user_cjpoint) VALUES(vsum);
END;

/
--------------------------------------------------------
--  DDL for Procedure UP_THEATER
--------------------------------------------------------
set define off;

  CREATE OR REPLACE PROCEDURE "CGV_DB"."UP_THEATER" 
 (
     pregion region.region_name%TYPE
     ,ptheater THEATER.TT_NAME%TYPE
	 ,ptime NUMBER DEFAULT 0
 )
IS
	vregion region.REGION_ID%TYPE;
	vtheater THEATER.THEATER_ID%TYPE;
	vinfo THEATER%ROWTYPE;
    vtemp NUMBER;
BEGIN
    vtemp := 1;
	SELECT REGION_ID INTO vregion FROM REGION where REGION_NAME = pregion;
	SELECT THEATER_ID INTO vtheater FROM THEATER WHERE TT_NAME = ptheater;

	FOR vrcursor IN (SELECT REGION_NAME FROM REGION)
	LOOP
		DBMS_OUTPUT.PUT(vrcursor.REGION_NAME||'|');
	END LOOP;
	DBMS_OUTPUT.PUT_LINE(' ');
	DBMS_OUTPUT.PUT_LINE('-------------------------');
	FOR vrcursor IN (SELECT TT_NAME FROM THEATER WHERE REGION_ID = vregion)
	LOOP
    IF MOD(vtemp,8)=0 THEN
    DBMS_OUTPUT.PUT_LINE(' ');
    END IF;
    vtemp := vtemp +1;
		DBMS_OUTPUT.PUT(vrcursor.TT_NAME||'|');
	END LOOP;
	DBMS_OUTPUT.PUT_LINE(' ');
	SELECT TT_NAME, TT_ADR, TT_SC_ALLCNT, TT_SE_ALLCNT,THEATER_SUM
		INTO vinfo.TT_NAME, vinfo.TT_ADR, vinfo.TT_SC_ALLCNT, vinfo.TT_SE_ALLCNT,vinfo.THEATER_SUM
	FROM THEATER
	WHERE THEATER_ID = vtheater;
	DBMS_OUTPUT.PUT_LINE(' ');
	DBMS_OUTPUT.PUT_LINE(vinfo.TT_NAME);
	DBMS_OUTPUT.PUT_LINE(vinfo.TT_ADR);
	DBMS_OUTPUT.PUT_LINE('관/좌석'||vinfo.TT_SC_ALLCNT||'/'||vinfo.TT_SE_ALLCNT);
	DBMS_OUTPUT.PUT_LINE('소개: '||vinfo.THEATER_SUM);
	UP_MVLIST(PTHEATERID  => vtheater, ptime => ptime );

END;

/
--------------------------------------------------------
--  DDL for Procedure UP_VIEWHISTORY
--------------------------------------------------------
set define off;

  CREATE OR REPLACE PROCEDURE "CGV_DB"."UP_VIEWHISTORY" 
(
    puser_id VARCHAR2
)
IS
    vui VARCHAR2(12);
    vmc NUMBER(3);
    vmt NVARCHAR2(100);
    vvd VARCHAR2(50);
    vtn NVARCHAR2(10);
    vsc VARCHAR2(25);
    vnp NUMBER(1);
    vmr VARCHAR2(60);
    CURSOR mvcur IS
    (SELECT v.user_id, mv_title, TO_CHAR(view_datetime, 'YYYY.MM.DD (DY)') view_datetime, tt_name, screen_category, num_people, NVL(my_mvreview, '이 영화를 평가해주세요') mr
     FROM view_history v JOIN theater t ON v.cinema_id = t.theater_id
                         JOIN screen s ON v.theater_id = s.screen_id
                         JOIN screen_cat c ON s.screen_category_id = c.screen_category_id);
BEGIN
    SELECT COUNT(*) INTO vmc FROM view_history WHERE user_id = puser_id;
    OPEN mvcur;
    LOOP
        FETCH mvcur INTO vui, vmt, vvd, vtn, vsc, vnp, vmr;
        EXIT WHEN mvcur%NOTFOUND;
        IF(vui = puser_id) THEN
            DBMS_OUTPUT.PUT_LINE('[ 내가 본 영화 ' || vmc || '건 ]');
            DBMS_OUTPUT.PUT_LINE(vmt);
            DBMS_OUTPUT.PUT_LINE(vvd);
            DBMS_OUTPUT.PUT_LINE(vsc || ' ' || vtn || ' / ' || vnp || '명');
            DBMS_OUTPUT.PUT_LINE(vmr);
        ELSE
            DBMS_OUTPUT.PUT_LINE('해당 회원은 관람 내역이 없습니다.');
        END IF;
    END LOOP;
END;

/
--------------------------------------------------------
--  DDL for Procedure UP_VIPGRADE_UP
--------------------------------------------------------
set define off;

  CREATE OR REPLACE PROCEDURE "CGV_DB"."UP_VIPGRADE_UP" 
(
    puser_id VARCHAR2
)
IS
    vgrade VARCHAR2(10);
    vcj NUMBER(7);
    vd DATE;
    rd DATE;
    vvd DATE;
BEGIN
    SELECT vip_date, rvip_date, vvip_date INTO vd, rd, vvd
    FROM vip_grade WHERE user_id = puser_id;
    SELECT vipgrade, user_cjpoint INTO vgrade, vcj FROM user_info WHERE user_id = puser_id;

    IF (ADD_MONTHS(SYSDATE, -60) > vvd AND vcj >= 14000) THEN
        vgrade := 'SVIP';
    ELSIF (ADD_MONTHS(SYSDATE, -36) > rd AND vcj >= 12000) THEN
        vgrade := 'VVIP';
    ELSIF (ADD_MONTHS(SYSDATE, -12) > vd AND vcj >= 12000) THEN
        vgrade := 'RVIP';
    ELSIF vcj >= 10000 THEN
        vgrade := 'VIP';
    END IF;

    UPDATE user_info
    SET vipgrade = vgrade
    WHERE user_id = puser_id;
END;

/
--------------------------------------------------------
--  DDL for Procedure UP_WINNER
--------------------------------------------------------
set define off;

  CREATE OR REPLACE PROCEDURE "CGV_DB"."UP_WINNER" 
(
    pevent_id event.event_id%TYPE
)
IS  
BEGIN
    FOR vrow IN (SELECT user_id , event_id
                            FROM ( 
                                SELECT user_id, p.event_id, event_title, event_end
                                FROM event e RIGHT JOIN event_part p ON e.event_id = p.event_id
                                WHERE EVENT_END <= SYSDATE
                                ORDER BY dbms_random.value
                            ) tmp
                            WHERE EVENT_id = pevent_id AND rownum <=5)
    LOOP
        INSERT INTO winner VALUES (seq_win_id.NEXTVAL, vrow.user_id, vrow.event_id) ;
    END LOOP;
END;

/
--------------------------------------------------------
--  DDL for Procedure UP_WISH_MOVIE
--------------------------------------------------------
set define off;

  CREATE OR REPLACE PROCEDURE "CGV_DB"."UP_WISH_MOVIE" 
(
    puser_id VARCHAR2
)
IS
    vmc NUMBER(3);
    vui VARCHAR2(12);
    vmt NVARCHAR2(100);
    vmo VARCHAR2(50);
    CURSOR wm IS (SELECT user_id, mv_title, TO_CHAR(mv_open, 'YYYY.MM.DD') FROM wish_movie w JOIN movie m ON w.mv_id = m.mv_id);
BEGIN
    SELECT NVL(COUNT(*), 0) INTO vmc FROM wish_movie WHERE user_id = puser_id;
    OPEN wm;
    LOOP
        FETCH wm INTO vui, vmt, vmo;
        EXIT WHEN wm%NOTFOUND;
        DBMS_OUTPUT.PUT('기대되는 영화 ');
        IF(vui = puser_id) THEN
            DBMS_OUTPUT.PUT_LINE(vmc || '건');
            DBMS_OUTPUT.PUT_LINE(vmt);
            DBMS_OUTPUT.PUT_LINE(vmo);
            DBMS_OUTPUT.PUT_LINE('[ 예매하기 ]');
        ELSE 
            DBMS_OUTPUT.PUT_LINE(vmc || '건');
            DBMS_OUTPUT.PUT_LINE('                  기대되는 영화가 없습니다.');
            DBMS_OUTPUT.PUT_LINE('영화 상세 프리에그에서 ''기대돼요!''를 선택하여 영화를 추가해보세요.');
        END IF;
    END LOOP;
END;

/
--------------------------------------------------------
--  Constraints for Table VIEW_HISTORY
--------------------------------------------------------

  ALTER TABLE "CGV_DB"."VIEW_HISTORY" ADD CONSTRAINT "PK_VIEW_HISTORY" PRIMARY KEY ("USER_ID", "MV_ID")
  USING INDEX PCTFREE 10 INITRANS 2 MAXTRANS 255 COMPUTE STATISTICS 
  STORAGE(INITIAL 65536 NEXT 1048576 MINEXTENTS 1 MAXEXTENTS 2147483645
  PCTINCREASE 0 FREELISTS 1 FREELIST GROUPS 1 BUFFER_POOL DEFAULT FLASH_CACHE DEFAULT CELL_FLASH_CACHE DEFAULT)
  TABLESPACE "SYSTEM"  ENABLE;
  ALTER TABLE "CGV_DB"."VIEW_HISTORY" MODIFY ("NUM_PEOPLE" NOT NULL ENABLE);
  ALTER TABLE "CGV_DB"."VIEW_HISTORY" MODIFY ("THEATER_ID" NOT NULL ENABLE);
  ALTER TABLE "CGV_DB"."VIEW_HISTORY" MODIFY ("CINEMA_ID" NOT NULL ENABLE);
  ALTER TABLE "CGV_DB"."VIEW_HISTORY" MODIFY ("VIEW_DATETIME" NOT NULL ENABLE);
  ALTER TABLE "CGV_DB"."VIEW_HISTORY" MODIFY ("MV_TITLE" NOT NULL ENABLE);
  ALTER TABLE "CGV_DB"."VIEW_HISTORY" MODIFY ("MV_ID" NOT NULL ENABLE);
  ALTER TABLE "CGV_DB"."VIEW_HISTORY" MODIFY ("USER_ID" NOT NULL ENABLE);
--------------------------------------------------------
--  Constraints for Table DIRECTOR
--------------------------------------------------------

  ALTER TABLE "CGV_DB"."DIRECTOR" ADD CONSTRAINT "PK_DIRECTOR" PRIMARY KEY ("DT_ID")
  USING INDEX PCTFREE 10 INITRANS 2 MAXTRANS 255 COMPUTE STATISTICS 
  STORAGE(INITIAL 65536 NEXT 1048576 MINEXTENTS 1 MAXEXTENTS 2147483645
  PCTINCREASE 0 FREELISTS 1 FREELIST GROUPS 1 BUFFER_POOL DEFAULT FLASH_CACHE DEFAULT CELL_FLASH_CACHE DEFAULT)
  TABLESPACE "SYSTEM"  ENABLE;
  ALTER TABLE "CGV_DB"."DIRECTOR" MODIFY ("DT_NAME" NOT NULL ENABLE);
  ALTER TABLE "CGV_DB"."DIRECTOR" MODIFY ("DT_ID" NOT NULL ENABLE);
--------------------------------------------------------
--  Constraints for Table C_ACTOR
--------------------------------------------------------

  ALTER TABLE "CGV_DB"."C_ACTOR" ADD CONSTRAINT "PK_C_ACTOR" PRIMARY KEY ("CAST_ID")
  USING INDEX PCTFREE 10 INITRANS 2 MAXTRANS 255 COMPUTE STATISTICS 
  STORAGE(INITIAL 65536 NEXT 1048576 MINEXTENTS 1 MAXEXTENTS 2147483645
  PCTINCREASE 0 FREELISTS 1 FREELIST GROUPS 1 BUFFER_POOL DEFAULT FLASH_CACHE DEFAULT CELL_FLASH_CACHE DEFAULT)
  TABLESPACE "SYSTEM"  ENABLE;
  ALTER TABLE "CGV_DB"."C_ACTOR" MODIFY ("MV_ID" NOT NULL ENABLE);
  ALTER TABLE "CGV_DB"."C_ACTOR" MODIFY ("ACT_ID" NOT NULL ENABLE);
  ALTER TABLE "CGV_DB"."C_ACTOR" MODIFY ("CAST_ID" NOT NULL ENABLE);
--------------------------------------------------------
--  Constraints for Table CJONE_COUP
--------------------------------------------------------

  ALTER TABLE "CGV_DB"."CJONE_COUP" ADD CONSTRAINT "PK_CJONE_COUP" PRIMARY KEY ("COUP_ID", "USER_ID")
  USING INDEX PCTFREE 10 INITRANS 2 MAXTRANS 255 COMPUTE STATISTICS 
  STORAGE(INITIAL 65536 NEXT 1048576 MINEXTENTS 1 MAXEXTENTS 2147483645
  PCTINCREASE 0 FREELISTS 1 FREELIST GROUPS 1 BUFFER_POOL DEFAULT FLASH_CACHE DEFAULT CELL_FLASH_CACHE DEFAULT)
  TABLESPACE "SYSTEM"  ENABLE;
  ALTER TABLE "CGV_DB"."CJONE_COUP" MODIFY ("USER_ID" NOT NULL ENABLE);
  ALTER TABLE "CGV_DB"."CJONE_COUP" MODIFY ("COUP_ID" NOT NULL ENABLE);
--------------------------------------------------------
--  Constraints for Table BASKET
--------------------------------------------------------

  ALTER TABLE "CGV_DB"."BASKET" ADD CONSTRAINT "PK_BASKET" PRIMARY KEY ("BASKET_ID", "STORE_ID")
  USING INDEX PCTFREE 10 INITRANS 2 MAXTRANS 255 COMPUTE STATISTICS 
  STORAGE(INITIAL 65536 NEXT 1048576 MINEXTENTS 1 MAXEXTENTS 2147483645
  PCTINCREASE 0 FREELISTS 1 FREELIST GROUPS 1 BUFFER_POOL DEFAULT FLASH_CACHE DEFAULT CELL_FLASH_CACHE DEFAULT)
  TABLESPACE "SYSTEM"  ENABLE;
  ALTER TABLE "CGV_DB"."BASKET" MODIFY ("B_COUNT" NOT NULL ENABLE);
  ALTER TABLE "CGV_DB"."BASKET" MODIFY ("STORE_ID" NOT NULL ENABLE);
  ALTER TABLE "CGV_DB"."BASKET" MODIFY ("BASKET_ID" NOT NULL ENABLE);
--------------------------------------------------------
--  Constraints for Table SCREEN
--------------------------------------------------------

  ALTER TABLE "CGV_DB"."SCREEN" ADD CONSTRAINT "PK_SCREEN" PRIMARY KEY ("SCREEN_ID")
  USING INDEX PCTFREE 10 INITRANS 2 MAXTRANS 255 COMPUTE STATISTICS 
  STORAGE(INITIAL 65536 NEXT 1048576 MINEXTENTS 1 MAXEXTENTS 2147483645
  PCTINCREASE 0 FREELISTS 1 FREELIST GROUPS 1 BUFFER_POOL DEFAULT FLASH_CACHE DEFAULT CELL_FLASH_CACHE DEFAULT)
  TABLESPACE "SYSTEM"  ENABLE;
  ALTER TABLE "CGV_DB"."SCREEN" MODIFY ("THEATER_ID" NOT NULL ENABLE);
  ALTER TABLE "CGV_DB"."SCREEN" MODIFY ("SCREEN_CATEGORY_ID" NOT NULL ENABLE);
  ALTER TABLE "CGV_DB"."SCREEN" MODIFY ("SCREEN_ID" NOT NULL ENABLE);
--------------------------------------------------------
--  Constraints for Table GIFTCARD
--------------------------------------------------------

  ALTER TABLE "CGV_DB"."GIFTCARD" ADD CONSTRAINT "GIFTCARD" PRIMARY KEY ("GIFTCARD_ID")
  USING INDEX PCTFREE 10 INITRANS 2 MAXTRANS 255 COMPUTE STATISTICS 
  STORAGE(INITIAL 65536 NEXT 1048576 MINEXTENTS 1 MAXEXTENTS 2147483645
  PCTINCREASE 0 FREELISTS 1 FREELIST GROUPS 1 BUFFER_POOL DEFAULT FLASH_CACHE DEFAULT CELL_FLASH_CACHE DEFAULT)
  TABLESPACE "SYSTEM"  ENABLE;
  ALTER TABLE "CGV_DB"."GIFTCARD" MODIFY ("GIFTCARD_MONEYTYPE" NOT NULL ENABLE);
  ALTER TABLE "CGV_DB"."GIFTCARD" MODIFY ("GIFTCARD_TYPE" NOT NULL ENABLE);
  ALTER TABLE "CGV_DB"."GIFTCARD" MODIFY ("GIFTCARD_NAME" NOT NULL ENABLE);
  ALTER TABLE "CGV_DB"."GIFTCARD" MODIFY ("GIFTCARD_ID" NOT NULL ENABLE);
--------------------------------------------------------
--  Constraints for Table EVENT_PART
--------------------------------------------------------

  ALTER TABLE "CGV_DB"."EVENT_PART" ADD CONSTRAINT "PK_EVENT_PART" PRIMARY KEY ("USER_ID", "EVENT_ID")
  USING INDEX PCTFREE 10 INITRANS 2 MAXTRANS 255 COMPUTE STATISTICS 
  STORAGE(INITIAL 65536 NEXT 1048576 MINEXTENTS 1 MAXEXTENTS 2147483645
  PCTINCREASE 0 FREELISTS 1 FREELIST GROUPS 1 BUFFER_POOL DEFAULT FLASH_CACHE DEFAULT CELL_FLASH_CACHE DEFAULT)
  TABLESPACE "SYSTEM"  ENABLE;
  ALTER TABLE "CGV_DB"."EVENT_PART" MODIFY ("EVENT_ID" NOT NULL ENABLE);
  ALTER TABLE "CGV_DB"."EVENT_PART" MODIFY ("USER_ID" NOT NULL ENABLE);
--------------------------------------------------------
--  Constraints for Table ACTOR
--------------------------------------------------------

  ALTER TABLE "CGV_DB"."ACTOR" ADD CONSTRAINT "PK_ACTOR" PRIMARY KEY ("ACT_ID")
  USING INDEX PCTFREE 10 INITRANS 2 MAXTRANS 255 COMPUTE STATISTICS 
  STORAGE(INITIAL 65536 NEXT 1048576 MINEXTENTS 1 MAXEXTENTS 2147483645
  PCTINCREASE 0 FREELISTS 1 FREELIST GROUPS 1 BUFFER_POOL DEFAULT FLASH_CACHE DEFAULT CELL_FLASH_CACHE DEFAULT)
  TABLESPACE "SYSTEM"  ENABLE;
  ALTER TABLE "CGV_DB"."ACTOR" MODIFY ("ACT_NAME" NOT NULL ENABLE);
  ALTER TABLE "CGV_DB"."ACTOR" MODIFY ("ACT_ID" NOT NULL ENABLE);
--------------------------------------------------------
--  Constraints for Table SEAT
--------------------------------------------------------

  ALTER TABLE "CGV_DB"."SEAT" ADD CONSTRAINT "PK_SEAT" PRIMARY KEY ("SCREEN_ID", "SEAT_CODE")
  USING INDEX PCTFREE 10 INITRANS 2 MAXTRANS 255 COMPUTE STATISTICS 
  STORAGE(INITIAL 65536 NEXT 1048576 MINEXTENTS 1 MAXEXTENTS 2147483645
  PCTINCREASE 0 FREELISTS 1 FREELIST GROUPS 1 BUFFER_POOL DEFAULT FLASH_CACHE DEFAULT CELL_FLASH_CACHE DEFAULT)
  TABLESPACE "SYSTEM"  ENABLE;
  ALTER TABLE "CGV_DB"."SEAT" MODIFY ("SEAT_CATEGORY" NOT NULL ENABLE);
  ALTER TABLE "CGV_DB"."SEAT" MODIFY ("SEAT_GRADE" NOT NULL ENABLE);
  ALTER TABLE "CGV_DB"."SEAT" MODIFY ("SEAT_CODE" NOT NULL ENABLE);
  ALTER TABLE "CGV_DB"."SEAT" MODIFY ("SCREEN_ID" NOT NULL ENABLE);
--------------------------------------------------------
--  Constraints for Table REGION
--------------------------------------------------------

  ALTER TABLE "CGV_DB"."REGION" ADD CONSTRAINT "PK_REGION" PRIMARY KEY ("REGION_ID")
  USING INDEX PCTFREE 10 INITRANS 2 MAXTRANS 255 COMPUTE STATISTICS 
  STORAGE(INITIAL 65536 NEXT 1048576 MINEXTENTS 1 MAXEXTENTS 2147483645
  PCTINCREASE 0 FREELISTS 1 FREELIST GROUPS 1 BUFFER_POOL DEFAULT FLASH_CACHE DEFAULT CELL_FLASH_CACHE DEFAULT)
  TABLESPACE "SYSTEM"  ENABLE;
  ALTER TABLE "CGV_DB"."REGION" MODIFY ("REGION_NAME" NOT NULL ENABLE);
  ALTER TABLE "CGV_DB"."REGION" MODIFY ("REGION_ID" NOT NULL ENABLE);
--------------------------------------------------------
--  Constraints for Table MOVIE_PAY
--------------------------------------------------------

  ALTER TABLE "CGV_DB"."MOVIE_PAY" ADD CONSTRAINT "PK_MOVIE_PAY" PRIMARY KEY ("MV_PAY_ID")
  USING INDEX PCTFREE 10 INITRANS 2 MAXTRANS 255 COMPUTE STATISTICS 
  STORAGE(INITIAL 65536 NEXT 1048576 MINEXTENTS 1 MAXEXTENTS 2147483645
  PCTINCREASE 0 FREELISTS 1 FREELIST GROUPS 1 BUFFER_POOL DEFAULT FLASH_CACHE DEFAULT CELL_FLASH_CACHE DEFAULT)
  TABLESPACE "SYSTEM"  ENABLE;
  ALTER TABLE "CGV_DB"."MOVIE_PAY" MODIFY ("PAY_MONEY" NOT NULL ENABLE);
  ALTER TABLE "CGV_DB"."MOVIE_PAY" MODIFY ("PAY_DATE" NOT NULL ENABLE);
  ALTER TABLE "CGV_DB"."MOVIE_PAY" MODIFY ("PAY_WAY" NOT NULL ENABLE);
  ALTER TABLE "CGV_DB"."MOVIE_PAY" MODIFY ("SHOW_ID" NOT NULL ENABLE);
  ALTER TABLE "CGV_DB"."MOVIE_PAY" MODIFY ("USER_ID" NOT NULL ENABLE);
  ALTER TABLE "CGV_DB"."MOVIE_PAY" MODIFY ("MV_PAY_ID" NOT NULL ENABLE);
--------------------------------------------------------
--  Constraints for Table COUP_CATEGORY
--------------------------------------------------------

  ALTER TABLE "CGV_DB"."COUP_CATEGORY" ADD CONSTRAINT "PK_COUP_CATEGORY" PRIMARY KEY ("COUP_ID")
  USING INDEX PCTFREE 10 INITRANS 2 MAXTRANS 255 COMPUTE STATISTICS 
  STORAGE(INITIAL 65536 NEXT 1048576 MINEXTENTS 1 MAXEXTENTS 2147483645
  PCTINCREASE 0 FREELISTS 1 FREELIST GROUPS 1 BUFFER_POOL DEFAULT FLASH_CACHE DEFAULT CELL_FLASH_CACHE DEFAULT)
  TABLESPACE "SYSTEM"  ENABLE;
  ALTER TABLE "CGV_DB"."COUP_CATEGORY" MODIFY ("DISCOUNT" NOT NULL ENABLE);
  ALTER TABLE "CGV_DB"."COUP_CATEGORY" MODIFY ("AVA_USE" NOT NULL ENABLE);
  ALTER TABLE "CGV_DB"."COUP_CATEGORY" MODIFY ("EXP_END" NOT NULL ENABLE);
  ALTER TABLE "CGV_DB"."COUP_CATEGORY" MODIFY ("EXP_START" NOT NULL ENABLE);
  ALTER TABLE "CGV_DB"."COUP_CATEGORY" MODIFY ("NAME" NOT NULL ENABLE);
  ALTER TABLE "CGV_DB"."COUP_CATEGORY" MODIFY ("COUP_CATEGORY" NOT NULL ENABLE);
  ALTER TABLE "CGV_DB"."COUP_CATEGORY" MODIFY ("COUP_ID" NOT NULL ENABLE);
--------------------------------------------------------
--  Constraints for Table POINT_HISTORY
--------------------------------------------------------

  ALTER TABLE "CGV_DB"."POINT_HISTORY" ADD PRIMARY KEY ("HISTORY_ID")
  USING INDEX PCTFREE 10 INITRANS 2 MAXTRANS 255 
  STORAGE(INITIAL 65536 NEXT 1048576 MINEXTENTS 1 MAXEXTENTS 2147483645
  PCTINCREASE 0 FREELISTS 1 FREELIST GROUPS 1 BUFFER_POOL DEFAULT FLASH_CACHE DEFAULT CELL_FLASH_CACHE DEFAULT)
  TABLESPACE "SYSTEM"  ENABLE;
--------------------------------------------------------
--  Constraints for Table SHOW
--------------------------------------------------------

  ALTER TABLE "CGV_DB"."SHOW" ADD CONSTRAINT "PK_SHOW" PRIMARY KEY ("SHOW_ID")
  USING INDEX PCTFREE 10 INITRANS 2 MAXTRANS 255 COMPUTE STATISTICS 
  STORAGE(INITIAL 65536 NEXT 1048576 MINEXTENTS 1 MAXEXTENTS 2147483645
  PCTINCREASE 0 FREELISTS 1 FREELIST GROUPS 1 BUFFER_POOL DEFAULT FLASH_CACHE DEFAULT CELL_FLASH_CACHE DEFAULT)
  TABLESPACE "SYSTEM"  ENABLE;
  ALTER TABLE "CGV_DB"."SHOW" MODIFY ("START_TIME" NOT NULL ENABLE);
  ALTER TABLE "CGV_DB"."SHOW" MODIFY ("END_TIME" NOT NULL ENABLE);
  ALTER TABLE "CGV_DB"."SHOW" MODIFY ("MOVIE_ID" NOT NULL ENABLE);
  ALTER TABLE "CGV_DB"."SHOW" MODIFY ("SCREEN_ID" NOT NULL ENABLE);
  ALTER TABLE "CGV_DB"."SHOW" MODIFY ("SHOW_ID" NOT NULL ENABLE);
--------------------------------------------------------
--  Constraints for Table VIP_GRADE
--------------------------------------------------------

  ALTER TABLE "CGV_DB"."VIP_GRADE" ADD CONSTRAINT "PK_VIP_GRADE" PRIMARY KEY ("USER_ID")
  USING INDEX PCTFREE 10 INITRANS 2 MAXTRANS 255 COMPUTE STATISTICS 
  STORAGE(INITIAL 65536 NEXT 1048576 MINEXTENTS 1 MAXEXTENTS 2147483645
  PCTINCREASE 0 FREELISTS 1 FREELIST GROUPS 1 BUFFER_POOL DEFAULT FLASH_CACHE DEFAULT CELL_FLASH_CACHE DEFAULT)
  TABLESPACE "SYSTEM"  ENABLE;
  ALTER TABLE "CGV_DB"."VIP_GRADE" MODIFY ("USER_ID" NOT NULL ENABLE);
--------------------------------------------------------
--  Constraints for Table CGV_CLUB
--------------------------------------------------------

  ALTER TABLE "CGV_DB"."CGV_CLUB" ADD CONSTRAINT "CGV_CLUB" PRIMARY KEY ("USER_ID", "CLUB_ID")
  USING INDEX PCTFREE 10 INITRANS 2 MAXTRANS 255 COMPUTE STATISTICS 
  STORAGE(INITIAL 65536 NEXT 1048576 MINEXTENTS 1 MAXEXTENTS 2147483645
  PCTINCREASE 0 FREELISTS 1 FREELIST GROUPS 1 BUFFER_POOL DEFAULT FLASH_CACHE DEFAULT CELL_FLASH_CACHE DEFAULT)
  TABLESPACE "SYSTEM"  ENABLE;
  ALTER TABLE "CGV_DB"."CGV_CLUB" MODIFY ("CLUB_ID" NOT NULL ENABLE);
  ALTER TABLE "CGV_DB"."CGV_CLUB" MODIFY ("USER_ID" NOT NULL ENABLE);
--------------------------------------------------------
--  Constraints for Table CJ_POINT
--------------------------------------------------------

  ALTER TABLE "CGV_DB"."CJ_POINT" ADD CONSTRAINT "PF_MVPAYID" PRIMARY KEY ("MV_PAY_ID")
  USING INDEX PCTFREE 10 INITRANS 2 MAXTRANS 255 COMPUTE STATISTICS 
  STORAGE(INITIAL 65536 NEXT 1048576 MINEXTENTS 1 MAXEXTENTS 2147483645
  PCTINCREASE 0 FREELISTS 1 FREELIST GROUPS 1 BUFFER_POOL DEFAULT FLASH_CACHE DEFAULT CELL_FLASH_CACHE DEFAULT)
  TABLESPACE "SYSTEM"  ENABLE;
  ALTER TABLE "CGV_DB"."CJ_POINT" MODIFY ("CJPOINT_DATE" NOT NULL ENABLE);
  ALTER TABLE "CGV_DB"."CJ_POINT" MODIFY ("CJPOINT" NOT NULL ENABLE);
  ALTER TABLE "CGV_DB"."CJ_POINT" MODIFY ("CINEMA_ID" NOT NULL ENABLE);
  ALTER TABLE "CGV_DB"."CJ_POINT" MODIFY ("CJPOINT_TYPE" NOT NULL ENABLE);
  ALTER TABLE "CGV_DB"."CJ_POINT" MODIFY ("USER_ID" NOT NULL ENABLE);
--------------------------------------------------------
--  Constraints for Table MY_REVIEW
--------------------------------------------------------

  ALTER TABLE "CGV_DB"."MY_REVIEW" ADD CONSTRAINT "PK_MY_REVIEW" PRIMARY KEY ("USER_ID", "MV_ID")
  USING INDEX PCTFREE 10 INITRANS 2 MAXTRANS 255 COMPUTE STATISTICS 
  STORAGE(INITIAL 65536 NEXT 1048576 MINEXTENTS 1 MAXEXTENTS 2147483645
  PCTINCREASE 0 FREELISTS 1 FREELIST GROUPS 1 BUFFER_POOL DEFAULT FLASH_CACHE DEFAULT CELL_FLASH_CACHE DEFAULT)
  TABLESPACE "SYSTEM"  ENABLE;
  ALTER TABLE "CGV_DB"."MY_REVIEW" MODIFY ("CHARM_5" NOT NULL ENABLE);
  ALTER TABLE "CGV_DB"."MY_REVIEW" MODIFY ("CHARM_4" NOT NULL ENABLE);
  ALTER TABLE "CGV_DB"."MY_REVIEW" MODIFY ("CHARM_3" NOT NULL ENABLE);
  ALTER TABLE "CGV_DB"."MY_REVIEW" MODIFY ("CHARM_2" NOT NULL ENABLE);
  ALTER TABLE "CGV_DB"."MY_REVIEW" MODIFY ("CHARM_1" NOT NULL ENABLE);
  ALTER TABLE "CGV_DB"."MY_REVIEW" MODIFY ("EMOTION_1" NOT NULL ENABLE);
  ALTER TABLE "CGV_DB"."MY_REVIEW" MODIFY ("EMOTION_5" NOT NULL ENABLE);
  ALTER TABLE "CGV_DB"."MY_REVIEW" MODIFY ("EMOTION_4" NOT NULL ENABLE);
  ALTER TABLE "CGV_DB"."MY_REVIEW" MODIFY ("EMOTION_3" NOT NULL ENABLE);
  ALTER TABLE "CGV_DB"."MY_REVIEW" MODIFY ("EMOTION_2" NOT NULL ENABLE);
  ALTER TABLE "CGV_DB"."MY_REVIEW" MODIFY ("RV_CONTENT" NOT NULL ENABLE);
  ALTER TABLE "CGV_DB"."MY_REVIEW" MODIFY ("RV_DATE" NOT NULL ENABLE);
  ALTER TABLE "CGV_DB"."MY_REVIEW" MODIFY ("MV_ID" NOT NULL ENABLE);
  ALTER TABLE "CGV_DB"."MY_REVIEW" MODIFY ("USER_ID" NOT NULL ENABLE);
--------------------------------------------------------
--  Constraints for Table DIS_TEL
--------------------------------------------------------

  ALTER TABLE "CGV_DB"."DIS_TEL" MODIFY ("T_TITLE" NOT NULL ENABLE);
  ALTER TABLE "CGV_DB"."DIS_TEL" ADD PRIMARY KEY ("TEL_ID")
  USING INDEX PCTFREE 10 INITRANS 2 MAXTRANS 255 
  STORAGE(INITIAL 65536 NEXT 1048576 MINEXTENTS 1 MAXEXTENTS 2147483645
  PCTINCREASE 0 FREELISTS 1 FREELIST GROUPS 1 BUFFER_POOL DEFAULT FLASH_CACHE DEFAULT CELL_FLASH_CACHE DEFAULT)
  TABLESPACE "SYSTEM"  ENABLE;
--------------------------------------------------------
--  Constraints for Table CGV_REDCARD
--------------------------------------------------------

  ALTER TABLE "CGV_DB"."CGV_REDCARD" ADD PRIMARY KEY ("USER_ID", "REDCARD_ID")
  USING INDEX PCTFREE 10 INITRANS 2 MAXTRANS 255 COMPUTE STATISTICS 
  STORAGE(INITIAL 65536 NEXT 1048576 MINEXTENTS 1 MAXEXTENTS 2147483645
  PCTINCREASE 0 FREELISTS 1 FREELIST GROUPS 1 BUFFER_POOL DEFAULT FLASH_CACHE DEFAULT CELL_FLASH_CACHE DEFAULT)
  TABLESPACE "SYSTEM"  ENABLE;
  ALTER TABLE "CGV_DB"."CGV_REDCARD" MODIFY ("REDCARD_ID" NOT NULL ENABLE);
  ALTER TABLE "CGV_DB"."CGV_REDCARD" MODIFY ("USER_ID" NOT NULL ENABLE);
--------------------------------------------------------
--  Constraints for Table STORE
--------------------------------------------------------

  ALTER TABLE "CGV_DB"."STORE" ADD CONSTRAINT "PK_STORE" PRIMARY KEY ("STORE_ID")
  USING INDEX PCTFREE 10 INITRANS 2 MAXTRANS 255 COMPUTE STATISTICS 
  STORAGE(INITIAL 65536 NEXT 1048576 MINEXTENTS 1 MAXEXTENTS 2147483645
  PCTINCREASE 0 FREELISTS 1 FREELIST GROUPS 1 BUFFER_POOL DEFAULT FLASH_CACHE DEFAULT CELL_FLASH_CACHE DEFAULT)
  TABLESPACE "SYSTEM"  ENABLE;
  ALTER TABLE "CGV_DB"."STORE" MODIFY ("S_TITLE" NOT NULL ENABLE);
  ALTER TABLE "CGV_DB"."STORE" MODIFY ("S_DATE" NOT NULL ENABLE);
  ALTER TABLE "CGV_DB"."STORE" MODIFY ("S_PRICE" NOT NULL ENABLE);
  ALTER TABLE "CGV_DB"."STORE" MODIFY ("STORE_ID" NOT NULL ENABLE);
--------------------------------------------------------
--  Constraints for Table DIS_CARD
--------------------------------------------------------

  ALTER TABLE "CGV_DB"."DIS_CARD" ADD CONSTRAINT "DIS_CARD" PRIMARY KEY ("CARD_ID")
  USING INDEX PCTFREE 10 INITRANS 2 MAXTRANS 255 COMPUTE STATISTICS 
  STORAGE(INITIAL 65536 NEXT 1048576 MINEXTENTS 1 MAXEXTENTS 2147483645
  PCTINCREASE 0 FREELISTS 1 FREELIST GROUPS 1 BUFFER_POOL DEFAULT FLASH_CACHE DEFAULT CELL_FLASH_CACHE DEFAULT)
  TABLESPACE "SYSTEM"  ENABLE;
  ALTER TABLE "CGV_DB"."DIS_CARD" MODIFY ("DISCOUNT_CONTENT" NOT NULL ENABLE);
  ALTER TABLE "CGV_DB"."DIS_CARD" MODIFY ("DISCOUNT_PRICE" NOT NULL ENABLE);
  ALTER TABLE "CGV_DB"."DIS_CARD" MODIFY ("CARD_NAME" NOT NULL ENABLE);
  ALTER TABLE "CGV_DB"."DIS_CARD" MODIFY ("CARD_ID" NOT NULL ENABLE);
--------------------------------------------------------
--  Constraints for Table ATTR_POINT
--------------------------------------------------------

  ALTER TABLE "CGV_DB"."ATTR_POINT" MODIFY ("MV_ID" NOT NULL ENABLE);
--------------------------------------------------------
--  Constraints for Table TEMPORARY
--------------------------------------------------------

  ALTER TABLE "CGV_DB"."TEMPORARY" ADD CONSTRAINT "PK_TEMPORARY" PRIMARY KEY ("TEMP_ID")
  USING INDEX PCTFREE 10 INITRANS 2 MAXTRANS 255 COMPUTE STATISTICS 
  STORAGE(INITIAL 65536 NEXT 1048576 MINEXTENTS 1 MAXEXTENTS 2147483645
  PCTINCREASE 0 FREELISTS 1 FREELIST GROUPS 1 BUFFER_POOL DEFAULT FLASH_CACHE DEFAULT CELL_FLASH_CACHE DEFAULT)
  TABLESPACE "SYSTEM"  ENABLE;
  ALTER TABLE "CGV_DB"."TEMPORARY" MODIFY ("CONTENT" NOT NULL ENABLE);
  ALTER TABLE "CGV_DB"."TEMPORARY" MODIFY ("TITLE" NOT NULL ENABLE);
  ALTER TABLE "CGV_DB"."TEMPORARY" MODIFY ("TEMP_CAT" NOT NULL ENABLE);
  ALTER TABLE "CGV_DB"."TEMPORARY" MODIFY ("TEMP_ID" NOT NULL ENABLE);
--------------------------------------------------------
--  Constraints for Table BOOKMARK_CGV
--------------------------------------------------------

  ALTER TABLE "CGV_DB"."BOOKMARK_CGV" ADD CONSTRAINT "PK_BOOKMARK_CGV" PRIMARY KEY ("USER_ID")
  USING INDEX PCTFREE 10 INITRANS 2 MAXTRANS 255 COMPUTE STATISTICS 
  STORAGE(INITIAL 65536 NEXT 1048576 MINEXTENTS 1 MAXEXTENTS 2147483645
  PCTINCREASE 0 FREELISTS 1 FREELIST GROUPS 1 BUFFER_POOL DEFAULT FLASH_CACHE DEFAULT CELL_FLASH_CACHE DEFAULT)
  TABLESPACE "SYSTEM"  ENABLE;
  ALTER TABLE "CGV_DB"."BOOKMARK_CGV" MODIFY ("USER_ID" NOT NULL ENABLE);
--------------------------------------------------------
--  Constraints for Table CGV_GIFTCARD
--------------------------------------------------------

  ALTER TABLE "CGV_DB"."CGV_GIFTCARD" ADD CONSTRAINT "PK_CGV_GIFTCARD" PRIMARY KEY ("USER_ID", "CARD_ID")
  USING INDEX PCTFREE 10 INITRANS 2 MAXTRANS 255 COMPUTE STATISTICS 
  STORAGE(INITIAL 65536 NEXT 1048576 MINEXTENTS 1 MAXEXTENTS 2147483645
  PCTINCREASE 0 FREELISTS 1 FREELIST GROUPS 1 BUFFER_POOL DEFAULT FLASH_CACHE DEFAULT CELL_FLASH_CACHE DEFAULT)
  TABLESPACE "SYSTEM"  ENABLE;
  ALTER TABLE "CGV_DB"."CGV_GIFTCARD" MODIFY ("CARD_ID" NOT NULL ENABLE);
  ALTER TABLE "CGV_DB"."CGV_GIFTCARD" MODIFY ("USER_ID" NOT NULL ENABLE);
--------------------------------------------------------
--  Constraints for Table STORE_PAYMENT
--------------------------------------------------------

  ALTER TABLE "CGV_DB"."STORE_PAYMENT" ADD CONSTRAINT "PK_PAYMENT_STOREID" PRIMARY KEY ("ST_ORDER_ID")
  USING INDEX PCTFREE 10 INITRANS 2 MAXTRANS 255 COMPUTE STATISTICS 
  STORAGE(INITIAL 65536 NEXT 1048576 MINEXTENTS 1 MAXEXTENTS 2147483645
  PCTINCREASE 0 FREELISTS 1 FREELIST GROUPS 1 BUFFER_POOL DEFAULT FLASH_CACHE DEFAULT CELL_FLASH_CACHE DEFAULT)
  TABLESPACE "SYSTEM"  ENABLE;
  ALTER TABLE "CGV_DB"."STORE_PAYMENT" MODIFY ("PAY_ID" NOT NULL ENABLE);
--------------------------------------------------------
--  Constraints for Table PAYCARD_COUP
--------------------------------------------------------

  ALTER TABLE "CGV_DB"."PAYCARD_COUP" ADD CONSTRAINT "PK_PAYCARD_COUP" PRIMARY KEY ("USER_ID", "COUP_ID")
  USING INDEX PCTFREE 10 INITRANS 2 MAXTRANS 255 COMPUTE STATISTICS 
  STORAGE(INITIAL 65536 NEXT 1048576 MINEXTENTS 1 MAXEXTENTS 2147483645
  PCTINCREASE 0 FREELISTS 1 FREELIST GROUPS 1 BUFFER_POOL DEFAULT FLASH_CACHE DEFAULT CELL_FLASH_CACHE DEFAULT)
  TABLESPACE "SYSTEM"  ENABLE;
  ALTER TABLE "CGV_DB"."PAYCARD_COUP" MODIFY ("COUP_ID" NOT NULL ENABLE);
  ALTER TABLE "CGV_DB"."PAYCARD_COUP" MODIFY ("USER_ID" NOT NULL ENABLE);
--------------------------------------------------------
--  Constraints for Table SEAT_RS
--------------------------------------------------------

  ALTER TABLE "CGV_DB"."SEAT_RS" ADD CONSTRAINT "PK_SEAT_RS" PRIMARY KEY ("SHOW_ID", "SEAT_CODE")
  USING INDEX PCTFREE 10 INITRANS 2 MAXTRANS 255 COMPUTE STATISTICS 
  STORAGE(INITIAL 65536 NEXT 1048576 MINEXTENTS 1 MAXEXTENTS 2147483645
  PCTINCREASE 0 FREELISTS 1 FREELIST GROUPS 1 BUFFER_POOL DEFAULT FLASH_CACHE DEFAULT CELL_FLASH_CACHE DEFAULT)
  TABLESPACE "SYSTEM"  ENABLE;
  ALTER TABLE "CGV_DB"."SEAT_RS" MODIFY ("MVRS_ID" NOT NULL ENABLE);
  ALTER TABLE "CGV_DB"."SEAT_RS" MODIFY ("SEAT_RS_ID" NOT NULL ENABLE);
  ALTER TABLE "CGV_DB"."SEAT_RS" MODIFY ("SEAT_CODE" NOT NULL ENABLE);
  ALTER TABLE "CGV_DB"."SEAT_RS" MODIFY ("SHOW_ID" NOT NULL ENABLE);
--------------------------------------------------------
--  Constraints for Table WINNER
--------------------------------------------------------

  ALTER TABLE "CGV_DB"."WINNER" ADD CONSTRAINT "PK_WINNER" PRIMARY KEY ("WIN_ID")
  USING INDEX PCTFREE 10 INITRANS 2 MAXTRANS 255 COMPUTE STATISTICS 
  STORAGE(INITIAL 65536 NEXT 1048576 MINEXTENTS 1 MAXEXTENTS 2147483645
  PCTINCREASE 0 FREELISTS 1 FREELIST GROUPS 1 BUFFER_POOL DEFAULT FLASH_CACHE DEFAULT CELL_FLASH_CACHE DEFAULT)
  TABLESPACE "SYSTEM"  ENABLE;
  ALTER TABLE "CGV_DB"."WINNER" MODIFY ("USER_ID" NOT NULL ENABLE);
  ALTER TABLE "CGV_DB"."WINNER" MODIFY ("WIN_ID" NOT NULL ENABLE);
--------------------------------------------------------
--  Constraints for Table TRAILER
--------------------------------------------------------

  ALTER TABLE "CGV_DB"."TRAILER" ADD CONSTRAINT "PK_TRAILER" PRIMARY KEY ("MV_ID")
  USING INDEX PCTFREE 10 INITRANS 2 MAXTRANS 255 COMPUTE STATISTICS 
  STORAGE(INITIAL 65536 NEXT 1048576 MINEXTENTS 1 MAXEXTENTS 2147483645
  PCTINCREASE 0 FREELISTS 1 FREELIST GROUPS 1 BUFFER_POOL DEFAULT FLASH_CACHE DEFAULT CELL_FLASH_CACHE DEFAULT)
  TABLESPACE "SYSTEM"  ENABLE;
  ALTER TABLE "CGV_DB"."TRAILER" MODIFY ("MV_ID" NOT NULL ENABLE);
--------------------------------------------------------
--  Constraints for Table MOVIE
--------------------------------------------------------

  ALTER TABLE "CGV_DB"."MOVIE" ADD CONSTRAINT "PK_MOVIE" PRIMARY KEY ("MV_ID")
  USING INDEX PCTFREE 10 INITRANS 2 MAXTRANS 255 COMPUTE STATISTICS 
  STORAGE(INITIAL 65536 NEXT 1048576 MINEXTENTS 1 MAXEXTENTS 2147483645
  PCTINCREASE 0 FREELISTS 1 FREELIST GROUPS 1 BUFFER_POOL DEFAULT FLASH_CACHE DEFAULT CELL_FLASH_CACHE DEFAULT)
  TABLESPACE "SYSTEM"  ENABLE;
  ALTER TABLE "CGV_DB"."MOVIE" MODIFY ("MV_GOLEGG" NOT NULL ENABLE);
  ALTER TABLE "CGV_DB"."MOVIE" MODIFY ("MV_GRADE" NOT NULL ENABLE);
  ALTER TABLE "CGV_DB"."MOVIE" MODIFY ("MV_RT" NOT NULL ENABLE);
  ALTER TABLE "CGV_DB"."MOVIE" MODIFY ("MV_OPEN" NOT NULL ENABLE);
  ALTER TABLE "CGV_DB"."MOVIE" MODIFY ("MV_TITLE" NOT NULL ENABLE);
  ALTER TABLE "CGV_DB"."MOVIE" MODIFY ("MV_ID" NOT NULL ENABLE);
--------------------------------------------------------
--  Constraints for Table CARD_CATEGORY
--------------------------------------------------------

  ALTER TABLE "CGV_DB"."CARD_CATEGORY" ADD CONSTRAINT "PK_CARD_CATEGORY" PRIMARY KEY ("CARD_ID")
  USING INDEX PCTFREE 10 INITRANS 2 MAXTRANS 255 COMPUTE STATISTICS 
  STORAGE(INITIAL 65536 NEXT 1048576 MINEXTENTS 1 MAXEXTENTS 2147483645
  PCTINCREASE 0 FREELISTS 1 FREELIST GROUPS 1 BUFFER_POOL DEFAULT FLASH_CACHE DEFAULT CELL_FLASH_CACHE DEFAULT)
  TABLESPACE "SYSTEM"  ENABLE;
  ALTER TABLE "CGV_DB"."CARD_CATEGORY" MODIFY ("TOTAL" NOT NULL ENABLE);
  ALTER TABLE "CGV_DB"."CARD_CATEGORY" MODIFY ("CARD_CATEGORY" NOT NULL ENABLE);
  ALTER TABLE "CGV_DB"."CARD_CATEGORY" MODIFY ("CARD_ID" NOT NULL ENABLE);
--------------------------------------------------------
--  Constraints for Table MY_LOST
--------------------------------------------------------

  ALTER TABLE "CGV_DB"."MY_LOST" ADD CONSTRAINT "PK_MY_LOST" PRIMARY KEY ("USER_ID", "LOST_ID")
  USING INDEX PCTFREE 10 INITRANS 2 MAXTRANS 255 COMPUTE STATISTICS 
  STORAGE(INITIAL 65536 NEXT 1048576 MINEXTENTS 1 MAXEXTENTS 2147483645
  PCTINCREASE 0 FREELISTS 1 FREELIST GROUPS 1 BUFFER_POOL DEFAULT FLASH_CACHE DEFAULT CELL_FLASH_CACHE DEFAULT)
  TABLESPACE "SYSTEM"  ENABLE;
  ALTER TABLE "CGV_DB"."MY_LOST" MODIFY ("LOST_DATE" NOT NULL ENABLE);
  ALTER TABLE "CGV_DB"."MY_LOST" MODIFY ("LOST_CONTENT" NOT NULL ENABLE);
  ALTER TABLE "CGV_DB"."MY_LOST" MODIFY ("CINEMA_ID" NOT NULL ENABLE);
  ALTER TABLE "CGV_DB"."MY_LOST" MODIFY ("LOST_ID" NOT NULL ENABLE);
  ALTER TABLE "CGV_DB"."MY_LOST" MODIFY ("USER_ID" NOT NULL ENABLE);
--------------------------------------------------------
--  Constraints for Table EVENT
--------------------------------------------------------

  ALTER TABLE "CGV_DB"."EVENT" ADD CONSTRAINT "PK_EVENT" PRIMARY KEY ("EVENT_ID")
  USING INDEX PCTFREE 10 INITRANS 2 MAXTRANS 255 COMPUTE STATISTICS 
  STORAGE(INITIAL 65536 NEXT 1048576 MINEXTENTS 1 MAXEXTENTS 2147483645
  PCTINCREASE 0 FREELISTS 1 FREELIST GROUPS 1 BUFFER_POOL DEFAULT FLASH_CACHE DEFAULT CELL_FLASH_CACHE DEFAULT)
  TABLESPACE "SYSTEM"  ENABLE;
  ALTER TABLE "CGV_DB"."EVENT" MODIFY ("EVENT_PERIOD" NOT NULL ENABLE);
  ALTER TABLE "CGV_DB"."EVENT" MODIFY ("EVENT_TITLE" NOT NULL ENABLE);
  ALTER TABLE "CGV_DB"."EVENT" MODIFY ("EVENT_ID" NOT NULL ENABLE);
  ALTER TABLE "CGV_DB"."EVENT" MODIFY ("EVENT_CATE" NOT NULL ENABLE);
--------------------------------------------------------
--  Constraints for Table STORE_ORDER
--------------------------------------------------------

  ALTER TABLE "CGV_DB"."STORE_ORDER" ADD CONSTRAINT "PK_STORE_ORDER" PRIMARY KEY ("ST_ORDER_ID")
  USING INDEX PCTFREE 10 INITRANS 2 MAXTRANS 255 COMPUTE STATISTICS 
  STORAGE(INITIAL 65536 NEXT 1048576 MINEXTENTS 1 MAXEXTENTS 2147483645
  PCTINCREASE 0 FREELISTS 1 FREELIST GROUPS 1 BUFFER_POOL DEFAULT FLASH_CACHE DEFAULT CELL_FLASH_CACHE DEFAULT)
  TABLESPACE "SYSTEM"  ENABLE;
  ALTER TABLE "CGV_DB"."STORE_ORDER" MODIFY ("ST_ORDER_ID" NOT NULL ENABLE);
--------------------------------------------------------
--  Constraints for Table CGV_COUP
--------------------------------------------------------

  ALTER TABLE "CGV_DB"."CGV_COUP" ADD CONSTRAINT "PK_CGV_COUP" PRIMARY KEY ("USER_ID", "COUP_ID")
  USING INDEX PCTFREE 10 INITRANS 2 MAXTRANS 255 COMPUTE STATISTICS 
  STORAGE(INITIAL 65536 NEXT 1048576 MINEXTENTS 1 MAXEXTENTS 2147483645
  PCTINCREASE 0 FREELISTS 1 FREELIST GROUPS 1 BUFFER_POOL DEFAULT FLASH_CACHE DEFAULT CELL_FLASH_CACHE DEFAULT)
  TABLESPACE "SYSTEM"  ENABLE;
  ALTER TABLE "CGV_DB"."CGV_COUP" MODIFY ("COUP_ID" NOT NULL ENABLE);
  ALTER TABLE "CGV_DB"."CGV_COUP" MODIFY ("USER_ID" NOT NULL ENABLE);
--------------------------------------------------------
--  Constraints for Table THEATER
--------------------------------------------------------

  ALTER TABLE "CGV_DB"."THEATER" ADD CONSTRAINT "PK_THEATER" PRIMARY KEY ("THEATER_ID")
  USING INDEX PCTFREE 10 INITRANS 2 MAXTRANS 255 COMPUTE STATISTICS 
  STORAGE(INITIAL 65536 NEXT 1048576 MINEXTENTS 1 MAXEXTENTS 2147483645
  PCTINCREASE 0 FREELISTS 1 FREELIST GROUPS 1 BUFFER_POOL DEFAULT FLASH_CACHE DEFAULT CELL_FLASH_CACHE DEFAULT)
  TABLESPACE "SYSTEM"  ENABLE;
  ALTER TABLE "CGV_DB"."THEATER" MODIFY ("TT_ADR" NOT NULL ENABLE);
  ALTER TABLE "CGV_DB"."THEATER" MODIFY ("TT_NAME" NOT NULL ENABLE);
  ALTER TABLE "CGV_DB"."THEATER" MODIFY ("REGION_ID" NOT NULL ENABLE);
  ALTER TABLE "CGV_DB"."THEATER" MODIFY ("THEATER_ID" NOT NULL ENABLE);
--------------------------------------------------------
--  Constraints for Table USER_INFO
--------------------------------------------------------

  ALTER TABLE "CGV_DB"."USER_INFO" ADD CONSTRAINT "CK_USER_INFO_NICKNAME" CHECK (REGEXP_LIKE(nickname, '^[가-Ra-zA-Z0-9]{1,10}$')) ENABLE;
  ALTER TABLE "CGV_DB"."USER_INFO" ADD CONSTRAINT "CK_USER_INFO_EMAIL" CHECK (REGEXP_LIKE(email, '^([a-z0-9_\.-]+)@([\da-z\.-]+)\.([a-z\.]{2,6})$')) ENABLE;
  ALTER TABLE "CGV_DB"."USER_INFO" ADD CONSTRAINT "CK_USER_INFO_USER_ID" CHECK (REGEXP_LIKE (USER_ID,'^[a-z0-9]{6,12}$')) ENABLE;
  ALTER TABLE "CGV_DB"."USER_INFO" ADD CONSTRAINT "PK_USER_INFO" PRIMARY KEY ("USER_ID")
  USING INDEX PCTFREE 10 INITRANS 2 MAXTRANS 255 COMPUTE STATISTICS 
  STORAGE(INITIAL 65536 NEXT 1048576 MINEXTENTS 1 MAXEXTENTS 2147483645
  PCTINCREASE 0 FREELISTS 1 FREELIST GROUPS 1 BUFFER_POOL DEFAULT FLASH_CACHE DEFAULT CELL_FLASH_CACHE DEFAULT)
  TABLESPACE "SYSTEM"  ENABLE;
  ALTER TABLE "CGV_DB"."USER_INFO" MODIFY ("USER_CJPOINT" NOT NULL ENABLE);
  ALTER TABLE "CGV_DB"."USER_INFO" MODIFY ("TEL" NOT NULL ENABLE);
  ALTER TABLE "CGV_DB"."USER_INFO" MODIFY ("VIPGRADE" NOT NULL ENABLE);
  ALTER TABLE "CGV_DB"."USER_INFO" MODIFY ("GENDER" NOT NULL ENABLE);
  ALTER TABLE "CGV_DB"."USER_INFO" MODIFY ("EMAIL" NOT NULL ENABLE);
  ALTER TABLE "CGV_DB"."USER_INFO" MODIFY ("BIRTH" NOT NULL ENABLE);
  ALTER TABLE "CGV_DB"."USER_INFO" MODIFY ("NICKNAME" NOT NULL ENABLE);
  ALTER TABLE "CGV_DB"."USER_INFO" MODIFY ("USER_PWD" NOT NULL ENABLE);
  ALTER TABLE "CGV_DB"."USER_INFO" MODIFY ("USER_NAME" NOT NULL ENABLE);
  ALTER TABLE "CGV_DB"."USER_INFO" MODIFY ("USER_ID" NOT NULL ENABLE);
--------------------------------------------------------
--  Constraints for Table MOVIE_RS
--------------------------------------------------------

  ALTER TABLE "CGV_DB"."MOVIE_RS" ADD CONSTRAINT "PK_MOVIE_RS" PRIMARY KEY ("MVRS_ID")
  USING INDEX PCTFREE 10 INITRANS 2 MAXTRANS 255 COMPUTE STATISTICS 
  STORAGE(INITIAL 65536 NEXT 1048576 MINEXTENTS 1 MAXEXTENTS 2147483645
  PCTINCREASE 0 FREELISTS 1 FREELIST GROUPS 1 BUFFER_POOL DEFAULT FLASH_CACHE DEFAULT CELL_FLASH_CACHE DEFAULT)
  TABLESPACE "SYSTEM"  ENABLE;
  ALTER TABLE "CGV_DB"."MOVIE_RS" MODIFY ("SCREEN_ID" NOT NULL ENABLE);
  ALTER TABLE "CGV_DB"."MOVIE_RS" MODIFY ("MVRS_PRICE" NOT NULL ENABLE);
  ALTER TABLE "CGV_DB"."MOVIE_RS" MODIFY ("MVRS_DATE" NOT NULL ENABLE);
  ALTER TABLE "CGV_DB"."MOVIE_RS" MODIFY ("USER_ID" NOT NULL ENABLE);
  ALTER TABLE "CGV_DB"."MOVIE_RS" MODIFY ("SHOW_ID" NOT NULL ENABLE);
  ALTER TABLE "CGV_DB"."MOVIE_RS" MODIFY ("MVRS_ID" NOT NULL ENABLE);
--------------------------------------------------------
--  Constraints for Table WISH_MOVIE
--------------------------------------------------------

  ALTER TABLE "CGV_DB"."WISH_MOVIE" ADD CONSTRAINT "PK_WISH_MOVIE" PRIMARY KEY ("USER_ID")
  USING INDEX PCTFREE 10 INITRANS 2 MAXTRANS 255 COMPUTE STATISTICS 
  STORAGE(INITIAL 65536 NEXT 1048576 MINEXTENTS 1 MAXEXTENTS 2147483645
  PCTINCREASE 0 FREELISTS 1 FREELIST GROUPS 1 BUFFER_POOL DEFAULT FLASH_CACHE DEFAULT CELL_FLASH_CACHE DEFAULT)
  TABLESPACE "SYSTEM"  ENABLE;
  ALTER TABLE "CGV_DB"."WISH_MOVIE" MODIFY ("MV_ID" NOT NULL ENABLE);
  ALTER TABLE "CGV_DB"."WISH_MOVIE" MODIFY ("USER_ID" NOT NULL ENABLE);
--------------------------------------------------------
--  Constraints for Table M_DIRECTOR
--------------------------------------------------------

  ALTER TABLE "CGV_DB"."M_DIRECTOR" ADD CONSTRAINT "PK_M_DIRECTOR" PRIMARY KEY ("M_ID")
  USING INDEX PCTFREE 10 INITRANS 2 MAXTRANS 255 COMPUTE STATISTICS 
  STORAGE(INITIAL 65536 NEXT 1048576 MINEXTENTS 1 MAXEXTENTS 2147483645
  PCTINCREASE 0 FREELISTS 1 FREELIST GROUPS 1 BUFFER_POOL DEFAULT FLASH_CACHE DEFAULT CELL_FLASH_CACHE DEFAULT)
  TABLESPACE "SYSTEM"  ENABLE;
  ALTER TABLE "CGV_DB"."M_DIRECTOR" MODIFY ("MV_ID" NOT NULL ENABLE);
  ALTER TABLE "CGV_DB"."M_DIRECTOR" MODIFY ("DT_ID" NOT NULL ENABLE);
  ALTER TABLE "CGV_DB"."M_DIRECTOR" MODIFY ("M_ID" NOT NULL ENABLE);
--------------------------------------------------------
--  Constraints for Table SCREEN_CAT
--------------------------------------------------------

  ALTER TABLE "CGV_DB"."SCREEN_CAT" ADD CONSTRAINT "PK_SCREEN_CAT" PRIMARY KEY ("SCREEN_CATEGORY_ID")
  USING INDEX PCTFREE 10 INITRANS 2 MAXTRANS 255 COMPUTE STATISTICS 
  STORAGE(INITIAL 65536 NEXT 1048576 MINEXTENTS 1 MAXEXTENTS 2147483645
  PCTINCREASE 0 FREELISTS 1 FREELIST GROUPS 1 BUFFER_POOL DEFAULT FLASH_CACHE DEFAULT CELL_FLASH_CACHE DEFAULT)
  TABLESPACE "SYSTEM"  ENABLE;
  ALTER TABLE "CGV_DB"."SCREEN_CAT" MODIFY ("SCREEN_CATEGORY" NOT NULL ENABLE);
  ALTER TABLE "CGV_DB"."SCREEN_CAT" MODIFY ("SCREEN_CATEGORY_ID" NOT NULL ENABLE);
--------------------------------------------------------
--  Constraints for Table BASKET_ID
--------------------------------------------------------

  ALTER TABLE "CGV_DB"."BASKET_ID" ADD CONSTRAINT "UK_BASKET_ID" UNIQUE ("USER_ID")
  USING INDEX PCTFREE 10 INITRANS 2 MAXTRANS 255 COMPUTE STATISTICS 
  STORAGE(INITIAL 65536 NEXT 1048576 MINEXTENTS 1 MAXEXTENTS 2147483645
  PCTINCREASE 0 FREELISTS 1 FREELIST GROUPS 1 BUFFER_POOL DEFAULT FLASH_CACHE DEFAULT CELL_FLASH_CACHE DEFAULT)
  TABLESPACE "SYSTEM"  ENABLE;
  ALTER TABLE "CGV_DB"."BASKET_ID" ADD CONSTRAINT "PK_BASKET_ID" PRIMARY KEY ("BASKET_ID")
  USING INDEX PCTFREE 10 INITRANS 2 MAXTRANS 255 COMPUTE STATISTICS 
  STORAGE(INITIAL 65536 NEXT 1048576 MINEXTENTS 1 MAXEXTENTS 2147483645
  PCTINCREASE 0 FREELISTS 1 FREELIST GROUPS 1 BUFFER_POOL DEFAULT FLASH_CACHE DEFAULT CELL_FLASH_CACHE DEFAULT)
  TABLESPACE "SYSTEM"  ENABLE;
  ALTER TABLE "CGV_DB"."BASKET_ID" MODIFY ("BASKET_ID" NOT NULL ENABLE);
--------------------------------------------------------
--  Constraints for Table MY_QNA
--------------------------------------------------------

  ALTER TABLE "CGV_DB"."MY_QNA" ADD CONSTRAINT "PK_MY_QNA" PRIMARY KEY ("USER_ID", "QNA_ID")
  USING INDEX PCTFREE 10 INITRANS 2 MAXTRANS 255 COMPUTE STATISTICS 
  STORAGE(INITIAL 65536 NEXT 1048576 MINEXTENTS 1 MAXEXTENTS 2147483645
  PCTINCREASE 0 FREELISTS 1 FREELIST GROUPS 1 BUFFER_POOL DEFAULT FLASH_CACHE DEFAULT CELL_FLASH_CACHE DEFAULT)
  TABLESPACE "SYSTEM"  ENABLE;
  ALTER TABLE "CGV_DB"."MY_QNA" MODIFY ("QNA_STATE" NOT NULL ENABLE);
  ALTER TABLE "CGV_DB"."MY_QNA" MODIFY ("QNA_DATE" NOT NULL ENABLE);
  ALTER TABLE "CGV_DB"."MY_QNA" MODIFY ("QNA_CONTENT" NOT NULL ENABLE);
  ALTER TABLE "CGV_DB"."MY_QNA" MODIFY ("QNA_TITLE" NOT NULL ENABLE);
  ALTER TABLE "CGV_DB"."MY_QNA" MODIFY ("QNA_TYPE" NOT NULL ENABLE);
  ALTER TABLE "CGV_DB"."MY_QNA" MODIFY ("QNA_ID" NOT NULL ENABLE);
  ALTER TABLE "CGV_DB"."MY_QNA" MODIFY ("USER_ID" NOT NULL ENABLE);
--------------------------------------------------------
--  Ref Constraints for Table BASKET
--------------------------------------------------------

  ALTER TABLE "CGV_DB"."BASKET" ADD CONSTRAINT "FK_BASKET_ID_TO_BASKET" FOREIGN KEY ("BASKET_ID")
	  REFERENCES "CGV_DB"."BASKET_ID" ("BASKET_ID") ENABLE;
  ALTER TABLE "CGV_DB"."BASKET" ADD CONSTRAINT "FK_STORE_TO_BASKET" FOREIGN KEY ("STORE_ID")
	  REFERENCES "CGV_DB"."STORE" ("STORE_ID") ENABLE;
--------------------------------------------------------
--  Ref Constraints for Table BASKET_ID
--------------------------------------------------------

  ALTER TABLE "CGV_DB"."BASKET_ID" ADD CONSTRAINT "FK_USER_INFO_TO_BASKET_ID" FOREIGN KEY ("USER_ID")
	  REFERENCES "CGV_DB"."USER_INFO" ("USER_ID") ENABLE;
--------------------------------------------------------
--  Ref Constraints for Table BOOKMARK_CGV
--------------------------------------------------------

  ALTER TABLE "CGV_DB"."BOOKMARK_CGV" ADD CONSTRAINT "FK_THEATER_TO_BOOKMARK_CGV" FOREIGN KEY ("CINEMA_ID1")
	  REFERENCES "CGV_DB"."THEATER" ("THEATER_ID") ENABLE;
  ALTER TABLE "CGV_DB"."BOOKMARK_CGV" ADD CONSTRAINT "FK_THEATER_TO_BOOKMARK_CGV2" FOREIGN KEY ("CINEMA_ID2")
	  REFERENCES "CGV_DB"."THEATER" ("THEATER_ID") ENABLE;
  ALTER TABLE "CGV_DB"."BOOKMARK_CGV" ADD CONSTRAINT "FK_THEATER_TO_BOOKMARK_CGV3" FOREIGN KEY ("CINEMA_ID3")
	  REFERENCES "CGV_DB"."THEATER" ("THEATER_ID") ENABLE;
  ALTER TABLE "CGV_DB"."BOOKMARK_CGV" ADD CONSTRAINT "FK_THEATER_TO_BOOKMARK_CGV4" FOREIGN KEY ("CINEMA_ID4")
	  REFERENCES "CGV_DB"."THEATER" ("THEATER_ID") ENABLE;
  ALTER TABLE "CGV_DB"."BOOKMARK_CGV" ADD CONSTRAINT "FK_THEATER_TO_BOOKMARK_CGV5" FOREIGN KEY ("CINEMA_ID5")
	  REFERENCES "CGV_DB"."THEATER" ("THEATER_ID") ENABLE;
  ALTER TABLE "CGV_DB"."BOOKMARK_CGV" ADD CONSTRAINT "FK_USER_INFO_TO_BOOKMARK_CGV" FOREIGN KEY ("USER_ID")
	  REFERENCES "CGV_DB"."USER_INFO" ("USER_ID") ENABLE;
--------------------------------------------------------
--  Ref Constraints for Table CGV_CLUB
--------------------------------------------------------

  ALTER TABLE "CGV_DB"."CGV_CLUB" ADD CONSTRAINT "FK_USER_INFO_TO_CGV_CLUB" FOREIGN KEY ("USER_ID")
	  REFERENCES "CGV_DB"."USER_INFO" ("USER_ID") ENABLE;
--------------------------------------------------------
--  Ref Constraints for Table CGV_COUP
--------------------------------------------------------

  ALTER TABLE "CGV_DB"."CGV_COUP" ADD CONSTRAINT "FK_COUP_CATEGORY_TO_CGV_COUP" FOREIGN KEY ("COUP_ID")
	  REFERENCES "CGV_DB"."COUP_CATEGORY" ("COUP_ID") ENABLE;
  ALTER TABLE "CGV_DB"."CGV_COUP" ADD CONSTRAINT "FK_USER_INFO_TO_CGV_COUP" FOREIGN KEY ("USER_ID")
	  REFERENCES "CGV_DB"."USER_INFO" ("USER_ID") ENABLE;
--------------------------------------------------------
--  Ref Constraints for Table CGV_GIFTCARD
--------------------------------------------------------

  ALTER TABLE "CGV_DB"."CGV_GIFTCARD" ADD CONSTRAINT "FK_CARD_ID_TO_CGV_GIFTCARD" FOREIGN KEY ("CARD_ID")
	  REFERENCES "CGV_DB"."CARD_CATEGORY" ("CARD_ID") ENABLE;
  ALTER TABLE "CGV_DB"."CGV_GIFTCARD" ADD CONSTRAINT "FK_USER_INFO_TO_CGV_GIFTCARD" FOREIGN KEY ("USER_ID")
	  REFERENCES "CGV_DB"."USER_INFO" ("USER_ID") ENABLE;
--------------------------------------------------------
--  Ref Constraints for Table CGV_REDCARD
--------------------------------------------------------

  ALTER TABLE "CGV_DB"."CGV_REDCARD" ADD CONSTRAINT "FK_MOVIE_TO_CGV_REDCARD" FOREIGN KEY ("MV_ID")
	  REFERENCES "CGV_DB"."MOVIE" ("MV_ID") ENABLE;
  ALTER TABLE "CGV_DB"."CGV_REDCARD" ADD CONSTRAINT "FK_USER_INFO_TO_CGV_REDCARD" FOREIGN KEY ("USER_ID")
	  REFERENCES "CGV_DB"."USER_INFO" ("USER_ID") ENABLE;
--------------------------------------------------------
--  Ref Constraints for Table CJONE_COUP
--------------------------------------------------------

  ALTER TABLE "CGV_DB"."CJONE_COUP" ADD CONSTRAINT "FK_COUP_CATEGORY_TO_CJONE_COUP" FOREIGN KEY ("COUP_ID")
	  REFERENCES "CGV_DB"."COUP_CATEGORY" ("COUP_ID") ENABLE;
  ALTER TABLE "CGV_DB"."CJONE_COUP" ADD CONSTRAINT "FK_USER_INFO_TO_CJONE_COUP" FOREIGN KEY ("USER_ID")
	  REFERENCES "CGV_DB"."USER_INFO" ("USER_ID") ENABLE;
--------------------------------------------------------
--  Ref Constraints for Table CJ_POINT
--------------------------------------------------------

  ALTER TABLE "CGV_DB"."CJ_POINT" ADD CONSTRAINT "FK_USER_INFO_TO_CJ_POINT" FOREIGN KEY ("USER_ID")
	  REFERENCES "CGV_DB"."USER_INFO" ("USER_ID") ENABLE;
--------------------------------------------------------
--  Ref Constraints for Table C_ACTOR
--------------------------------------------------------

  ALTER TABLE "CGV_DB"."C_ACTOR" ADD CONSTRAINT "FK_ACTOR_TO_C_ACTOR" FOREIGN KEY ("ACT_ID")
	  REFERENCES "CGV_DB"."ACTOR" ("ACT_ID") ENABLE;
  ALTER TABLE "CGV_DB"."C_ACTOR" ADD CONSTRAINT "FK_MOVIE_TO_C_ACTOR" FOREIGN KEY ("MV_ID")
	  REFERENCES "CGV_DB"."MOVIE" ("MV_ID") ENABLE;
--------------------------------------------------------
--  Ref Constraints for Table EVENT
--------------------------------------------------------

  ALTER TABLE "CGV_DB"."EVENT" ADD CONSTRAINT "FK_THEATER_TO_EVENT" FOREIGN KEY ("THEATER_ID")
	  REFERENCES "CGV_DB"."THEATER" ("THEATER_ID") ENABLE;
--------------------------------------------------------
--  Ref Constraints for Table EVENT_PART
--------------------------------------------------------

  ALTER TABLE "CGV_DB"."EVENT_PART" ADD CONSTRAINT "FK_EVENT_TO_EVENT_PART" FOREIGN KEY ("EVENT_ID")
	  REFERENCES "CGV_DB"."EVENT" ("EVENT_ID") ENABLE;
  ALTER TABLE "CGV_DB"."EVENT_PART" ADD CONSTRAINT "FK_USER_INFO_TO_EVENT_PART" FOREIGN KEY ("USER_ID")
	  REFERENCES "CGV_DB"."USER_INFO" ("USER_ID") ENABLE;
--------------------------------------------------------
--  Ref Constraints for Table MOVIE_PAY
--------------------------------------------------------

  ALTER TABLE "CGV_DB"."MOVIE_PAY" ADD CONSTRAINT "FK_DIS_CARD_TO_MOVIE_PAY" FOREIGN KEY ("PAY_WAY")
	  REFERENCES "CGV_DB"."DIS_CARD" ("CARD_ID") ENABLE;
  ALTER TABLE "CGV_DB"."MOVIE_PAY" ADD CONSTRAINT "FK_GIFTCARD_TO_MOVIE_PAY" FOREIGN KEY ("GIFTCARD_ID")
	  REFERENCES "CGV_DB"."GIFTCARD" ("GIFTCARD_ID") ENABLE;
  ALTER TABLE "CGV_DB"."MOVIE_PAY" ADD CONSTRAINT "FK_MOVIE_RS_TO_MOVIE_PAY" FOREIGN KEY ("MVRS_ID")
	  REFERENCES "CGV_DB"."MOVIE_RS" ("MVRS_ID") ENABLE;
  ALTER TABLE "CGV_DB"."MOVIE_PAY" ADD CONSTRAINT "FK_SHOW_TO_MOVIE_PAY" FOREIGN KEY ("SHOW_ID")
	  REFERENCES "CGV_DB"."SHOW" ("SHOW_ID") ENABLE;
  ALTER TABLE "CGV_DB"."MOVIE_PAY" ADD CONSTRAINT "FK_USER_INFO_TO_MOVIE_PAY" FOREIGN KEY ("USER_ID")
	  REFERENCES "CGV_DB"."USER_INFO" ("USER_ID") ENABLE;
--------------------------------------------------------
--  Ref Constraints for Table MOVIE_RS
--------------------------------------------------------

  ALTER TABLE "CGV_DB"."MOVIE_RS" ADD CONSTRAINT "FK_SHOW_TO_MOVIE_RS" FOREIGN KEY ("SHOW_ID")
	  REFERENCES "CGV_DB"."SHOW" ("SHOW_ID") ENABLE;
  ALTER TABLE "CGV_DB"."MOVIE_RS" ADD CONSTRAINT "FK_USER_INFO_TO_MOVIE_RS" FOREIGN KEY ("USER_ID")
	  REFERENCES "CGV_DB"."USER_INFO" ("USER_ID") ENABLE;
--------------------------------------------------------
--  Ref Constraints for Table MY_LOST
--------------------------------------------------------

  ALTER TABLE "CGV_DB"."MY_LOST" ADD CONSTRAINT "FK_USER_INFO_TO_MY_LOST" FOREIGN KEY ("USER_ID")
	  REFERENCES "CGV_DB"."USER_INFO" ("USER_ID") ENABLE;
--------------------------------------------------------
--  Ref Constraints for Table MY_QNA
--------------------------------------------------------

  ALTER TABLE "CGV_DB"."MY_QNA" ADD CONSTRAINT "FK_USER_INFO_TO_MY_QNA" FOREIGN KEY ("USER_ID")
	  REFERENCES "CGV_DB"."USER_INFO" ("USER_ID") ENABLE;
--------------------------------------------------------
--  Ref Constraints for Table MY_REVIEW
--------------------------------------------------------

  ALTER TABLE "CGV_DB"."MY_REVIEW" ADD CONSTRAINT "FK_MOVIE_TO_MY_REVIEW" FOREIGN KEY ("MV_ID")
	  REFERENCES "CGV_DB"."MOVIE" ("MV_ID") ENABLE;
  ALTER TABLE "CGV_DB"."MY_REVIEW" ADD CONSTRAINT "FK_USER_INFO_TO_MY_REVIEW" FOREIGN KEY ("USER_ID")
	  REFERENCES "CGV_DB"."USER_INFO" ("USER_ID") ENABLE;
--------------------------------------------------------
--  Ref Constraints for Table M_DIRECTOR
--------------------------------------------------------

  ALTER TABLE "CGV_DB"."M_DIRECTOR" ADD CONSTRAINT "FK_DIRECTOR_TO_M_DIRECTOR" FOREIGN KEY ("DT_ID")
	  REFERENCES "CGV_DB"."DIRECTOR" ("DT_ID") ENABLE;
  ALTER TABLE "CGV_DB"."M_DIRECTOR" ADD CONSTRAINT "FK_MOVIE_TO_M_DIRECTOR" FOREIGN KEY ("MV_ID")
	  REFERENCES "CGV_DB"."MOVIE" ("MV_ID") ENABLE;
--------------------------------------------------------
--  Ref Constraints for Table PAYCARD_COUP
--------------------------------------------------------

  ALTER TABLE "CGV_DB"."PAYCARD_COUP" ADD CONSTRAINT "FK_COUP_ID_TO_PAYCARD_COUP" FOREIGN KEY ("COUP_ID")
	  REFERENCES "CGV_DB"."COUP_CATEGORY" ("COUP_ID") ENABLE;
  ALTER TABLE "CGV_DB"."PAYCARD_COUP" ADD CONSTRAINT "FK_USER_INFO_TO_PAYCARD_COUP" FOREIGN KEY ("USER_ID")
	  REFERENCES "CGV_DB"."USER_INFO" ("USER_ID") ENABLE;
--------------------------------------------------------
--  Ref Constraints for Table POINT_HISTORY
--------------------------------------------------------

  ALTER TABLE "CGV_DB"."POINT_HISTORY" ADD CONSTRAINT "FK_USER" FOREIGN KEY ("USER_ID")
	  REFERENCES "CGV_DB"."USER_INFO" ("USER_ID") ENABLE;
--------------------------------------------------------
--  Ref Constraints for Table SCREEN
--------------------------------------------------------

  ALTER TABLE "CGV_DB"."SCREEN" ADD CONSTRAINT "FK_SCREEN_CAT_TO_SCREEN" FOREIGN KEY ("SCREEN_CATEGORY_ID")
	  REFERENCES "CGV_DB"."SCREEN_CAT" ("SCREEN_CATEGORY_ID") ENABLE;
  ALTER TABLE "CGV_DB"."SCREEN" ADD CONSTRAINT "FK_THEATER_TO_SCREEN" FOREIGN KEY ("THEATER_ID")
	  REFERENCES "CGV_DB"."THEATER" ("THEATER_ID") ENABLE;
--------------------------------------------------------
--  Ref Constraints for Table SEAT
--------------------------------------------------------

  ALTER TABLE "CGV_DB"."SEAT" ADD CONSTRAINT "FK_SCREEN_TO_SEAT" FOREIGN KEY ("SCREEN_ID")
	  REFERENCES "CGV_DB"."SCREEN" ("SCREEN_ID") ENABLE;
--------------------------------------------------------
--  Ref Constraints for Table SEAT_RS
--------------------------------------------------------

  ALTER TABLE "CGV_DB"."SEAT_RS" ADD CONSTRAINT "FK_MOVIE_RS_TO_SEAT_RS" FOREIGN KEY ("MVRS_ID")
	  REFERENCES "CGV_DB"."MOVIE_RS" ("MVRS_ID") ENABLE;
  ALTER TABLE "CGV_DB"."SEAT_RS" ADD CONSTRAINT "FK_SEAT_TO_SEAT_RS" FOREIGN KEY ("SCREEN_ID", "SEAT_CODE")
	  REFERENCES "CGV_DB"."SEAT" ("SCREEN_ID", "SEAT_CODE") ENABLE;
--------------------------------------------------------
--  Ref Constraints for Table SHOW
--------------------------------------------------------

  ALTER TABLE "CGV_DB"."SHOW" ADD CONSTRAINT "FK_MOVIE_TO_SHOW" FOREIGN KEY ("MOVIE_ID")
	  REFERENCES "CGV_DB"."MOVIE" ("MV_ID") ENABLE;
  ALTER TABLE "CGV_DB"."SHOW" ADD CONSTRAINT "FK_SCREEN_TO_SHOW" FOREIGN KEY ("SCREEN_ID")
	  REFERENCES "CGV_DB"."SCREEN" ("SCREEN_ID") ENABLE;
--------------------------------------------------------
--  Ref Constraints for Table STORE_ORDER
--------------------------------------------------------

  ALTER TABLE "CGV_DB"."STORE_ORDER" ADD CONSTRAINT "FK_BASKET_ID_TO_STORE_ORDER" FOREIGN KEY ("BASKET_ID")
	  REFERENCES "CGV_DB"."BASKET_ID" ("BASKET_ID") ENABLE;
  ALTER TABLE "CGV_DB"."STORE_ORDER" ADD CONSTRAINT "FK_STORE_TO_STORE_ORDER" FOREIGN KEY ("STORE_ID")
	  REFERENCES "CGV_DB"."STORE" ("STORE_ID") ENABLE;
  ALTER TABLE "CGV_DB"."STORE_ORDER" ADD CONSTRAINT "FK_USER_INFO_TO_STORE_ORDER" FOREIGN KEY ("USER_ID")
	  REFERENCES "CGV_DB"."USER_INFO" ("USER_ID") ENABLE;
--------------------------------------------------------
--  Ref Constraints for Table STORE_PAYMENT
--------------------------------------------------------

  ALTER TABLE "CGV_DB"."STORE_PAYMENT" ADD CONSTRAINT "FK_STORE_PAYMENT" FOREIGN KEY ("ST_ORDER_ID")
	  REFERENCES "CGV_DB"."STORE_ORDER" ("ST_ORDER_ID") ENABLE;
--------------------------------------------------------
--  Ref Constraints for Table THEATER
--------------------------------------------------------

  ALTER TABLE "CGV_DB"."THEATER" ADD CONSTRAINT "FK_REGION_TO_THEATER" FOREIGN KEY ("REGION_ID")
	  REFERENCES "CGV_DB"."REGION" ("REGION_ID") ENABLE;
--------------------------------------------------------
--  Ref Constraints for Table TRAILER
--------------------------------------------------------

  ALTER TABLE "CGV_DB"."TRAILER" ADD CONSTRAINT "FK_MOVIE_TO_TRAILER" FOREIGN KEY ("MV_ID")
	  REFERENCES "CGV_DB"."MOVIE" ("MV_ID") ENABLE;
--------------------------------------------------------
--  Ref Constraints for Table VIEW_HISTORY
--------------------------------------------------------

  ALTER TABLE "CGV_DB"."VIEW_HISTORY" ADD CONSTRAINT "FK_MOVIE_TO_VIEW_HISTORY" FOREIGN KEY ("MV_ID")
	  REFERENCES "CGV_DB"."MOVIE" ("MV_ID") ENABLE;
  ALTER TABLE "CGV_DB"."VIEW_HISTORY" ADD CONSTRAINT "FK_USER_INFO_TO_VIEW_HISTORY" FOREIGN KEY ("USER_ID")
	  REFERENCES "CGV_DB"."USER_INFO" ("USER_ID") ENABLE;
--------------------------------------------------------
--  Ref Constraints for Table VIP_GRADE
--------------------------------------------------------

  ALTER TABLE "CGV_DB"."VIP_GRADE" ADD CONSTRAINT "FK_USER_INFO_TO_VIP_GRADE" FOREIGN KEY ("USER_ID")
	  REFERENCES "CGV_DB"."USER_INFO" ("USER_ID") ENABLE;
--------------------------------------------------------
--  Ref Constraints for Table WINNER
--------------------------------------------------------

  ALTER TABLE "CGV_DB"."WINNER" ADD CONSTRAINT "FK_EVENT_PART_TO_WINNER" FOREIGN KEY ("USER_ID", "EVENT_ID2")
	  REFERENCES "CGV_DB"."EVENT_PART" ("USER_ID", "EVENT_ID") ENABLE;
  ALTER TABLE "CGV_DB"."WINNER" ADD CONSTRAINT "FK_EVENT_TO_WINNER" FOREIGN KEY ("EVENT_ID2")
	  REFERENCES "CGV_DB"."EVENT" ("EVENT_ID") ENABLE;
--------------------------------------------------------
--  Ref Constraints for Table WISH_MOVIE
--------------------------------------------------------

  ALTER TABLE "CGV_DB"."WISH_MOVIE" ADD CONSTRAINT "FK_MOVIE_TO_WISH_MOVIE" FOREIGN KEY ("MV_ID")
	  REFERENCES "CGV_DB"."MOVIE" ("MV_ID") ENABLE;
  ALTER TABLE "CGV_DB"."WISH_MOVIE" ADD CONSTRAINT "FK_USER_INFO_TO_WISH_MOVIE" FOREIGN KEY ("USER_ID")
	  REFERENCES "CGV_DB"."USER_INFO" ("USER_ID") ENABLE;
